line	baselineClassification	classification	logical	remaining	steps	patterns	givens	stalledGrid	image	incorrectStep	incorrectElimination	incorrectCandidateLoss
1	Unique	Unique	false	55	28	HiddenSingle,LockedCandidatesPointing,NakedTriple,NakedSingle,ClaimingBoxLineReduction,NakedPair,HiddenPair,UniqueRectangle,FinnedXWing	4...3.......6..8..........1....5..9..8....6...7.2........1.27..5.3....4.9........	4...3.......6..8..........1....5..9..8....6...7.2........1927..513...942927.4.1..	failures/top1465-0001.png	-	-	-
2	Unique	Unique	false	62	7	HiddenSingle,LockedCandidatesPointing,HiddenPair	7.8...3.....2.1...5.........4.....263...8.......1...9..9.6....4....7.5...........	7.8...3.....2.1...5.........4.....263...8.......1...93.9.6....4....7.5...........	failures/top1465-0002.png	-	-	-
3	Unique	Unique	false	62	7	HiddenSingle,LockedCandidatesPointing,HiddenPair	7.8...3.....6.1...5.........4.....263...8.......1...9..9.2....4....7.5...........	7.8...3.....6.1...5.........4.....263...8.......1...93.9.2....4....7.5...........	failures/top1465-0003.png	-	-	-
4	Unique	Unique	true	0	84	HiddenSingle,LockedCandidatesPointing,NakedSingle,NakedTriple,ClaimingBoxLineReduction,NakedQuad	3.7.4...........918........4.....7.....16.......25..........38..9....5...2.6.....	317849265245736891869512473456398712732164958981257634174925386693481527528673149	-	-	-	-
5	Unique	Unique	true	0	78	HiddenSingle,LockedCandidatesPointing,NakedTriple,ClaimingBoxLineReduction,NakedQuad,NakedSingle,NakedPair	5..7..6....38...........2..62.4............917............35.8.4.....1......9....	582743619963821547174956238621479853348562791795318426217635984439287165856194372	-	-	-	-
6	Unique	Unique	true	0	78	HiddenSingle,LockedCandidatesPointing,NakedTriple,ClaimingBoxLineReduction,NakedQuad,NakedSingle,NakedPair	4..7..6....38...........2..62.5............917............43.8.5.....1......9....	482731659963852417175964238621579843358426791794318526217643985539287164846195372	-	-	-	-
7	Unique	Unique	false	62	7	HiddenSingle,LockedCandidatesPointing,HiddenPair	.4..1.2.......9.7..1..........43.6..8......5....2.....7.5..8......6..3..9........	.4..1.2.......9.7..1..........43.6..8......5....28....7.5..8......6..3..9........	failures/top1465-0007.png	-	-	-
8	Unique	Unique	true	0	87	HiddenSingle,LockedCandidatesPointing,NakedTriple,NakedSingle,ClaimingBoxLineReduction,NakedPair,HiddenPair	7.5.....2...4.1...3.........1.6..4..2...5...........9....37.....8....6...9.....8.	745896132928431756361725849519683427274159368836247591652378914483912675197564283	-	-	-	-
9	Unique	Unique	true	0	87	HiddenSingle,LockedCandidatesPointing,NakedTriple,NakedSingle,ClaimingBoxLineReduction,NakedPair,HiddenPair	......41.9..3.....3...5.....48..7..........62.1.......6..2....5.7....8......9....	857629413924318657361754928248167539793485162516932784689271345172543896435896271	-	-	-	-
10	Unique	Unique	true	0	87	HiddenSingle,LockedCandidatesPointing,NakedTriple,NakedSingle,ClaimingBoxLineReduction,NakedPair,HiddenPair	7.5.....2...4.1...3.........1.6..4..2...5...........9....37.....9....8...8.....6.	745896312928431756361527984519683427274159638836742591652378149193264875487915263	-	-	-	-
11	Unique	Unique	true	0	83	NakedSingle,LockedCandidatesPointing,ClaimingBoxLineReduction,NakedPair,NakedTriple,HiddenSingle,HiddenTriple	.8..1......5....3.......4.....6.5.7.89....2.....3.....2.....1.9..67........4.....	382514697145976832769238415421695378893147256657382941274853169936721584518469723	-	-	-	-
12	Unique	Unique	false	57	22	HiddenSingle,LockedCandidatesPointing,NakedQuad,NakedSingle,NakedTriple,ClaimingBoxLineReduction,FinnedXWing	8.9...3.....7.1...5.........7.....263...9.......1...4..6.2....4....8.5...........	819...3.....751...5.7.3.....7..4..263...9.......1...43.6.2....4....8.5...........	failures/top1465-0012.png	-	-	-
13	Unique	Unique	false	55	27	HiddenSingle,LockedCandidatesPointing,NakedTriple,NakedSingle,ClaimingBoxLineReduction,NakedPair,HiddenPair,UniqueRectangle,FinnedXWing	6.9.....8...7.1...4............6...4.2.....3..3....5...1.5...7.8...9..........2..	6.9.....82.37.1...4.1.......98.6...4.2.....3..3....5..9125...7.8...9....3.....2..	failures/top1465-0013.png	-	-	-
14	Unique	Unique	true	0	83	HiddenSingle,LockedCandidatesPointing,NakedPair,NakedSingle,ClaimingBoxLineReduction,NakedTriple	......41.9..3.....3...2.....48..7..........52.1.......5..2....6.7....8......9....	827569413964318527351724968248157639793486152615932784589271346172643895436895271	-	-	-	-
15	Unique	Unique	true	0	74	HiddenSingle,LockedCandidatesPointing,ClaimingBoxLineReduction,NakedPair,NakedSingle	1...48....5....9....6...3.....57.2..8.3.........9............4167..........2.....	139648752758132964246795318461573289893426175527981436982357641674819523315264897	-	-	-	-
16	Unique	Unique	false	55	25	HiddenSingle,LockedCandidatesPointing,NakedQuad,NakedSingle,NakedTriple,ClaimingBoxLineReduction,FinnedXWing	7.8...3.....6.1...4.........6.....253...8.......1...9..9.5....2....7.4...........	718...3..9..641...4.6.3.....6..9..253.9.8.......1...93.9.5....2....7.4...........	failures/top1465-0016.png	-	-	-
17	Unique	Unique	true	0	86	HiddenSingle,LockedCandidatesPointing,NakedSingle,NakedTriple,ClaimingBoxLineReduction,HiddenPair,NakedPair	4.3.....2...6.1...8...........5..79.2...3.....1..........84.....9....6...7.....5.	463957812927681345851324967386512794249736581715498236632845179594173628178269453	-	-	-	-
18	Unique	Unique	true	0	84	HiddenSingle,LockedCandidatesPointing,NakedSingle,NakedPair,ClaimingBoxLineReduction,HiddenPair	.1.62....5......43....9....7......8...5.....4...1..........36...9....2..8....7...	319624857562871943478395162721439586985762314643158729254983671197546238836217495	-	-	-	-
19	Unique	Unique	true	0	86	HiddenSingle,LockedCandidatesPointing,NakedSingle,NakedTriple,ClaimingBoxLineReduction,HiddenPair,NakedPair	4.3.....2...6.1...8...........5..97.2...3.....1..........84.....9....6...7.....5.	463957812927681345851324769386512974249736581715498236632845197594173628178269453	-	-	-	-
20	Unique	Unique	true	0	83	HiddenSingle,LockedCandidatesPointing,NakedSingle,NakedPair,NakedTriple,ClaimingBoxLineReduction,HiddenPair	8.5.....2...9.1...3.........6.7..4..2...5...........6....38.....1....9...4.....7.	895476312426931857371528694569713428284659731137842569952387146713264985648195273	-	-	-	-
21	Unique	Unique	false	57	16	HiddenSingle,LockedCandidatesPointing,NakedSingle,ClaimingBoxLineReduction,NakedTriple,FinnedXWing	....2..4..7...6....1.5.....2......8....3..7..4.9.........6..1.38...9..........5..	....2..4..7...6....1.5.....2.7....8....3..7..4.9........56..1.38.3195.........5.8	failures/top1465-0021.png	-	-	-
22	Unique	Unique	true	0	83	HiddenSingle,LockedCandidatesPointing,NakedSingle,NakedPair,NakedTriple,ClaimingBoxLineReduction,HiddenPair	8.5.....2...9.1...3.........6.7..4..2...5...........6....38.....4....7...1.....9.	895476132426931857371825946569713428284659371137248569952387614643192785718564293	-	-	-	-
23	Unique	Unique	false	60	18	LockedCandidatesPointing,NakedTriple,NakedSingle,ClaimingBoxLineReduction,HiddenSingle	....4...1.3.6.....8........1.9..5.........87....2......7....26.5...94.........3..	....4...1.3.6.....8........1.9.75.........87....2......7....26.5..394......7..3..	failures/top1465-0023.png	-	-	-
24	Unique	Unique	false	62	7	HiddenSingle,LockedCandidatesPointing,HiddenPair	3.7..4.2....1..8..9............3..9..5.8......4.6...........5.12...7..........6..	3.7..4.2....1..8..9............3..9..5.8......4.6...........5.12...7..........6.2	failures/top1465-0024.png	-	-	-
25	Unique	Unique	false	55	27	HiddenSingle,LockedCandidatesPointing,NakedTriple,NakedSingle,ClaimingBoxLineReduction,NakedPair,HiddenPair,UniqueRectangle	...9.31..6.7....8.2.........5....4......6..2..1.......8...7.......3..5.....4....9	...9231..697...283231.8.9...5....4......6..2..1.......8...7.......3..5.....4....9	failures/top1465-0025.png	-	-	-
26	Unique	Unique	true	0	85	HiddenSingle,LockedCandidatesPointing,NakedSingle,NakedPair,NakedTriple,ClaimingBoxLineReduction,HiddenPair	8.5.....2...4.1...3.........6.7..4..2...5...........9....38.....1....7...9.....6.	845967132926431857371528649569713428284659371137842596752386914613294785498175263	-	-	-	-
27	Unique	Unique	true	0	85	HiddenSingle,LockedCandidatesPointing,NakedSingle,NakedPair,NakedTriple,ClaimingBoxLineReduction,HiddenPair	7.4.....2...8.1...3.........5.6..1..2...4...........9....37.....9....5...8.....6.	714956382925831746368427951459683127271549638836712495642375819193268574587194263	-	-	-	-
28	Unique	Unique	true	0	85	HiddenSingle,LockedCandidatesPointing,NakedSingle,NakedPair,NakedTriple,ClaimingBoxLineReduction,HiddenPair	7.4.....2...8.1...3.........5.6..1..2...4...........9....37.....8....6...9.....5.	714956832925831746368724519459683127271549368836217495642375981583192674197468253	-	-	-	-
29	Unique	Unique	false	60	18	LockedCandidatesPointing,NakedTriple,NakedSingle,ClaimingBoxLineReduction,HiddenSingle	..1.....7...89..........6..26..3.......5...749...........1.4.5.83.............2..	..1.....7...89..........6..26..3.......5..9749.....3.....1.4.5383.............2..	failures/top1465-0029.png	-	-	-
30	Unique	Unique	false	59	12	NakedSingle,LockedCandidatesPointing,NakedPair,ClaimingBoxLineReduction	2...4.5...1.....3............6...8.2.7.3.9......1.....4...5.6.....7...9...8......	2...4.5...1.....3............6.7.812.7.3.94.....1...7.4...5.6.....7...9...8......	failures/top1465-0030.png	-	-	-
31	Unique	Unique	true	0	83	HiddenSingle,LockedCandidatesPointing,NakedSingle,NakedPair,NakedTriple,ClaimingBoxLineReduction,HiddenPair	8.5.....2...9.1...3.........6.7..4..2...5...........6....38.....1....7...4.....9.	895476132426931857371528946569713428284659371137842569952387614613294785748165293	-	-	-	-
32	Unique	Unique	true	0	79	HiddenSingle,LockedCandidatesPointing,ClaimingBoxLineReduction,NakedQuad,NakedSingle,NakedPair	.8.....63....4.2............1.8.35..7.....9.....6.....2.9.7...........354........	584729163396148257127536849612893574753214986948657321239475618871962435465381792	-	-	-	-
33	Unique	Unique	true	0	77	HiddenSingle,LockedCandidatesPointing,NakedSingle,NakedQuad,ClaimingBoxLineReduction,NakedPair	.9.3...2.....7.5...1.......7.86..4.....9.2...5...........1...634...8.............	697315824384279516215468379728631495143952687569847231852194763431786952976523148	-	-	-	-
34	Unique	Unique	false	55	27	HiddenSingle,LockedCandidatesPointing,NakedTriple,NakedSingle,ClaimingBoxLineReduction,NakedPair,HiddenPair,UniqueRectangle	...9.31..5.7....8.2.........4....6......5..2..1.......8...7.......6..4.....3....9	...9231..597...283231.8.9...4....6......5..2..1.......8...7.......6..4.....3....9	failures/top1465-0034.png	-	-	-
35	Unique	Unique	false	57	22	HiddenSingle,LockedCandidatesPointing,NakedSingle,NakedPair,HiddenPair,FinnedXWing,FinnedSwordfish	5.8.....7...9.1...4............5...4.6.....3..9....6...2.3...1.7...8..........2..	5.8.....76.29.1...4.9.......87.5...4.6.....3..9....6...263...1.7...8..........2..	failures/top1465-0035.png	-	-	-
36	Unique	Unique	false	55	20	HiddenSingle,LockedCandidatesPointing,NakedQuad,FinnedSwordfish	.......71.2.8........5.3...7.9.6.......2..8..1.........3...25..6...1..4..........	.......71.2.8.1....1.5.3...7.916.......2..81.1.2.......31..25..6...1..4.2.....1..	failures/top1465-0036.png	-	-	-
37	Unique	Unique	true	0	82	HiddenSingle,LockedCandidatesPointing,NakedTriple,NakedSingle,ClaimingBoxLineReduction,NakedPair	......41.6..3.....3...2.....49..8..........52.1.......5..6....7.8....9......3....	928576413674319528351824679249158736836497152715263894592681347183742965467935281	-	-	-	-
38	Unique	Unique	false	55	25	HiddenSingle,LockedCandidatesPointing,NakedSingle,NakedPair,NakedTriple,FinnedXWing,FinnedSwordfish	5..6.3....2....98.......1...1..9.......3....67.......4....8.25.4..7..............	5..613....2....9833...2.165.1..9.......3....67.......4....8.25.4..7...3.....3....	failures/top1465-0038.png	-	-	-
39	Unique	Unique	false	56	24	NakedSingle,HiddenSingle,LockedCandidatesPointing,NakedPair,ClaimingBoxLineReduction,NakedTriple,NakedQuad,FinnedXWing	......41.9..3.....3...5.....48..7..........52.1.......6..2....5.7....8......9....	857...4139..3..5..3...5.....48..7...7......52.1....7..6..2....5.7....8......9....	failures/top1465-0039.png	-	-	-
40	Unique	Unique	true	0	84	HiddenSingle,LockedCandidatesPointing,NakedSingle,NakedPair,ClaimingBoxLineReduction,HiddenPair	7.4.....2...8.1...3.........5.6..1..2...4...........5....37.....9....6...8.....9.	714596832925831746368427915459683127271945368836712459642379581193258674587164293	-	-	-	-
41	Unique	Unique	false	54	21	HiddenSingle,LockedCandidatesPointing,NakedSingle,NakedTriple,NakedQuad,FinnedSwordfish	4.35...2.....16...7............895.....3..8..2...........4...7..9....6...1.......	4.359..2.....16...7.1...9....6.895.2...3..8..2..6........4...79.9....6...1.9..2..	failures/top1465-0041.png	-	-	-
42	Unique	Unique	false	61	11	HiddenSingle,LockedCandidatesPointing,HiddenPair	.5.4.9......6....12.....3..7.3...2.....5...9.1.........68....4.....8........7....	.5.4.9......6....12.....3..7.3...2.5...5...9.1.5.......68....4.....8........7....	failures/top1465-0042.png	-	-	-
43	Unique	Unique	false	56	23	HiddenSingle,LockedCandidatesPointing,NakedTriple,NakedSingle,HiddenPair,FinnedXWing	......41.9..2.....3...5.....48..7..........62.1.......6..5....3.7....8......9....	827...41595.2.....36..5.....48..7..........62.16......6..5....3.7....8......9....	failures/top1465-0043.png	-	-	-
44	Unique	Unique	false	43	38	HiddenSingle,LockedCandidatesPointing,NakedQuad,NakedSingle,NakedPair,HiddenPair	5.7....3.....61...1.8......62..4.......7...8...........1....6.43..5...........2..	567.9..3....861.4.1483759..62.148......7...8......9....1.9836.43..52..1.....172.3	failures/top1465-0044.png	-	-	-
45	Unique	Unique	false	44	39	HiddenSingle,LockedCandidatesPointing,NakedQuad,NakedSingle,NakedPair,HiddenPair	7.....48....6.1..........2....3..6.52...8..............53.....1.6.1.........4.7..	7..9..4863..621....9.874123...3126.52...8.........9....532.7..1.671.8...1..54.7..	failures/top1465-0045.png	-	-	-
46	Unique	Unique	false	57	15	LockedCandidatesPointing,NakedTriple,NakedSingle,HiddenSingle,ClaimingBoxLineReduction	6..1...8..53.............4....8...6..9....7....24.........7.3.9....2.5..1........	6..1..28..53...197...7..64....8...6..9....7....24.........7.3.9....2.5..1........	failures/top1465-0046.png	-	-	-
47	Unique	Unique	false	43	38	HiddenSingle,LockedCandidatesPointing,NakedQuad,NakedSingle,NakedPair,HiddenPair	...9.3.5.2.....7............59..1......4..6...43......4..67...........91....2....	...9.31522.....7..........8.59..18241..4..63..43....174..679.8.5.....291..8125476	failures/top1465-0047.png	-	-	-
48	Unique	Unique	false	52	23	HiddenSingle,LockedCandidatesPointing,ClaimingBoxLineReduction,NakedQuad,NakedSingle	.6..5.4.3.2.1...........7..4.3...6..7..5........2.........8..5.6...4...........1.	167.5.4.3.241........4..7.1453.1.6.27.25.......62.........8..5.6...4.2.........1.	failures/top1465-0048.png	-	-	-
49	Unique	Unique	false	60	21	HiddenSingle,LockedCandidatesPointing,NakedTriple,NakedSingle,ClaimingBoxLineReduction,HiddenPair,FinnedXWing,FinnedSwordfish	6.9.....8...3.1...4............6...4.2.....3..7....5...1.5...7.8...9..........2..	6.9.....8...3.1...4.1.......98.6...4.2.....3..7....5...1.5...7.8...9..........2..	failures/top1465-0049.png	-	-	-
50	Unique	Unique	true	0	85	HiddenSingle,LockedCandidatesPointing,NakedSingle,NakedPair,ClaimingBoxLineReduction,HiddenPair	4.3.....2...7.1...9...........5..18.2...3.....8..........94.....7....6...6.....5.	413865972628791345957324861396572184241638597785419236532946718874153629169287453	-	-	-	-
51	Unique	Unique	true	0	84	HiddenSingle,LockedCandidatesPointing,NakedSingle,NakedPair,ClaimingBoxLineReduction,HiddenPair	8.5.....2...4.1...3.........6.7..4..2...5...........6....38.....9....7...1.....9.	845697132926431857371825946569713428284956371137248569752389614493162785618574293	-	-	-	-
52	Unique	Unique	false	57	14	HiddenSingle,LockedCandidatesPointing,NakedTriple,HiddenPair,Swordfish	....3..715..4.2............2..6..4...38.7..............7..8..1.6..5..2...........	....3..715.74.2......7.....2..6..4.7.38.7....7.........7..8..1.6..5.72........7..	failures/top1465-0052.png	-	-	-
53	Unique	Unique	true	0	85	HiddenSingle,LockedCandidatesPointing,NakedSingle,NakedPair,ClaimingBoxLineReduction,HiddenPair	4.3.....2...7.1...9...........5..81.2...3.....8..........94.....7....6...6.....5.	413865972628791345957324168396572814241638597785419236532946781874153629169287453	-	-	-	-
54	Unique	Unique	false	61	9	HiddenSingle,LockedCandidatesPointing	.......91.7..3....82..........1.5...3.....7.....9.......16...5...4.2....7.....8..	.......9117..3....82..........1.5...3.....7.....9.3.....16...5...4.2....7.....8..	failures/top1465-0054.png	-	-	-
55	Unique	Unique	false	43	39	HiddenSingle,LockedCandidatesPointing,NakedQuad,NakedSingle,NakedPair,HiddenPair	48.3............71.2.......7.5....6....2..8.............1.76...3.....4......5....	4873...9....6..271126.9.3847.5...162...2..8..........9..1.769233..1..45.....53.18	failures/top1465-0055.png	-	-	-
56	Unique	Unique	false	61	12	HiddenSingle,LockedCandidatesPointing,HiddenPair	7.8.2...........913.........46..........3.7.....5......5.9.6......4...1.2.....8..	7.8.2...........913.........462.........3.7.....5......5.9.6......4.2.1.2.....8..	failures/top1465-0056.png	-	-	-
57	Unique	Unique	true	0	78	HiddenSingle,LockedCandidatesPointing,ClaimingBoxLineReduction,NakedTriple,NakedSingle,NakedQuad	..36......4.....8.9.....7..86.4...........1.5.2.......5...17...1...9...........2.	253678419647931582918524736861459273439782165725163894592317648184296357376845921	-	-	-	-
58	Unique	Unique	true	0	74	HiddenSingle,LockedCandidatesPointing,NakedTriple,NakedSingle	2.8.5.......7...4.3........5...2.9.......1......6......7.1.4.6.......3.2.1.......	298456137156793248347812659564328971839571426721649583972134865485967312613285794	-	-	-	-
59	Unique	Unique	true	0	80	HiddenSingle,LockedCandidatesPointing,NakedSingle,NakedPair,ClaimingBoxLineReduction	8.5.....2...9.1...3.........6.7..4..2...5...........6....38.....4....6...9.....7.	815674392426931857379528146561793428284156739937842561652387914743219685198465273	-	-	-	-
60	Unique	Unique	false	54	21	HiddenSingle,LockedCandidatesPointing,NakedSingle,NakedTriple,NakedQuad,FinnedSwordfish	4.35...2.....61...7............895.....3..8..2...........4...7..9....6...1.......	4.359..2.....61...7.1...9....6.895.2...3..8..2..6........4...79.9....6...1.9..2..	failures/top1465-0060.png	-	-	-
61	Unique	Unique	false	56	12	HiddenSingle,LockedCandidatesPointing,ClaimingBoxLineReduction	...3.9.7.8..4.....1........2..5..6...3.....4.....1....5.....8......2.1.....7....9	...389.718..4.1...1........2..5..61..31....4.....1....5..1..8......2.1...1.7....9	failures/top1465-0061.png	-	-	-
62	Unique	Unique	false	55	21	HiddenSingle,LockedCandidatesPointing,ClaimingBoxLineReduction,HiddenPair,NakedTriple,NakedQuad,FinnedXWing	.5.1.8.7.4..3.....2.........1.7...8.9.....4............3.....1.....4.2......5.6..	.5.128.744..3.....2..4......1.7.4.8.9.....4...4....7...34....1.....4.2......5.64.	failures/top1465-0062.png	-	-	-
63	Unique	Unique	false	60	17	LockedCandidatesPointing,NakedTriple,NakedSingle,ClaimingBoxLineReduction,HiddenSingle	.....1..8.9....3..2........5......84.7.63.......9.....1.4....5.....7.6.....2.....	.....1..8.9....3..2........5.....984.7.63.......9..7..1.4....57....7.6.....2.....	failures/top1465-0063.png	-	-	-
64	Unique	Unique	true	0	83	HiddenSingle,LockedCandidatesPointing,NakedQuad,NakedSingle,NakedPair,ClaimingBoxLineReduction,NakedTriple,UniqueRectangle	85.....7.....41...3..........1...4.6.7.5...........2..742.6.......8...3..........	854692173927341865316785924281937456479526318563418297742163589195874632638259741	-	-	-	-
65	Unique	Unique	false	57	19	NakedSingle,HiddenSingle,LockedCandidatesPointing,NakedQuad,ClaimingBoxLineReduction,NakedTriple	..3...67.5.....3...4.......6..3......8......4...7....12......5.....98.......41...	..34..67.5.....34.74.......6..3....7.87.....4...7....12..6...5.....98.......41...	failures/top1465-0065.png	-	-	-
66	Unique	Unique	false	37	39	HiddenSingle,LockedCandidatesPointing,ClaimingBoxLineReduction,NakedQuad,NakedSingle,NakedTriple	.4.3............78.......5.7..65....5...9.....1....2.....1.43..8.......6...2.....	14.3.....3..42.17828.91.4537..65.8..5..89.....187432.5...1.43..82153..464.32..5..	failures/top1465-0066.png	-	-	-
67	Unique	Unique	false	59	15	HiddenSingle,LockedCandidatesPointing,HiddenPair	....3...27..4......3.....9..6..2....8.....7........1..4..7.1......6...35.....8...	....3...27..4......3.2...9..6..2....8.....7........1..4.37.1......6.2.35...3.8...	failures/top1465-0067.png	-	-	-
68	Unique	Unique	true	0	84	HiddenSingle,LockedCandidatesPointing,NakedSingle,NakedPair,NakedTriple,ClaimingBoxLineReduction,HiddenPair	4.3.....2...6.1...8...........5..79.2...3.....7..........84.....9....6...1.....5.	463957812927681345851324967386512794249736581175498236632845179594173628718269453	-	-	-	-
69	Unique	Unique	false	56	22	HiddenSingle,LockedCandidatesPointing,NakedTriple,NakedSingle,ClaimingBoxLineReduction,NakedPair,NakedQuad,FinnedSwordfish	3..8.1....5....6.9......4..5..7...8..4..6...........2.2..3.........9.1....7......	3..841....5.2..619....5.4385..7...8..4..6...1.......2.2..3.........9.1....7......	failures/top1465-0069.png	-	-	-
70	Unique	Unique	true	0	84	HiddenSingle,LockedCandidatesPointing,NakedSingle,NakedPair,NakedTriple,ClaimingBoxLineReduction,HiddenPair	4.3.....2...6.1...8...........5..97.2...3.....7..........84.....9....6...1.....5.	463957812927681345851324769386512974249736581175498236632845197594173628718269453	-	-	-	-
71	Unique	Unique	false	48	37	HiddenSingle,LockedCandidatesPointing,ClaimingBoxLineReduction,NakedPair,NakedSingle,NakedTriple,HiddenPair,UniqueRectangle	4.1.6....3.....2........8..15.2.....6......1....9......2.7.8..........43.7.......	4.1.62...3.....2........8..15.2.6...6......1....9.16...2.7.81.6816529743.7.61....	failures/top1465-0071.png	-	-	-
72	Unique	Unique	true	0	85	HiddenSingle,LockedCandidatesPointing,ClaimingBoxLineReduction,NakedTriple,NakedSingle,NakedPair	26.7...........4.15........839.........5...6....1......7.....2.....49.......3.8..	261754983798362451543981276839476512127598364456123798374815629685249137912637845	-	-	-	-
73	Unique	Unique	false	43	37	HiddenSingle,LockedCandidatesPointing,NakedQuad,NakedSingle,NakedPair,HiddenPair	42.....36....3.8...........7.8.1...........54..3.......5.4.6...1.....7.....2.....	42....536....3.8.........9.748.1...9....6.3545639..178.5.4.69131...5.7.2...2.1.85	failures/top1465-0073.png	-	-	-
74	Unique	Unique	false	44	39	HiddenSingle,LockedCandidatesPointing,NakedQuad,NakedSingle,ClaimingBoxLineReduction,NakedPair,NakedTriple,HiddenPair	...6.37...51...........2.......1..846..7............5.14.58....3.....2...........	.9.6537..251...4..736142.9..27.1..8468.7..1...13....5714258....3.....2....9......	failures/top1465-0074.png	-	-	-
75	Unique	Unique	false	42	39	HiddenSingle,LockedCandidatesPointing,NakedQuad,NakedSingle,NakedPair	.6..7.......8...2..1.............6.54..3...........7..2...6..4.8.31.........5.1..	968.7.351.3481.92..12.394.8..9...6.547.3...1.......7.42.1.6..4.8.31.....6.7.5.1..	failures/top1465-0075.png	-	-	-
76	Unique	Unique	false	60	15	LockedCandidatesPointing,NakedTriple,NakedSingle,ClaimingBoxLineReduction,HiddenSingle	..1.....8...9..2.......3.......15.4..6....7..3............4..8572.6.....9........	..1.....8...9..2.......3.......15.46.6....7..3............4.98572.6.....9.....6..	failures/top1465-0076.png	-	-	-
77	Unique	Unique	false	56	2	HiddenSingle,LockedCandidatesPointing	7.....4...2..7..8...3..8..9...5..3...6..2..9...1..7..6...3..9...3..4..6...9..1..5	7.....4...2..7..8...3..8..9...5..3...6..2..9...1..7..6...3..9...3..4..6...9..1.35	failures/top1465-0077.png	-	-	-
78	Unique	Unique	true	0	84	HiddenSingle,LockedCandidatesPointing,ClaimingBoxLineReduction,NakedTriple,NakedQuad,NakedSingle,NakedPair	5.6...3.....8.1...2.........9..6.7...4.7...........2.....1...493...5...........8.	586947321937821456214635897192564738643782915758319264825173649369458172471296583	-	-	-	-
79	Unique	Unique	true	0	80	HiddenSingle,LockedCandidatesPointing,NakedQuad,NakedSingle,ClaimingBoxLineReduction,NakedTriple	3.7..4.2....1..5..9............3..9..5.8......4.6...........8.12...7..........6..	317564928428193567965782314872435196659817243143629785794256831286371459531948672	-	-	-	-
80	Unique	Unique	true	0	78	HiddenSingle,LockedCandidatesPointing,NakedPair,NakedSingle,ClaimingBoxLineReduction	...6..1.....2...4..59......6.......47....9.......5..8....1..7.6.82............3..	437685192861297543259341867625813974718469235943752681594138726382576419176924358	-	-	-	-
81	Unique	Unique	false	51	27	HiddenSingle,LockedCandidatesPointing,NakedPair,ClaimingBoxLineReduction,NakedQuad,NakedSingle,NakedTriple	2...6...8.743.........2....62......1...4..5..8...........5..34......1..........7.	2...64..8.743.8.......2...462....481...48.5..84..1..9....5..34......18.....8..17.	failures/top1465-0081.png	-	-	-
82	Unique	Unique	true	0	69	HiddenSingle,LockedCandidatesPointing,NakedSingle	.......92.37.......4.......8...6.1.......43.......9...2...5...6...1..74....8.....	586371492937425618142698573829763154751284369463519287214957836698132745375846921	-	-	-	-
83	Unique	Unique	false	43	38	HiddenSingle,LockedCandidatesPointing,NakedQuad,NakedSingle,NakedPair,HiddenPair	7.....48....6.1..........2....3..6.52...8..............63.....1.5.1.........4.7..	7..9..4863..621....9.874123...3126.52...8.........9....63297..1.571.8...1..54.7..	failures/top1465-0083.png	-	-	-
84	Unique	Unique	true	0	79	HiddenSingle,LockedCandidatesPointing,NakedQuad,NakedSingle,ClaimingBoxLineReduction,NakedTriple	56..2......3...9...............7..561......2...84........3.84..71..........9.....	561729348423681975897534261942173856135896724678452139256318497719245683384967512	-	-	-	-
85	Unique	Unique	false	54	24	NakedSingle,HiddenSingle,LockedCandidatesPointing,NakedPair,ClaimingBoxLineReduction,NakedTriple,FinnedXWing	......41.9..3.....3...2.....48..7..........62.1.......5..2....6.7....8......9....	827...4139..3.....3...2....248..7...7......6261...27..5..2....6.7....8......9....	failures/top1465-0085.png	-	-	-
86	Unique	Unique	false	43	38	HiddenSingle,LockedCandidatesPointing,NakedQuad,NakedSingle,ClaimingBoxLineReduction,NakedPair,NakedTriple,HiddenPair	...6.37...51...........2.......1..546..7............8.14.58....3.....2...........	.9.6537..251...4..736142.9.927.1..5468.7..1...13....8714258....3.....2....9......	failures/top1465-0086.png	-	-	-
87	Unique	Unique	true	0	79	HiddenSingle,LockedCandidatesPointing,NakedSingle,NakedPair	3..4.1....9....7...........6.41.........7.2.9......5......3..8.52..........8...6.	367451928891263754245789631654192873183576249972348516716935482528614397439827165	-	-	-	-
88	Unique	Unique	true	0	79	NakedSingle,LockedCandidatesPointing,NakedPair,ClaimingBoxLineReduction,NakedQuad,HiddenPair,HiddenSingle	7...3........5.6....4....9.2.....7.1...9.8......4.....53....2.....1...8..6.......	796834125812759634354216897289365741145978362673421958538647219427193586961582473	-	-	-	-
89	Unique	Unique	false	56	4	HiddenSingle,Swordfish,FinnedXWing,FinnedSwordfish	...3..5...5..1..3...7..4..12.....4...6..9......1..6..28..7..2...9..8..5...5..9..7	...3..5...5..1..3...7..4..12.....4...6..9......1..6..28..7..2..79..8..5...5..9..7	failures/top1465-0089.png	-	-	-
90	Unique	Unique	true	0	77	NakedSingle,HiddenSingle,LockedCandidatesPointing,NakedTriple,ClaimingBoxLineReduction	6.....7.5.3.8................52.3.8.1.9.........4.....42...........9.1......7.6..	698321745531847296274956813765213489149785362382469571426138957857692134913574628	-	-	-	-
91	Unique	Unique	false	52	28	NakedSingle,HiddenSingle,LockedCandidatesPointing,ClaimingBoxLineReduction,NakedPair,NakedTriple,FinnedXWing	......41.9..3.....3...5.....48..7..........52.1.......6..2....5.7....8......3....	857...4139..3..5..3...5.....48..73..7......52.1....7..6..2....5.72...83...5.3....	failures/top1465-0091.png	-	-	-
92	Unique	Unique	true	0	77	HiddenSingle,LockedCandidatesPointing,NakedSingle,NakedTriple,ClaimingBoxLineReduction	...6..9.23.87.....4............95..17......8...........2..6.5.....4...3..1.......	175638942398724165462951873846395721751246389239187654924863517587419236613572498	-	-	-	-
93	Unique	Unique	true	0	87	NakedSingle,HiddenSingle,LockedCandidatesPointing,NakedPair,ClaimingBoxLineReduction,NakedQuad,HiddenPair,UniqueRectangle,FinnedXWing	1.37....5...6.4...8...........81.....9....7...6.....9..2....4..5...3...........2.	143792685952684317876351942735819264298463751461527893629175438584236179317948526	-	-	-	-
94	Unique	Unique	false	37	33	HiddenSingle,HiddenTriple,LockedCandidatesPointing,NakedSingle,NakedTriple,FinnedXWing,NakedPair	.4.7...6...39............57.......3.2...8.....19...57.6...4.....5.1......2...6.84	.4.71.963..39.....19.8...57....9..3.23..8.....19...57.6..249315354178...921356784	failures/top1465-0094.png	-	-	-
95	Unique	Unique	true	0	85	HiddenSingle,LockedCandidatesPointing,ClaimingBoxLineReduction,NakedTriple,NakedSingle,NakedPair	26.7...........4.15........839.........5...6....1......7.....2.....43.......9.8..	261754389798362451543981276839476512127538964456129738974815623685243197312697845	-	-	-	-
96	Unique	Unique	false	58	18	HiddenSingle,LockedCandidatesPointing,ClaimingBoxLineReduction,NakedTriple,HiddenPair	4.21......5.....78...3......7..5...6......1.....4.........67.5.2.....4..3........	4.217.....5.6...787.63......7..5...6...7..1.....4.........67.5.2.....4..3........	failures/top1465-0096.png	-	-	-
97	Unique	Unique	false	43	38	HiddenSingle,LockedCandidatesPointing,NakedTriple,NakedSingle,NakedPair,NakedQuad,HiddenPair	3..1...6...1.47.......5....68.3...........4.1.2.......4.5...7.....2...8..........	3..1..56...1.47293....531.86843..9.....7..421127.9.8364.5...712...2...8.........9	failures/top1465-0097.png	-	-	-
98	Unique	Unique	false	61	11	HiddenSingle,LockedCandidatesPointing,HiddenPair	6.1....3....8..2..9.........47...5......7........6.....8.5.2...3.......1...4...9.	6.1....38...8..2..9.8.......47...5......7........6.....8.5.2...3.......1...4...9.	failures/top1465-0098.png	-	-	-
99	Unique	Unique	true	0	77	HiddenSingle,LockedCandidatesPointing,NakedPair,NakedSingle,NakedTriple,ClaimingBoxLineReduction	.6..2...1...3...7..1.......3.49.....7.....2........5.8....586.........4.9........	863427951549361872217895463354982716786513294192674538431758629678239145925146387	-	-	-	-
100	Unique	Unique	true	0	84	HiddenSingle,LockedCandidatesPointing,NakedSingle,NakedPair,ClaimingBoxLineReduction,HiddenPair	8.5.....2...4.1...3.........6.7..4..2...5...........6....38.....1....9...9.....7.	845697312926431857371528694569713428284956731137842569752389146613274985498165273	-	-	-	-
101	Unique	Unique	true	0	81	HiddenSingle,LockedCandidatesPointing,NakedTriple,NakedSingle,NakedPair,NakedQuad,HiddenPair,ClaimingBoxLineReduction,FinnedXWing	.2.....8.....4.6......1.....3.2.74..1.....5.....8.....2..3...7.4.5......6........	924673185751948632368512947836257491197436528542891763219365874485729316673184259	-	-	-	-
102	Unique	Unique	true	0	74	HiddenSingle,LockedCandidatesPointing,NakedQuad,NakedSingle,NakedTriple	....7..438.....5...........2..5.1..........64...8......34...6.....2..1...7..6....	521678943897413526463952781286541379315729864749836215934187652658294137172365498	-	-	-	-
103	Unique	Unique	true	0	77	HiddenSingle,LockedCandidatesPointing,NakedSingle,NakedQuad,ClaimingBoxLineReduction,NakedPair,NakedTriple	.2.3...6.....7.5...1.......7.86..4.....9.2...5...........1...394...8.............	927315864384276591615498372798631425143952687562847913856124739431789256279563148	-	-	-	-
104	Unique	Unique	false	54	21	HiddenSingle,LockedCandidatesPointing,NakedSingle,NakedTriple,NakedQuad,FinnedSwordfish	5.3.9..........7.12........4...2..5..1.8......6.7........4.86.........3.9........	5.3.9..........7.12.16.....4...26.5771.8......6.7.......74.86.9...9...3.9......7.	failures/top1465-0104.png	-	-	-
105	Unique	Unique	false	54	21	HiddenSingle,LockedCandidatesPointing,NakedSingle,NakedTriple,NakedQuad,FinnedSwordfish	5.3.9..........8.12........4...2..5..1.8......6.7........4.76.........3.9........	5.3.9..........8.12.16.....4...26.58.1.8.....86.7.......84.76.9...9...3.9......8.	failures/top1465-0105.png	-	-	-
106	Unique	Unique	true	0	79	HiddenSingle,LockedCandidatesPointing,NakedSingle,NakedQuad,ClaimingBoxLineReduction,NakedPair,NakedTriple	.2.3...6.....7.5...1.......7.86..4.....9.2...5...........1...934...8.............	927315864384276519615498372798631425143952687562847931856124793431789256279563148	-	-	-	-
107	Unique	Unique	true	0	80	HiddenSingle,LockedCandidatesPointing,NakedSingle,NakedPair,ClaimingBoxLineReduction	......31.7..5.....2...4.....39..8..........62.1.......5..6....7.8....9......5....	958276314743519628261843579639128745875394162412765893594681237187432956326957481	-	-	-	-
108	Unique	Unique	true	0	84	HiddenSingle,LockedCandidatesPointing,ClaimingBoxLineReduction,NakedTriple,NakedSingle,NakedPair	...7....6.29.......1....3..7..56..........24....8.....4......35....91...8........	348712596529638471617945382782564913956173248134829657491286735275391864863457129	-	-	-	-
109	Unique	Unique	true	0	80	HiddenSingle,LockedCandidatesPointing,NakedSingle,NakedPair,ClaimingBoxLineReduction,NakedTriple	......31.6..5.....2...4.....39..8..........42.1.......5..6....7.8....9......5....	948276315673519428251843769439128576865397142712465893594681237186732954327954681	-	-	-	-
110	Unique	Unique	false	58	17	HiddenSingle,LockedCandidatesPointing,NakedSingle,NakedQuad	......12....3..6.....8.9.......2..6.3.8......7...5.....15...4.....7....9.4.......	......12....3.269....8.9.......2..6.3.8......7...5.....15..64.....7....9.47.....6	failures/top1465-0110.png	-	-	-
111	Unique	Unique	false	54	24	HiddenSingle,LockedCandidatesPointing,NakedSingle,ClaimingBoxLineReduction,NakedQuad,UniqueRectangle	..9.7........4.6....1....8....1.9.3.54..........8......5....7.62..3...........2..	..9.7.3...35.4.6....1....8....159.3.54..........8.45..35...27.62..3...........2.3	failures/top1465-0111.png	-	-	-
112	Unique	Unique	true	0	75	HiddenSingle,LockedCandidatesPointing,NakedSingle,NakedQuad	1..46...5.2....7......9.....3.7.8..........91...2........3..84.6........5........	178462935924531768365897412239718654857643291416259387791325846683174529542986173	-	-	-	-
113	Unique	Unique	false	55	2	HiddenSingle,FinnedXWing	5..2..3......8..9...2..4..66..1..9...1.....4...7..3..87..3..4...9..7..2...5..6..9	5..2..3......8..9...2.34..66..1..9...1.....4...7..3..87..3..4...9..7..2...5..6..9	failures/top1465-0113.png	-	-	-
114	Unique	Unique	false	57	22	HiddenSingle,LockedCandidatesPointing,NakedSingle,ClaimingBoxLineReduction,NakedQuad,HiddenPair	4.9...5.....8....27..3.........4.7...8.....6..1..........6..12.5...9...........3.	4.9...5.....8....27.83.........4.7...8.5...6..1.....5...36..12.5...93......4...3.	failures/top1465-0114.png	-	-	-
115	Unique	Unique	true	0	75	HiddenSingle,LockedCandidatesPointing,NakedPair,NakedSingle	.5..7..83..4....6.....5....83.6........9..1...........5.7...4.....3.2...1........	951476283284193567376258914835621749642937158719584326527869431498312675163745892	-	-	-	-
116	Unique	Unique	true	0	76	HiddenSingle,LockedCandidatesPointing,ClaimingBoxLineReduction,NakedQuad,NakedPair,NakedSingle	..1....8....2..5.....6.........41.3.62....7..........927.8.........3...45........	361457982497218563852693417785941236629385741134726859273864195918532674546179328	-	-	-	-
117	Unique	Unique	true	0	81	HiddenSingle,LockedCandidatesPointing,NakedSingle,NakedPair,NakedQuad,HiddenPair,NakedTriple,ClaimingBoxLineReduction	.894............72.3.......1....5.6..4....9......1....5...6...7...3..8..2........	789421536651983472432576189197845263846732915325619748518264397964357821273198654	-	-	-	-
118	Unique	Unique	true	0	77	HiddenSingle,LockedCandidatesPointing,NakedSingle,NakedTriple,ClaimingBoxLineReduction	...6..9.23.87.....4............59..17......8...........2..6.5.....4...3..1.......	175638942398724165462915873846359721751246389239187654924863517587491236613572498	-	-	-	-
119	Unique	Unique	true	0	77	HiddenSingle,LockedCandidatesPointing,NakedTriple,NakedSingle,NakedPair,NakedQuad	7..63...........81....2....685..1......7..6...4..........8.4.5.2.....3...........	712638594536497281498125736685341927123789645947562813369874152254916378871253469	-	-	-	-
120	Unique	Unique	true	0	74	HiddenSingle,LockedCandidatesPointing,NakedSingle,NakedPair	69....2.....7...4............73.4...5.....6.1...8........5..83.2...9........1....	698435217351726948742189365817364529534972681926851473169547832273698154485213796	-	-	-	-
121	Unique	Unique	true	0	84	HiddenSingle,LockedCandidatesPointing,NakedSingle,NakedPair,NakedTriple,ClaimingBoxLineReduction,NakedQuad,HiddenPair	8.5.....2...9.1...3.........6.7..4..2...5...........1....38.....9....7...4.....6.	815674932426931857379825641561793428284156379937248516652387194193462785748519263	-	-	-	-
122	Unique	Unique	true	0	72	HiddenSingle,LockedCandidatesPointing,NakedSingle,ClaimingBoxLineReduction	...7....2.8....1...9.......7.6....3.....91...2............5.84.3..6........4..5..	163784952482539167597162384716845239834291675259376418621957843345628791978413526	-	-	-	-
123	Unique	Unique	true	0	75	HiddenSingle,LockedCandidatesPointing,NakedSingle,NakedPair	69....2.....7...4............73.4...5.....9.1...8........5..83.2...6........1....	698435217351729648742186395817394526534672981926851473169547832273968154485213769	-	-	-	-
124	Unique	Unique	true	0	73	HiddenSingle,LockedCandidatesPointing,NakedQuad,NakedSingle,NakedTriple	56....4....72.................3...7861...............2....461..1...5......8....3.	561798423397214865824635791945321678612587349783469512239846157176953284458172936	-	-	-	-
125	Unique	Unique	false	57	1	FinnedSwordfish	4..6..3...1..2..6...8..7..19..8..5...4..5..1......2..75.....6...3..8..4......9..5	4..6..3...1..2..6...8..7..19..8..5...4..5..1......2..75.....6...3..8..4......9..5	failures/top1465-0125.png	-	-	-
126	Unique	Unique	true	0	79	HiddenSingle,LockedCandidatesPointing,NakedTriple,NakedSingle,ClaimingBoxLineReduction	7..69..........35.......1..2.9.....7...3...4.8.........4.5..6......28....1.......	751693824426781359983245176239814567175362948864957213342579681697128435518436792	-	-	-	-
127	Unique	Unique	true	0	75	HiddenSingle,LockedCandidatesPointing,NakedQuad,NakedSingle,NakedPair	46.....29....3.5...........1.5.4...........723.........7.6.2.....4...1.....9.....	463851729912736584758429631125347968846195372397268415579612843284573196631984257	-	-	-	-
128	Unique	Unique	false	61	11	HiddenSingle,LockedCandidatesPointing,HiddenPair,FinnedXWing	.5.7.1...2.8....6...........4.3..5..9.2......6...8.....7.1..3......2..9..........	.5.7.1...2.8....6...........4.3..5..9.2......6.5.8.....7.1..3......2..9..2.......	failures/top1465-0128.png	-	-	-
129	Unique	Unique	false	55	22	HiddenSingle,LockedCandidatesPointing,NakedSingle,ClaimingBoxLineReduction,NakedPair,NakedTriple	.135.........7.4...........1......892.4.6....7.........8.1.....6.....2.....9.3...	.1359........7.4......3....1......892.4.6....7.831....38.1.6...6...8.2.....9.3...	failures/top1465-0129.png	-	-	-
130	Unique	Unique	false	57	3	HiddenSingle,LockedCandidatesPointing,Swordfish	5..4..8......9..1...2..1..56..3..4...5..7......4.....83..6..7...6.....8...8..2..1	5..4..8......9..1...2..1..56..3..4...5..74.....4.....83..6..7...6.....8...8..2..1	failures/top1465-0130.png	-	-	-
131	Unique	Unique	true	0	75	HiddenSingle,LockedCandidatesPointing,NakedPair,NakedTriple,NakedSingle	...4.5.2.81..............7.3...9.1....5....4...........6..1.8....27........2..9..	973485621814627539256931478347592186195876243628143795769314852582769314431258967	-	-	-	-
132	Unique	Unique	false	61	10	HiddenSingle,LockedCandidatesPointing,HiddenPair,FinnedXWing	.1..3..6.8..................63.9....7..8..4......1.5...9.....1.2..7........5..7..	.1..3..678..................63.9....7..8..4......1.5...97....1.2..7........5..7..	failures/top1465-0132.png	-	-	-
133	Unique	Unique	true	0	81	HiddenSingle,LockedCandidatesPointing,NakedSingle,NakedPair,ClaimingBoxLineReduction,NakedTriple	3..4.6....9....7...........6.41.........7.2.9......5......3..8.52..........8...1.	317456928896213754245789136654192873183574269972368541761935482528641397439827615	-	-	-	-
134	Unique	Unique	false	52	29	HiddenSingle,LockedCandidatesPointing,NakedSingle,ClaimingBoxLineReduction,NakedQuad,UniqueRectangle,NakedTriple	..9.2........4.6....1....8....1.9.3.54..........8......5....7.67..3...........2..	..9.2.3...35.4.6....1....8....159.3.54.2........8.45..35...27.67.23...........2.3	failures/top1465-0134.png	-	-	-
135	Unique	Unique	false	57	13	HiddenSingle,LockedCandidatesPointing,HiddenPair,FinnedSwordfish,NakedSingle	...8...3...5...7.....1.........5.9..18.......3..4.......7..2..6....7.5...4.....1.	...8...3...5...7.....1.........5.9..18.7.....35.4...7...7.12..6....745...4.....17	failures/top1465-0135.png	-	-	-
136	Unique	Unique	true	0	73	HiddenSingle,LockedCandidatesPointing,NakedTriple,NakedSingle,NakedPair	2.7.4.......6...3.9........4...2.8.......5......3......6.1.3.5.......2.9.1.......	237541698145689732986732145453927861628415973791368524862193457374856219519274386	-	-	-	-
137	Unique	Unique	true	0	78	HiddenSingle,LockedCandidatesPointing,NakedSingle,NakedTriple,NakedQuad,ClaimingBoxLineReduction	1...6........2.7...53........98...........41.......6.742..........3.9......5...8.	172465839984123765653798241749816352236957418518234697425681973861379524397542186	-	-	-	-
138	Unique	Unique	true	0	72	HiddenSingle,LockedCandidatesPointing,NakedSingle	.1.65..4.8.......9.......3.15........76..........28......7..5..3..4...........2..	912653847835174629764289135158367492276941358493528761689732514327415986541896273	-	-	-	-
139	Unique	Unique	true	0	74	HiddenSingle,LockedCandidatesPointing,NakedSingle,NakedQuad,ClaimingBoxLineReduction	.7.3...6.....8.5...1.......8.96..4.....1.2...5...........7...324...9.............	278359164694281573315467298829635417763142985541978326956714832432896751187523649	-	-	-	-
140	Unique	Unique	true	0	77	HiddenSingle,LockedCandidatesPointing,NakedPair,NakedSingle,NakedTriple,ClaimingBoxLineReduction	.6..2...1...3...7..1.......3.49.....7.....2........5.8....856.........4.9........	863427951549361872217598463384952716756813294192674538431785629678239145925146387	-	-	-	-
141	Unique	Unique	false	59	19	HiddenSingle,LockedCandidatesPointing,NakedSingle,NakedQuad,HiddenPair,HiddenTriple,ClaimingBoxLineReduction	8.......24...3........5..1...1...56.......9.....7........8.4..7.6....3...9.2.....	8.......24...3........5..1..71..956.......97....7........8.4..7.6....3...9.2.3...	failures/top1465-0141.png	-	-	-
142	Unique	Unique	true	0	82	HiddenSingle,LockedCandidatesPointing,NakedTriple,NakedSingle,ClaimingBoxLineReduction,NakedPair,HiddenPair	.2.....9.....1.6..7...3....5.7...1.....2.4.8....9.....64.8.....3.....5...........	426587391835419672719632458597368124163274985284951763641895237378126549952743816	-	-	-	-
143	Unique	Unique	true	0	77	HiddenSingle,LockedCandidatesPointing,ClaimingBoxLineReduction,HiddenPair,NakedSingle,NakedTriple,NakedPair	3..4...8.....5.2...........152.......7..1.......9...6..15...7..6..3.4............	321497685794658213568132974152746398976813452843925167415289736689374521237561849	-	-	-	-
144	Unique	Unique	true	0	74	HiddenSingle,LockedCandidatesPointing,NakedQuad,NakedSingle,NakedTriple	..8.17......5...3..........54.....2.63...........76.....6...8.72..4...........1..	328617954714529638965843271547198326631254789892376415156932847279481563483765192	-	-	-	-
145	Unique	Unique	true	0	82	HiddenSingle,LockedCandidatesPointing,NakedTriple,NakedSingle,ClaimingBoxLineReduction,NakedPair,HiddenPair	.2.....9.....1.3..7...4....6.7...1.....2.5.8....9.....45.8.....3.....6...........	523687491846519372719342568697438125134275986285961743451896237378124659962753814	-	-	-	-
146	Unique	Unique	true	0	73	HiddenSingle,LockedCandidatesPointing,NakedQuad,NakedSingle	.2.....74.98.1.............7..3.5..6....2.9..1..............83....6.7......4.....	521869374498713625367542198749385216836124957152976483674251839283697541915438762	-	-	-	-
147	Unique	Unique	true	0	73	NakedSingle,HiddenSingle,LockedCandidatesPointing,NakedTriple	6.....8.5.3.9................52.3.9.1.7.........4.....42...........8.1......7.6..	679321845531948276284756913865213497147895362392467581426139758753684129918572634	-	-	-	-
148	Unique	Unique	true	0	70	HiddenSingle,LockedCandidatesPointing,NakedSingle	...46..8.7.....9.....1.....4....53...8.6......2.......3.9.7...........215........	931467285756328914248159637497215368185693472623784159319572846874936521562841793	-	-	-	-
149	Unique	Unique	true	0	81	HiddenSingle,LockedCandidatesPointing,NakedSingle,NakedPair,HiddenPair,ClaimingBoxLineReduction	8.5.....2...9.1...3.........6.7..4..2...5...........6....38.....4....7...9.....1.	815674932426931857379528146561793428284156379937842561152387694643219785798465213	-	-	-	-
150	Unique	Unique	false	43	38	HiddenSingle,LockedCandidatesPointing,NakedQuad,NakedSingle,NakedPair,HiddenPair	6.81..........72.............3.5..615....4..........8.47....5.....63.....2.......	6.8123........72......9......3259.615..8.43.....37..854769..5.....6321..321745.9.	failures/top1465-0150.png	-	-	-
151	Unique	Unique	true	0	75	HiddenSingle,LockedCandidatesPointing,NakedQuad,NakedSingle,NakedTriple	.71..8...5......2...............68.14...3..........7.....45..3..16.........2.....	671328954539714628842695317923576841487139562165842793798451236216983475354267189	-	-	-	-
152	Unique	Unique	true	0	81	HiddenSingle,LockedCandidatesPointing,ClaimingBoxLineReduction,NakedTriple,NakedSingle,NakedPair	7..4......5....3........1..368..........2..5....7........5...7213...8...6........	781435269456192387293867145368954721917326458524781936849513672132678594675249813	-	-	-	-
153	Unique	Unique	true	0	71	HiddenSingle,LockedCandidatesPointing,ClaimingBoxLineReduction,NakedQuad,NakedSingle	.9.....2...5..4.......61.....6...1.8...3...7.......6..23.9.........8.4..7........	491837526365294781827561349576429138182356974943178652234915867659782413718643295	-	-	-	-
154	Unique	Unique	false	53	22	HiddenSingle,LockedCandidatesPointing,NakedSingle,ClaimingBoxLineReduction,HiddenPair,FinnedXWing	......41.7..3.....3...5.....49..8..........52.1.......2..6....7.8....9......7....	958...4137..3.....3...5.....49..8....73....52.12......2.56....7.87...9....6.7....	failures/top1465-0154.png	-	-	-
155	Unique	Unique	false	38	42	HiddenSingle,LockedCandidatesPointing,NakedQuad,NakedSingle,NakedPair,NakedTriple	17.32...........51....8....5.6..1......7..3..4...........5.4.6..8....2...........	178325.9..6....8519..1867235.6..198781.7..34.4.7....12...5.4168.8..1.2....1.....9	failures/top1465-0155.png	-	-	-
156	Unique	Unique	false	59	12	LockedCandidatesPointing,NakedPair,NakedTriple,ClaimingBoxLineReduction,NakedQuad	12......9.5..9.2.3........4.3.........18.........246......67.5...2.41.7.9........	12......9.5..9.2.3........4.3.........18.........246......67.5...2.41.7.9........	failures/top1465-0156.png	-	-	-
157	Unique	Unique	true	0	71	HiddenSingle,LockedCandidatesPointing,ClaimingBoxLineReduction,NakedQuad,NakedSingle	.8.....2...5..4.......61.....6...1.7...9...3.......6..23.8.........7.4..9........	481793526695284371723561948356428197172956834849137652234819765568372419917645283	-	-	-	-
158	Unique	Unique	false	28	48	HiddenSingle,LockedCandidatesPointing,NakedQuad,NakedSingle,NakedTriple	9.....7.1.2.4...........5..7.1..5....8.....3.............82..4.1.9.........39....	964..37.152741...3.1.76.5.4791.354...8.17.935.5.9...17675821349139....7..4.397156	failures/top1465-0158.png	-	-	-
159	Unique	Unique	false	58	18	HiddenSingle,LockedCandidatesPointing,NakedSingle,NakedTriple,ClaimingBoxLineReduction,NakedQuad	8...3.....2......6....5.7..5.1...9.....2.4......6.....7.....39....1...8..4.......	8...3.....2...1..6....5.7..561...9.....2.4......6.5...7....839....1...8..48......	failures/top1465-0159.png	-	-	-
160	Unique	Unique	true	0	84	HiddenSingle,LockedCandidatesPointing,ClaimingBoxLineReduction,NakedTriple,NakedSingle,NakedPair	63.2............857.........91.........8...4....7..6..2.....3......1...4....95...	638257419142963785759184263491526837567831942823749651215478396986312574374695128	-	-	-	-
161	Unique	Unique	true	0	76	HiddenSingle,LockedCandidatesPointing,ClaimingBoxLineReduction,NakedPair,NakedSingle,NakedTriple	1..5.3....7.....84...6.....5..1....2.2.....4..........6.....5......7.3....8.2....	164583279375219684892647153587164932926358741413792865649831527251476398738925416	-	-	-	-
162	Unique	Unique	true	0	74	HiddenSingle,LockedCandidatesPointing,NakedSingle,NakedQuad,ClaimingBoxLineReduction	.9.3...6.....7.5...1.......7.86..4.....9.2...5...........1...324...8.............	297358164684271593315469287728635419163942875549817326856194732432786951971523648	-	-	-	-
163	Unique	Unique	false	42	38	HiddenSingle,LockedCandidatesPointing,NakedQuad,NakedSingle,NakedPair,HiddenPair	4.....26..3..7.................8..536.1...8..........7...6.41...5.....8....2.....	417...26..3..7......9......9...8.653671.4.8..3859..4177986.41..25..1..8.1.32.8...	failures/top1465-0163.png	-	-	-
164	Unique	Unique	true	0	72	HiddenSingle,LockedCandidatesPointing,NakedSingle,ClaimingBoxLineReduction	...8....2.9....6...1.......8.7....3.....61...2............5.94.3..7........4..5..	673894152492513678518672394867945231934261785251387469726158943345729816189436527	-	-	-	-
165	Unique	Unique	true	0	77	HiddenSingle,LockedCandidatesPointing,NakedSingle,NakedTriple,ClaimingBoxLineReduction	...6..2.18.39.....5.........7..2.....6....4.....5...8.....41..79...............3.	794638251813952746526417398478326519265189473139574682352841967941763825687295134	-	-	-	-
166	Unique	Unique	true	0	74	HiddenSingle,LockedCandidatesPointing,NakedQuad,NakedSingle,NakedTriple	.64...9..1..2..................493..7......5.....56......5...17.43..............2	364178925158293746972465183825749361796321854431856279689532417243617598517984632	-	-	-	-
167	Unique	Unique	true	0	70	HiddenSingle,LockedCandidatesPointing,NakedSingle	...6.9.3.8.1.........7......6.5...7.....1.4......2....2.....5.4...3..8...9.......	524689731871235946936741285462593178357816492189427653213978564745362819698154327	-	-	-	-
168	Unique	Unique	true	0	81	HiddenSingle,LockedCandidatesPointing,NakedSingle,NakedPair,NakedQuad,HiddenPair,NakedTriple	.3..4.......5...9.9......2..6....8..5..7..........1...7.21.........8.3.6......4..	635249187821573694974618523267395841518764239493821765742136958159482376386957412	-	-	-	-
169	Unique	Unique	true	0	85	HiddenSingle,LockedCandidatesPointing,NakedTriple,NakedSingle,ClaimingBoxLineReduction,NakedPair,UniqueRectangle	.8..9....3......6....3...4.....1...5..2...9....7...8..65....1.....2.7........4...	786492351349571268125386749493718625812645937567923814654839172931257486278164593	-	-	-	-
170	Unique	Unique	true	0	74	HiddenSingle,LockedCandidatesPointing,NakedQuad,NakedSingle,NakedTriple	.8..51......6...2...........3....8.55.74...........1..4.6....7.....35...2........	782351964145697328369824751631972845597418632824563197456189273978235416213746589	-	-	-	-
171	Unique	Unique	true	0	83	HiddenSingle,LockedCandidatesPointing,NakedTriple,NakedSingle,ClaimingBoxLineReduction,NakedPair	.3.6..7......25....1.......2.9....8....4...3.5........8..79..........4.6......1..	435689712798125364612347859249513687186472935573968241861794523327851496954236178	-	-	-	-
172	Unique	Unique	true	0	78	HiddenSingle,LockedCandidatesPointing,NakedSingle,NakedTriple,NakedQuad,ClaimingBoxLineReduction	1...4........2.5...63........98...........45.......7.172..........3.9......6...8.	152743869987126543463598217579814326231967458648235791726481935814359672395672184	-	-	-	-
173	Unique	Unique	false	58	18	HiddenSingle,LockedCandidatesPointing,NakedSingle,NakedTriple,ClaimingBoxLineReduction,NakedQuad	6...3.....2......7....5.8..3.1...9.....2.4......7.....8.....59....1...6..4.......	6...3.....2...1..7....5.8..371...9.....2.4......7.3...8....659....1...6..46......	failures/top1465-0173.png	-	-	-
174	Unique	Unique	true	0	79	HiddenSingle,LockedCandidatesPointing,NakedSingle,NakedTriple,ClaimingBoxLineReduction,NakedPair	...7..2.18.39.....5.........4..6.....7....1.....5...8.....42..69...............3.	496738251823951764517426398148367529675289143239514687351842976982673415764195832	-	-	-	-
175	Unique	Unique	false	43	39	HiddenSingle,LockedCandidatesPointing,NakedQuad,NakedPair,NakedSingle,ClaimingBoxLineReduction	58..3...........219........76.2......4....8......9.5.....4.1.7.3...........6.....	581932746...5..9219.....3..76.2...3..4.3..8......9456..9.451.733..8.9....5.6.3...	failures/top1465-0175.png	-	-	-
176	Unique	Unique	true	0	76	HiddenSingle,LockedCandidatesPointing,ClaimingBoxLineReduction,NakedQuad,NakedPair,NakedSingle	..1....8....2..5.....6.........14.3.62....7..........927.8.........3...45........	361475982497281563852693417785914236629358741134762859273846195918537624546129378	-	-	-	-
177	Unique	Unique	true	0	81	HiddenSingle,LockedCandidatesPointing,NakedSingle,NakedPair,ClaimingBoxLineReduction,NakedTriple	3..4.9....8....6...........4.91.........6.2.8......5......3..7.52..........7...1.	316459827784213659295678134459182763173564298862397541641835972527941386938726415	-	-	-	-
178	Unique	Unique	true	0	75	HiddenSingle,LockedCandidatesPointing,ClaimingBoxLineReduction,NakedPair,NakedSingle	1...9..6..5.....4..6..3.......5.7..28..4.....9.........732...........8........1..	142895763358672941769134285614587392837429516925361478473218659291756834586943127	-	-	-	-
179	Unique	Unique	false	61	12	HiddenSingle,LockedCandidatesPointing,ClaimingBoxLineReduction,HiddenPair	8.75.........9.6..4.........6....2.95..7........4..3...3..2......1....8........1.	8.75.6.......9.6..4.6.......6....2.95..7........4..3...3..2......1....8........1.	failures/top1465-0179.png	-	-	-
180	Unique	Unique	true	0	76	HiddenSingle,LockedCandidatesPointing,NakedSingle,NakedPair,NakedQuad,NakedTriple	8..5..4......2..9..........5..3..1...76.........4.........69.241.....3......7....	827591463435628791691734258542386179376912845918457632783169524169245387254873916	-	-	-	-
181	Unique	Unique	false	56	2	HiddenSingle,Swordfish	5..7.........3..7...8..5..36..1..4...8..2..9...9..8..1...4..3...6..9..4...2..6..9	5..7.........3..7...8..5..36..1.94...8..2..9...9..8..1...4..3...6..9..4...2..6..9	failures/top1465-0181.png	-	-	-
182	Unique	Unique	false	57	4	HiddenSingle,FinnedXWing,FinnedSwordfish	......8...7..9..1...3..7..51..6......5..2..4...8..9..74.....2...6..1..5......6..3	......87..7..9.31...3..7..51..6......5..2..4...8..9..74.....2...6..1..5......6..3	failures/top1465-0182.png	-	-	-
183	Unique	Unique	true	0	78	HiddenSingle,LockedCandidatesPointing,NakedSingle,NakedTriple,ClaimingBoxLineReduction,NakedPair	7.2...4.....8.96.....5......8....5..3...1........4..7.1......32...6......9.......	752163489431829657968574321284796513375218946619345278146957832523681794897432165	-	-	-	-
184	Unique	Unique	true	0	75	HiddenSingle,LockedCandidatesPointing,NakedQuad,NakedSingle,NakedTriple	.19.6....2.....7...........3..4.1..........91....5..6....2.34...51.........7.....	819567243245139786673824159396481527524376891187952364968213475751648932432795618	-	-	-	-
185	Unique	Unique	true	0	83	HiddenSingle,LockedCandidatesPointing,ClaimingBoxLineReduction,NakedTriple,NakedSingle,NakedPair	63.2............857.........91.........8...4....7..6..2.....3......1...4....59...	638275419142963785759148263491526837567831942823794651215487396986312574374659128	-	-	-	-
186	Unique	Unique	true	0	79	HiddenSingle,LockedCandidatesPointing,NakedSingle,NakedPair,ClaimingBoxLineReduction	6.2...7.....8.95.....4......8....4..3...7........3..1.1......26...5......9.......	642351798731869542958427631287195463319674285564238917175943826423586179896712354	-	-	-	-
187	Unique	Unique	false	55	3	HiddenSingle,LockedCandidatesPointing	6.....3...5..9..8...2..6..98.....7...7..5..4......1..51..3..5...4..2..6...8..7..2	6.....3...5..9..8...2..6..98.5...7...7..5..4......1..512.3..5...4..2..6...8..7..2	failures/top1465-0187.png	-	-	-
188	Unique	Unique	true	0	75	HiddenSingle,LockedCandidatesPointing,NakedSingle	1.....54....9......7..........6.7..9..82.....4.3......62...........1..5.....3.8..	139768542546921783872354691251687439798243165463195278625879314387412956914536827	-	-	-	-
189	Unique	Unique	false	54	10	LockedCandidatesPointing,NakedTriple,NakedSingle,NakedQuad,HiddenSingle	..84...3....3.....9....157479...8........7..514.....2...9.6...2.5....4......9..56	..84...3....3.....9....157479...8........7..514.9...2...9.6...265....4......9..56	failures/top1465-0189.png	-	-	-
190	Unique	Unique	true	0	76	HiddenSingle,LockedCandidatesPointing,NakedQuad,NakedSingle,ClaimingBoxLineReduction,NakedTriple	2...4.3......1..75.........8..3.9..........54...2......15...6.....8..9...7.......	261547389389612475547938126824359761793186254156274893915723648432865917678491532	-	-	-	-
191	Unique	Unique	true	0	70	HiddenSingle,LockedCandidatesPointing,NakedSingle	...3...1..92.......4...........28.........7.3...5...6....79.4..8.....25.1........	687342519392156874541879326763928145925614783418537962256791438879463251134285697	-	-	-	-
192	Unique	Unique	true	0	76	HiddenSingle,LockedCandidatesPointing,NakedQuad,NakedSingle,NakedTriple	.19....5.4..2..................91.......5..6.7.....3.....3..4.7.61............2..	819437652436285179527169843643891725182753964795642381958326417261974538374518296	-	-	-	-
193	Unique	Unique	true	0	73	HiddenSingle,LockedCandidatesPointing,NakedSingle,NakedQuad,HiddenPair,NakedPair	.342...5.....87....1.........24...3..5....2..6...........3....12.....7..8........	734296158526187493918543672182475936357961284649832517475329861293618745861754329	-	-	-	-
194	Unique	Unique	true	0	83	HiddenSingle,LockedCandidatesPointing,ClaimingBoxLineReduction,NakedTriple,NakedSingle,NakedPair	63.2............857.........91.........8...4....7..6..2.....3......5...4....19...	638275419142963785759148263491526837567831942823794651215487396986352174374619528	-	-	-	-
195	Unique	Unique	true	0	78	HiddenSingle,LockedCandidatesPointing,ClaimingBoxLineReduction,NakedTriple,NakedSingle,NakedQuad	36.1...5.....4.29......7...61............94..8..........2.5.......8....6........3	367192854158643297249587361614278935725369418893415672432756189971834526586921743	-	-	-	-
196	Unique	Unique	true	0	76	HiddenSingle,LockedCandidatesPointing,NakedSingle,ClaimingBoxLineReduction,NakedPair	.2.8..3.....7.....9............6.74..3.2......1.....5.4.5.9..........8.16........	527849316148736925963512478859163742736254189214987653485691237392475861671328594	-	-	-	-
197	Unique	Unique	false	56	7	HiddenSingle,NakedTriple,NakedQuad,Swordfish,FinnedSwordfish	2..7..1......5..9...1..4..3......8......4..6...9..6..27..5..6...5..7..3...6..3..1	2..7..1......5..9...1..4..3......8......4..6...9..6..27..5..6...5.67..3...64.3..1	failures/top1465-0197.png	-	-	-
198	Unique	Unique	true	0	72	HiddenSingle,LockedCandidatesPointing,NakedSingle,NakedPair	2.65....8....413..9............5.73.8..6...............7....4.....2.9....1.......	246537918785941326931862574624158739857693241193724865579316482468279153312485697	-	-	-	-
199	Unique	Unique	true	0	81	HiddenSingle,LockedCandidatesPointing,NakedSingle,NakedPair,HiddenPair,ClaimingBoxLineReduction	8.5.....2...9.1...3.........6.7..4..2...5...........6....38.....9....7...4.....1.	815674932426931857379825146561793428284156379937248561152387694693412785748569213	-	-	-	-
200	Unique	Unique	false	56	5	HiddenSingle,LockedCandidatesPointing,Swordfish	6..1..7......7..8...9..8..37..4..5...3.....2...4..5..81..2..4.........5...6..9...	6..1..7......7..8..79..8..37..4..5...3.....24..4..5.781..2..4.........5...6..9...	failures/top1465-0200.png	-	-	-
201	Unique	Unique	false	55	4	HiddenSingle,XWing,FinnedSwordfish	3..5..1...7.....8...8..4..66..4..9...3..6..5...7..1..48..1..3......2..6...2..9...	3..5..1...7.....8...8..4..66..4..9...3..6..5...7..16.48..1..3....3.2..6...2..9...	failures/top1465-0201.png	-	-	-
202	Unique	Unique	true	0	71	HiddenSingle,LockedCandidatesPointing,NakedSingle,NakedPair	.1.4.9.........32....7.........56..48...3..........7.95.....8..2......6....1.....	713429658489615327625783941197856234842937516356241789561374892274598163938162475	-	-	-	-
203	Unique	Unique	false	56	8	LockedCandidatesPointing,HiddenPair,NakedSingle	12.4.........8...37....6...........8.....2.45..59...6..1...4.9..7....8..96..1..2.	12.4.....45..8...37....6...........8.....2.45..59...6..1...4.9..7....8..96..1..2.	failures/top1465-0203.png	-	-	-
204	Unique	Unique	false	54	7	HiddenSingle,LockedCandidatesPointing,ClaimingBoxLineReduction	......94.....9...53....5.7..8.4..1..463...........7.8.8..7.....7......28.5.26....	....7.94..7..9...53....5.7..874..1..463...........7.8.8..7.....7......28.5.268...	failures/top1465-0204.png	-	-	-
205	Unique	Unique	false	57	2	NakedSingle,HiddenSingle	.......4...2..4..1.7..5..9...3..7....4..6....6..1..8...2....1..85.9...6.....8...3	.......4...2..4..1.7..5..9...3..7....4..6....69.1..8..32....1..85.9...6.....8...3	failures/top1465-0205.png	-	-	-
206	Unique	Unique	false	43	37	HiddenSingle,LockedCandidatesPointing,NakedQuad,NakedSingle,NakedPair,HiddenPair	....3..7..2....8...1.......3...6.2..2..1..5..7.4......6......4....2.5......8.....	.4693.17.9274518...136.74.93.1.6.2..2.81..5..7.4......68..1..4...92.5......8.6...	failures/top1465-0206.png	-	-	-
207	Unique	Unique	false	55	5	HiddenSingle,NakedQuad,LockedCandidatesPointing,HiddenPair	53..2.9...24.3..5...9..........1.827...7.........981.............64....91.2.5.43.	53..2.9...24.3..5...9..........1.827...7...9.....981.............64....91.2.5.43.	failures/top1465-0207.png	-	-	-
208	Unique	Unique	true	0	71	HiddenSingle,LockedCandidatesPointing,NakedSingle	1.83..........72..3..6.....642.5...........61.7........5....4.....8...3..........	198342657465187293327695814642751389539428761871963542953216478216874935784539126	-	-	-	-
209	Unique	Unique	true	0	79	HiddenSingle,LockedCandidatesPointing,NakedPair,NakedSingle,ClaimingBoxLineReduction	.8..4....3......1........2...5...4.69..1..8..2...........3.9....6....5.....2.....	781942365324576918659831724815723496936154872247698153578369241162487539493215687	-	-	-	-
210	Unique	Unique	false	54	21	HiddenSingle,LockedCandidatesPointing,NakedSingle,NakedTriple,NakedQuad,FinnedSwordfish	1.27...8.....56...3............9.7.4...2.....8...........1...3..9....5...6....4..	1.27.9.8.....56...3.6...9....5.987.4...2..8..8..5........1...39.9....5...6.9..4..	failures/top1465-0210.png	-	-	-
211	Unique	Unique	false	59	17	HiddenSingle,LockedCandidatesPointing,NakedSingle,ClaimingBoxLineReduction,NakedQuad	2..4......7....6.....5....1...8...2583..9.................6.37.4.1............9..	2..4......7....6.....5....1...8...2583..9.......6..8......6.37.4.1.........2..91.	failures/top1465-0211.png	-	-	-
212	Unique	Unique	true	0	78	HiddenSingle,LockedCandidatesPointing,NakedQuad,HiddenPair,ClaimingBoxLineReduction,NakedSingle	3.2....4..7..85.............9..6.8.....2...3....1..........95.72..4.....1........	382716945974385162615942378793564821541298736826137459438629517259471683167853294	-	-	-	-
213	Unique	Unique	true	0	78	HiddenSingle,LockedCandidatesPointing,NakedQuad,NakedSingle,NakedPair,NakedTriple,FinnedXWing	5.4....6.....21...3........27..9...8...5...3...........1....7.96..4...........2..	524987163867321594391654872276193458148562937953748621415236789682479315739815246	-	-	-	-
214	Unique	Unique	true	0	79	HiddenSingle,LockedCandidatesPointing,NakedQuad,NakedSingle,NakedPair	....28.7.4.1...........5......1..4.6.2..7..........3..6..34.....8.2...5..........	963428175451739862872615934597183426326974518148562397615347289784291653239856741	-	-	-	-
215	Unique	Unique	false	57	7	HiddenSingle,LockedCandidatesPointing,NakedQuad,HiddenPair	....8.4..4.......7..69....3.......7...7..62.5.9...2..1..3....5..8..14......32..1.	....8.4..4.......7..694...3.......7...7..62.5.9...2..1..3....5..8..14......32..1.	failures/top1465-0215.png	-	-	-
216	Unique	Unique	false	51	14	NakedSingle,LockedCandidatesPointing,ClaimingBoxLineReduction,NakedQuad,HiddenSingle	1..........6.....3.8....4.1...6785.4...9........5..76...2......59.814......3..9..	1..4.......61....3.8.2..4.1..16785.4...94.......5.176...27.....59.814......3..9..	failures/top1465-0216.png	-	-	-
217	Unique	Unique	false	57	17	LockedCandidatesPointing,ClaimingBoxLineReduction,NakedTriple,NakedSingle,NakedQuad,HiddenSingle,NakedPair,FinnedSwordfish	.2..5...9..618..73............5....8...938....1.....6...1....2......4....973..4..	.2..5...9..618..73...........45....8...938....1.....65..1....2......4....973..4..	failures/top1465-0217.png	-	-	-
218	Unique	Unique	false	48	30	HiddenSingle,LockedCandidatesPointing,NakedSingle,ClaimingBoxLineReduction,NakedPair	5.2....4.....81...6............3.7..4..5............9..97...3.....2...6..1....8..	582...641...6815..6.14..9...2..347.64..5..2........49..97...3.....2..16..16...8..	failures/top1465-0218.png	-	-	-
219	Unique	Unique	true	0	78	HiddenSingle,LockedCandidatesPointing,ClaimingBoxLineReduction,NakedPair,NakedSingle	24.7.........5...6..........59...3.....1.8....6.......3.....27.8.....14.....9....	245786931981354726637912854159427368423168597768539412316845279892673145574291683	-	-	-	-
220	Unique	Unique	true	0	79	HiddenSingle,LockedCandidatesPointing,NakedSingle,ClaimingBoxLineReduction,NakedTriple,NakedQuad,NakedPair	5...7........4.6....3....9.2.....7.1...9.8......3.....42....5.....1...8..6.......	596873142812549673743261895289654731637918254154327968428736519375192486961485327	-	-	-	-
221	Unique	Unique	true	0	74	HiddenSingle,LockedCandidatesPointing,NakedQuad,NakedSingle,NakedTriple	5.....3.....1...2....4.6.........5.8.6.2...........9...1.....499...3....8...9....	541928376697153824283476195732649518169285437458317962315862749976534281824791653	-	-	-	-
222	Unique	Unique	true	0	70	HiddenSingle,LockedCandidatesPointing,NakedSingle	...1..5..4......6..........6.2.4....5.....8.37.........315..........7.2..5.8.....	328176594495238761176459238682743159549621873713985642931562487864317925257894316	-	-	-	-
223	Unique	Unique	true	0	75	HiddenSingle,LockedCandidatesPointing,NakedQuad,NakedSingle,ClaimingBoxLineReduction,NakedTriple	.2.41.....8...7.3..........7.5....6....18....3...........6..4.16....5.........2..	923418675184567932576392814715924368269183547348756129832679451691245783457831296	-	-	-	-
224	Unique	Unique	false	53	3	LockedCandidatesPointing,ClaimingBoxLineReduction	....7.94..7..9...53....5.7..874..1..463.8.........7.8.8..7.....7......28.5.268...	....7.94..7..9...53....5.7..874..1..463.8.........7.8.8..7.....7......28.5.268...	failures/top1465-0224.png	-	-	-
225	Unique	Unique	false	57	10	HiddenSingle,LockedCandidatesPointing,NakedPair,NakedQuad,FinnedXWing	.4.5.....8...9..3..76.2.....146..........9..7.....36....1..4.5..6......3..71..2..	.4.5.....8...9..3..76.2.....146.....6....9..7.....36....1..4.5..6......3..71..2..	failures/top1465-0225.png	-	-	-
226	Unique	Unique	false	33	48	HiddenSingle,LockedCandidatesPointing,NakedQuad,NakedSingle,NakedPair,ClaimingBoxLineReduction,NakedTriple	..14.7...5.....6.....8.....4.86...7.....2.3...........63..5...........41.2.......	..14.79255..21.68....8.5.134586..172.1..2.3.......1..9634152.9...53762411279..536	failures/top1465-0226.png	-	-	-
227	Unique	Unique	true	0	78	HiddenSingle,LockedCandidatesPointing,NakedSingle,NakedPair,ClaimingBoxLineReduction	2.4...8.....3.4.............3.5.7...6.....4.2...1......1.....5.8...9........6..7.	254719863796384125381652794132547689675938412948126537419873256867295341523461978	-	-	-	-
228	Unique	Unique	false	36	26	LockedCandidatesPointing,ClaimingBoxLineReduction,NakedQuad,HiddenSingle,NakedSingle,NakedPair	.2.4....94..189.......62.5......63..3..94.5.......8.1..........8.2..4...964.....7	1234....9456189..37..36245124...63.83..94.5..6.5238.145......4.8.2..4..5964.....7	failures/top1465-0228.png	-	-	-
229	Unique	Unique	false	54	8	HiddenSingle,ClaimingBoxLineReduction,NakedQuad,XWing,FinnedSwordfish,LockedCandidatesPointing	6..9..4...4..5..3...8..6..55..7..3...7..2......2..5..41..6.........3..8...6..2..1	6..9..4...4..5..3...8..6..55..7..3...7..2.56...2..5..41..6....3....3..8...6..2..1	failures/top1465-0229.png	-	-	-
230	Unique	Unique	true	0	71	HiddenSingle,LockedCandidatesPointing,NakedSingle	4.....8.5.3..........7......2.....6.....8.4......1.......6.3.7.5..2.....1.4......	417369825632158947958724316825437169791586432346912758289643571573291684164875293	-	-	-	-
231	Unique	Unique	false	54	8	HiddenSingle,LockedCandidatesPointing,ClaimingBoxLineReduction	....5...11......7..6.....8......4.....9.1.3.....596.2..8..62..7..7......3.5.7.2..	....5...11......7..6.....8...6..4.....9.1.3.....596.2..8..62..7627..5...3.5.7.2..	failures/top1465-0231.png	-	-	-
232	Unique	Unique	false	54	2	HiddenSingle,XWing	9..7..3...5..2..1...7.....93..6..7...6..5..3...2..8..61..4..6...4..6..8...6..3..4	9..7..3...5..2..17..7.....93..6..7...6..5..3...2..8..61..4..6...4..6..8...6..3..4	failures/top1465-0232.png	-	-	-
233	Unique	Unique	false	57	16	HiddenSingle,LockedCandidatesPointing,NakedTriple,NakedSingle,NakedQuad	.2.8....51.....93............84..2......1........6....61.....7....2.5..43........	.2.8....51.....93............84..2......1......1.6....61.984.7....235..43...7....	failures/top1465-0233.png	-	-	-
234	Unique	Unique	true	0	71	HiddenSingle,LockedCandidatesPointing,NakedSingle	.2..5.6.8...7..4.....1.3....6..4....3......5........1.7..3.5.........2......8....	127954638536728491498163527961547382384291756275836914742315869813679245659482173	-	-	-	-
235	Unique	Unique	true	0	74	LockedCandidatesPointing,ClaimingBoxLineReduction,NakedPair,HiddenSingle,NakedSingle	..3......4.6.......8.231..62...9..715.......8....4...3....7...........9...1.68..7	123456789456789132789231546238695471594317268617842953362974815875123694941568327	-	-	-	-
236	Unique	Unique	false	59	17	HiddenSingle,LockedCandidatesPointing,NakedSingle,NakedQuad,ClaimingBoxLineReduction	2...9...8...4..7..6.........4.3.7..........92...1.....5...6..........31....5.8...	2...9...8...4..7..6.........4.3.7..........928..1.9...5...6..........3154..5.8...	failures/top1465-0236.png	-	-	-
237	Unique	Unique	true	0	73	LockedCandidatesPointing,NakedTriple,NakedSingle,HiddenSingle	...3..16..27.........9......48.2.......6..9......8........74.2.3.....5..1........	489352167627418395513967248948521736751643982236789451895174623372896514164235879	-	-	-	-
238	Unique	Unique	true	0	76	LockedCandidatesPointing,NakedQuad,NakedSingle,HiddenSingle,UniqueRectangle	..1...5.....2.9......8..3..53..4...........726.........2.1...894...3.............	891473526763259841254816397537642918149385672682791453325164789418937265976528134	-	-	-	-
239	Unique	Unique	true	0	71	HiddenSingle,LockedCandidatesPointing,NakedPair,NakedSingle	..1...8.....6.4.......3.......72....4......5..9.....3.6.....2.1...8..7..31.......	931572846825614379746938125563729418478163952192485637684357291259841763317296584	-	-	-	-
240	Unique	Unsolvable	false	2	67	NakedSingle,HiddenSingle,LockedCandidatesPointing,NakedTriple,ClaimingBoxLineReduction,NakedQuad,UniqueRectangle,FinnedXWing	.......2...43...965....21..1.....7........432....5..1..6.........597...8.9.68....	81954632727431859653679218418243976595786143264325781976812495332597.64849168327.	failures/top1465-0240.png	37:NakedSingle:C1:9->1	36:NakedTriple:C1:-1	36:NakedTriple:elimination:C1:-1
241	Unique	Unique	false	56	9	HiddenSingle,LockedCandidatesPointing,NakedTriple	..345..8..........7.9.31...24...7.....8..9..5....1..2..7....29.8..........2...6.4	..345..8..........7.9.31...24...7.....8..9..5..7.1..2..7....2988..........2...6.4	failures/top1465-0241.png	-	-	-
242	Unique	Unique	true	0	74	LockedCandidatesPointing,NakedTriple,NakedSingle,HiddenSingle	...3..18..26.........9......47.2.......5..9......7........64.2.3.....5..1........	479352186826417395513986247947823651638541972251679438795164823362798514184235769	-	-	-	-
243	Unique	Unique	true	0	72	HiddenSingle,LockedCandidatesPointing,NakedSingle	52...6.........7.13...........4..8..6......5...........418.........3..2...87.....	527316489896542731314987562172453896689271354453698217941825673765134928238769145	-	-	-	-
244	Unique	Unique	false	55	1	HiddenSingle	2..5..6...9.....3...1..9..44..9..7...5..4..8...7..1..6...1..3...2..7..9...8..3..5	2..5..6.9.9.....3...1..9..44..9..7...5..4..8...7..1..6...1..3...2..7..9...8..3..5	failures/top1465-0244.png	-	-	-
245	Unique	Unique	true	0	73	HiddenSingle,LockedCandidatesPointing,NakedSingle	6.....8.3.4.7.................5.4.7.3..2.....1.6.......2.....5.....8.6......1....	617459823248736915539128467982564371374291586156873294823647159791385642465912738	-	-	-	-
246	Unique	Unique	false	56	1	LockedCandidatesPointing	9.4..5...25.6..1..31......8.7...9...4..26......147....7.......2...3..8.6.4.....9.	9.4..5...25.6..1..31......8.7...9...4..26......147....7.......2...3..8.6.4.....9.	failures/top1465-0246.png	-	-	-
247	Unique	Unique	false	56	7	HiddenSingle,LockedCandidatesPointing	..9..63...72..........17..51..3..9..........86.84....1.6.........1.2....9.3...45.	.19..63...72........6.17..51..3..9..........86.84....1.6.........1.2....9.3...45.	failures/top1465-0247.png	-	-	-
248	Unique	Unique	false	56	9	LockedCandidatesPointing,NakedPair,NakedSingle,ClaimingBoxLineReduction,NakedQuad,HiddenSingle	..24............98..8..16...5....826....4.7..7..8...5...167....3...92.....9......	..24............98..8..164..54...826....4.7..7..8...5...167....3...92.....9......	failures/top1465-0248.png	-	-	-
249	Unique	Unique	false	48	26	HiddenSingle,LockedCandidatesPointing,NakedPair,NakedSingle,ClaimingBoxLineReduction,NakedQuad,NakedTriple,UniqueRectangle,FinnedXWing	...85......5..6.1..6.....5..3......147.9............26.9.6.38...8...1.9...3......	...85.63..45..6.1..6.....5..3....9.147.9.2583.......26.9.6.38...8...139...3...16.	failures/top1465-0249.png	-	-	-
250	Unique	Unique	false	46	23	HiddenSingle,LockedCandidatesPointing,ClaimingBoxLineReduction,NakedTriple,NakedQuad,NakedSingle	......6894......7.....26...2...6.34...49..8.2...........87.5....6.83......7......	...4..6894.6.8927...9.26...29..68347..49..8.2...2.......87.5....6.83.7....76....8	failures/top1465-0250.png	-	-	-
251	Unique	Unique	false	52	13	HiddenSingle,LockedCandidatesPointing,ClaimingBoxLineReduction,NakedTriple,NakedSingle,NakedPair,FinnedXWing	.5.3.7.4.1.........3.......5.8.3.61....8..5.9.6..1........4...6...6927....2...9..	.5.3.7.4.1.....3...3.......5.8.3.612...8..5.9.6..1.4......4..26...6927..6.2...9..	failures/top1465-0251.png	-	-	-
252	Unique	Unique	false	40	26	HiddenSingle,LockedCandidatesPointing,ClaimingBoxLineReduction,NakedSingle,FinnedXWing	.2......6....41.....78....1......7....37.....6..412....1..74..5..8.5..7......39..	.2...7..6.35641..7.6782...1......7....37.....679412..831.974..5.98.56.7375..839..	failures/top1465-0252.png	-	-	-
253	Unique	Unique	true	0	71	HiddenSingle,LockedCandidatesPointing,NakedSingle	.175..6.....4....3.6....5..8.4....2.....51...3............6.7..2..8..............	917523684582496173463718592854679321629351847371284956145962738296837415738145269	-	-	-	-
254	Unique	Unique	true	0	74	HiddenSingle,LockedCandidatesPointing,NakedSingle,NakedPair	2.6.9...........847.........8.4......15...........76..9.....2.....3....5...1...3.	246798153591236784738541926687413592415962378329857641953684217174329865862175439	-	-	-	-
255	Unique	Unique	false	55	15	NakedSingle,HiddenSingle,LockedCandidatesPointing,ClaimingBoxLineReduction,NakedPair,HiddenTriple,FinnedXWing,FinnedSwordfish	.2.4...5......6..44.....91.8.........3.7.4...27.8.3.....95.1.2.5....2.3........8.	.2.4...5......6.744.....91.8.........3.7.4...27.8.3.....95.1.2.5....2.3...2....8.	failures/top1465-0255.png	-	-	-
256	Unique	Unique	true	0	72	HiddenSingle,LockedCandidatesPointing,NakedQuad,NakedSingle	.2......5...7...4....3.9....8..62...3..4...7..............5.8.64.1............2..	729146385638725149514389762187562493352491678946873521273954816461238957895617234	-	-	-	-
257	Unique	Unique	true	0	79	HiddenSingle,LockedCandidatesPointing,NakedSingle,NakedTriple,ClaimingBoxLineReduction	1..4.8....5....7...........4.63.........7.59........2....8....16.......3.9..2....	137498652954263718268517439426359187813672594579184326742835961685941273391726845	-	-	-	-
258	Unique	Unique	false	36	27	HiddenSingle,LockedCandidatesPointing,ClaimingBoxLineReduction,NakedQuad,NakedSingle,NakedPair	.2.4....94..18........62.5......63..3..94.5.......8.1..........8.2..4...964.....7	1234....9456189..37..36245124...63.83..94.5..6.5238.145......4.8.2..4..5964.....7	failures/top1465-0258.png	-	-	-
259	Unique	Unique	false	57	7	HiddenSingle,LockedCandidatesPointing,HiddenTriple	.2....4..7.......6..8..7.....3..89.........42.541.........6....5....93.....34..81	.2....4..7....4..6..8..7.....34.89.........42.541.........6....5....93.....34..81	failures/top1465-0259.png	-	-	-
260	Unique	Unique	false	57	8	LockedCandidatesPointing,NakedPair,NakedSingle,HiddenSingle,Swordfish,FinnedXWing	..8.9.1...6.5...2......6....3.1.7.5.........9..4...3...5....2...7...3.8.2..7....4	..839.1...6.5...2......6....3.1.7.5.....3...9..4...3...5....2...7...3.8.2..7....4	failures/top1465-0260.png	-	-	-
261	Unique	Unique	false	56	1	ClaimingBoxLineReduction	..6..3....97..513..2..91.8........7.6.........41.....9...5..8.....3.47....4.16..5	..6..3....97..513..2..91.8........7.6.........41.....9...5..8.....3.47....4.16..5	failures/top1465-0261.png	-	-	-
262	Unique	Unique	false	46	19	HiddenSingle,LockedCandidatesPointing,ClaimingBoxLineReduction,FinnedXWing,FinnedSwordfish,NakedPair,NakedSingle	1.....9...64..1.7..7..4.......3.....3.89..5....7....2.....6.7.9.....4.1....129.3.	1...3.9...64.91.7.973.4.......3...9.3.89..5...974...2.....637.9.39..4.1.7..129.3.	failures/top1465-0262.png	-	-	-
263	Unique	Unique	true	0	69	LockedCandidatesPointing,ClaimingBoxLineReduction,NakedQuad,HiddenPair,HiddenSingle,NakedSingle	...9...612.7...3.....8....54.9....5.....5...9.7.6..........314.3.......6.1...2...	834925761257146398961837425489271653126354879573698214798563142342719586615482937	-	-	-	-
264	Unique	Unique	true	0	73	HiddenSingle,LockedCandidatesPointing,ClaimingBoxLineReduction,NakedTriple,NakedSingle	...3..18..26.........5......47.2.......1..3......7........64.2.9.....5..1........	475392186826417935319586247547823619698145372231679458753964821982731564164258793	-	-	-	-
265	Unique	Unique	true	0	61	HiddenSingle,LockedCandidatesPointing,ClaimingBoxLineReduction,NakedSingle	.....7.95.....1...86..2.....2..73..85......6...3..49..3.5...41724................	132467895957381246864529731429673158578912364613854972385296417241735689796148523	-	-	-	-
266	Unique	Unique	false	50	16	HiddenSingle,LockedCandidatesPointing,NakedPair,NakedTriple,NakedSingle,NakedQuad	.237....68...6.59.9.....7......4.97.3.7.96..2.........5..47.........2....8.......	.23759..687.26.59.9.....72.....4.97.3.7.96..2....27...5..47.........2....8...5...	failures/top1465-0266.png	-	-	-
267	Unique	Unique	true	0	71	HiddenSingle,LockedCandidatesPointing,NakedSingle	24....6......9...8......7..419...5.....3.2......4.....3......4.6..7............1.	248175693573694128196238754419867532865312479732459861357981246621743985984526317	-	-	-	-
268	Unique	Unique	false	55	4	HiddenSingle,LockedCandidatesPointing	....62.9...9.....52.....4.1...8..1.6.9.5...7.1...3......76....83...2.6...1...3...	..1.62.9...9.....52.....4.1...8..1.6.9.5...7.1..23......76....83...2.6...1...3...	failures/top1465-0268.png	-	-	-
269	Unique	Unique	false	53	14	HiddenSingle,LockedCandidatesPointing,NakedPair,ClaimingBoxLineReduction,NakedSingle,NakedQuad	38.6.......9.......2..3.51......5....3..1..6....4......17.5..8.......9.......7.32	3856.1...1.95......2..3.51......5....3..1..6....4......17.5..8...31..9.......7132	failures/top1465-0269.png	-	-	-
270	Unique	Unique	false	55	9	HiddenSingle,LockedCandidatesPointing	49..6..53.......7.1.6............2..9....4.1...7..5.8..3.7.8....1..9........2.4..	492.67.53.......7.176........1...2..9....4.1...7..5.8..3.7.8....1..9........2.4..	failures/top1465-0270.png	-	-	-
271	Unique	Unique	false	39	27	HiddenSingle,LockedCandidatesPointing,ClaimingBoxLineReduction,NakedPair,NakedQuad,NakedSingle	.2.4....94..18.......36..5......63..3..94.5.......8.1........4.8.2......96......7	1234....9456189..37..3624512....63.83..94.5..6.5238.145......4.8.2.....596......7	failures/top1465-0271.png	-	-	-
272	Unique	Unique	false	48	22	HiddenSingle,LockedCandidatesPointing,NakedQuad,NakedSingle,NakedPair,FinnedXWing,UniqueRectangle	...5...........5.697.....2...48.2...25.1...3..8..3.........4.7..13.5..9..2...31..	...52..4..423..5.6975....2...48.2...25.1...3..8..35.6.....14.7..13.5..9..2...31..	failures/top1465-0272.png	-	-	-
273	Unique	Unique	false	57	2	HiddenSingle,LockedCandidatesPointing	6....38......2...7..95.....96.18....7.........8.....49.........3.2.95...1..6..2.5	6....38......2...7..95.....96.18....7.........8.....49..6......3.2.95...1..6..2.5	failures/top1465-0273.png	-	-	-
274	Unique	Unique	false	57	2	HiddenSingle,FinnedXWing	.6.........3..15...9.8...716....2.3....75...4....9...82.1.....6..6.......8.5...4.	16.........3..15...9.8...716....2.3....75...4....9...82.1.....6..6.......8.5...4.	failures/top1465-0274.png	-	-	-
275	Unique	Unique	true	0	74	HiddenSingle,LockedCandidatesPointing,NakedQuad,NakedSingle,ClaimingBoxLineReduction,NakedPair	...2.5......1..7...3......45.17............83....6....1.....25.....4.8...6.......	417295638698134725235678914581723496726459183943861572174386259352947861869512347	-	-	-	-
276	Unique	Unique	false	56	10	HiddenSingle,LockedCandidatesPointing,NakedPair,ClaimingBoxLineReduction,NakedQuad,Swordfish	12.....8.4.......2..9..35.....9.8....7..2..5...1..42......65..7.......61..83.....	12.....8.4.......2..92.35.....9.8....7..2..5...1..42......65..7.......61..83....5	failures/top1465-0276.png	-	-	-
277	Unique	Unique	true	0	82	HiddenSingle,LockedCandidatesPointing,ClaimingBoxLineReduction,NakedTriple,NakedQuad,NakedSingle,NakedPair	.26..4.......3..8........7..97...5.....28.......1..........56.93.....4..1........	726814395951736284483592176897463521514287963632159847248375619379621458165948732	-	-	-	-
278	Unique	Unique	false	53	8	NakedTriple,NakedQuad,NakedSingle,HiddenSingle,LockedCandidatesPointing,ClaimingBoxLineReduction,FinnedXWing	...9...86......5......5...1.2......47.85...9.4..36....2....3....4.69..7.67..1.4..	...9...86......5......5...1.26.....47.85..69.4..36....2....3.6..4.69..7.67..1.4..	failures/top1465-0278.png	-	-	-
279	Unique	Unique	false	56	7	HiddenSingle,LockedCandidatesPointing,HiddenPair,FinnedXWing,FinnedSwordfish	..3.4..1....192......3....7..4.6....5...34..2.8.9.........7...67......58.29....3.	..3.4..1....192......3....7..4.6....5...34..2.8.9.........7...67......58.29...73.	failures/top1465-0279.png	-	-	-
280	Unique	Unique	false	54	9	HiddenSingle,LockedCandidatesPointing,NakedTriple	1...5.......2.1.....3.7..6.........962......7.8593.....3..6..8..7....1..5....4.7.	1...5.......2.1.....3.7..613.......9629.....7.8593..1..3..6..8..7....1..5....4.7.	failures/top1465-0280.png	-	-	-
281	Unique	Unique	false	53	8	NakedSingle,HiddenSingle,ClaimingBoxLineReduction,NakedPair,LockedCandidatesPointing	.6.5.1.9.1...9..539....7....4.8...7.......5.8.817.5.3.....5.2............76..8...	.6.5.1.9.12..9..539....7....4.8...7.......5.8.817.5.3.....5.2.7....7.....76..8...	failures/top1465-0281.png	-	-	-
282	Unique	Unique	true	0	75	HiddenSingle,LockedCandidatesPointing,NakedSingle,NakedPair	2.....9.....3...7....7....69.5.2...........481............1.5...46.......3.8.....	267548931459361872318792456985124367623957148174683295792416583846235719531879624	-	-	-	-
283	Unique	Unique	false	55	20	NakedSingle,LockedCandidatesPointing,HiddenPair,FinnedSwordfish,HiddenSingle,ClaimingBoxLineReduction,NakedTriple,Swordfish	...2.13...7.....9.5........4...9..8.8.....1.....3..2..9...7..5...16..............	6..2.13..17.....9.5........41..9..8.8.....1..7..3182..9..17..5...16.......7......	failures/top1465-0283.png	-	-	-
284	Unique	Unique	false	56	4	HiddenSingle,LockedCandidatesPointing	.47.2....8....1....3....9.2.....5...6..81..5.....4.....7....3.4...9...1.4..27.8..	.47.2....8....1....3....9.2.....5...6..81..5.....4.....7.1..3.4...9.4.1.4..27.8..	failures/top1465-0284.png	-	-	-
285	Unique	Unique	false	57	9	HiddenSingle,LockedCandidatesPointing,NakedTriple,NakedSingle,NakedPair,NakedQuad	....8...7.......5.9..6.1...2.6..4.9.......1.....9..3.64.8.5....6...7.8....23.....	....8...78......5.9..6.1...2.6..4.9.......1.....9..3.64.8.5....6...7.8....23.8...	failures/top1465-0285.png	-	-	-
286	Unique	Unique	true	0	75	HiddenSingle,LockedCandidatesPointing,NakedSingle,NakedPair	2.....9.....4...7....7....69.5.2...........831............1.5...36.......4.8.....	267538914319462875458791326985123467624957183173684259792316548836245791541879632	-	-	-	-
287	Unique	Unique	false	56	8	ClaimingBoxLineReduction,NakedTriple,NakedSingle,LockedCandidatesPointing,NakedQuad	.27..46..8...9.....5......154.........1.....82...3.91....6...7......2.....28.7.46	.27.846..8...9.....5......154.........1.....82...3.91....6...7......2.....28.7.46	failures/top1465-0287.png	-	-	-
288	Unique	Unique	true	0	73	HiddenSingle,LockedCandidatesPointing,NakedTriple,NakedQuad,HiddenPair,NakedSingle	....5......913.8..1.6.2.....9......673.9........4....14.............36........352	348659217279134865156728493591382746734916528682475931423567189815293674967841352	-	-	-	-
289	Unique	Unique	false	55	5	HiddenSingle,LockedCandidatesPointing,FinnedXWing	.52..68.......7.2.......6....48..9..2..41......1.....8..61..38.....9...63..6..1.9	.52..68.......7.2......16....48..9..2..41......1.....8..61..38.....9...63..6..1.9	failures/top1465-0289.png	-	-	-
290	Unique	Unique	true	0	71	HiddenSingle,LockedCandidatesPointing,NakedSingle	1..53..7..48.........2.........681..3.......2.....1....1....4..5..7...........6..	169534278248197536753286914472368195391475862685921743817653429526749381934812657	-	-	-	-
291	Unique	Unique	true	0	76	HiddenSingle,LockedCandidatesPointing,NakedQuad,NakedSingle,NakedPair	.98.1....2......6.............3.2.5..84.........6.........4.8.93..5...........1..	498716523257839461136425987971382654684157392523694718765241839319578246842963175	-	-	-	-
292	Unique	Unique	true	0	68	NakedSingle,HiddenSingle,LockedCandidatesPointing,ClaimingBoxLineReduction	.3....2......8........1......7....8..2.5........2..3..1.8....749.....5.......56..	834756291612984735795312846567139482329548167481267359158623974946871523273495618	-	-	-	-
293	Unique	Unique	false	54	15	NakedSingle,LockedCandidatesPointing,HiddenSingle,ClaimingBoxLineReduction,HiddenPair,NakedTriple	.........9......84.623...5....6...453...1...6...9...7....1.....4.5..2....3.8....9	.........9......84.623...51...6...453..41..96...9...7....1....74.57.2....3.8....9	failures/top1465-0293.png	-	-	-
294	Unique	Unique	false	58	16	HiddenSingle,LockedCandidatesPointing,NakedQuad	6.2.5.........4.3..........43...8....1....2........7..5..27...........81...6.....	6.2.5.........4.32.....2...43..28....1....2........7..5..27...........81...68..27	failures/top1465-0294.png	-	-	-
295	Unique	Unique	false	53	12	HiddenSingle,LockedCandidatesPointing,ClaimingBoxLineReduction,NakedPair,NakedSingle	...8....9.873...4.6..7.......85..97...........43..75.......3....3...145.4....2..1	3..8..7.9.873...4.6..7.......85..97......8....43..75.....4.3....3...145.4....2..1	failures/top1465-0295.png	-	-	-
296	Unique	Unique	false	52	16	HiddenSingle,LockedCandidatesPointing,NakedQuad,HiddenPair,FinnedXWing	.26.39......6....19.....7.......4..9.5....2....85.....3..2..9..4....762.........4	.26.39......6..3919..4..762.....4..9.5....2....85.....3..24.9..4....762...2.....4	failures/top1465-0296.png	-	-	-
297	Unique	Unique	false	56	8	HiddenSingle,LockedCandidatesPointing,ClaimingBoxLineReduction,NakedQuad	1....67.........32..921......4..58..87......69...6...........5..4.138.........4.3	1....67........132..921......4..58..87......69..86...........5..4.138.........4.3	failures/top1465-0297.png	-	-	-
298	Unique	Unique	false	53	8	HiddenSingle,LockedCandidatesPointing,NakedQuad	.5..9......12.......6..73.8....2...4...98...53.....91.7.....6...4.8..1..1.8.7....	.5..9...1..12.......6..73.8....2.8.4...98...538....91.7.....68..4.8..1..1.8.7....	failures/top1465-0298.png	-	-	-
299	Unique	Unique	false	61	15	HiddenSingle,LockedCandidatesPointing,NakedTriple,ClaimingBoxLineReduction,NakedQuad,NakedPair,FinnedXWing	1.....6........4.8...3.....9..7...2.....8.5..........7.68.4.....45..9..........3.	1.....6.3......4.8...3.....9..7...2.....8.5..........7.68.4.....45..9..........34	failures/top1465-0299.png	-	-	-
300	Unique	Unique	false	27	48	HiddenSingle,LockedCandidatesPointing,NakedQuad,NakedSingle,NakedPair,NakedTriple,ClaimingBoxLineReduction	....1.78.5....9..........4..2..........6....3.74.8.........3..2.8..4..1.6..5.....	2.9.1.78.5487.9...7.18.2.4..26..7..889562..73.74.8....457193862983246517612578..4	failures/top1465-0300.png	-	-	-
301	Unique	Unique	false	61	9	HiddenSingle,LockedCandidatesPointing,HiddenPair,ClaimingBoxLineReduction	....2.7.84.1............9..3..4.1.5..7....2.....6.....6..5......8..9...........3.	....2.7.84.1............9..3.24.1.5..7....2.....6.2...6..5......8..9...........3.	failures/top1465-0301.png	-	-	-
302	Unique	Unique	false	55	7	HiddenSingle,LockedCandidatesPointing,NakedQuad,ClaimingBoxLineReduction,FinnedXWing	........7.2..854..8.5..92.....1.867.....4....7.....3.8..9.1...23......1..6..5....	.....1..7.2..854..8.5..92.....1.867.....4.1..7.....3.8..9.1...23......1..6..5....	failures/top1465-0302.png	-	-	-
303	Unique	Unique	false	52	6	HiddenSingle,FinnedSwordfish	......7.1..4....3..85....6.6..9.1....1...7..5....3.2...2...8.5.8.1.29....6..7....	..6...7.1..4...53..85....6.6.29.1....1.2.7..5....3.21..2...8.5.8.1.29....6..7....	failures/top1465-0303.png	-	-	-
304	Unique	Unique	false	57	9	HiddenSingle,LockedCandidatesPointing,NakedTriple,NakedQuad,FinnedXWing	....5..6..752.....9.........1...85...3...7..8.....9.433.....6......1.8.478...5...	....5..6..752.....9.........1...85.6.3...7..8.....9.433.....6......1.8.478...5...	failures/top1465-0304.png	-	-	-
305	Unique	Unique	false	37	36	HiddenSingle,LockedCandidatesPointing,NakedTriple,NakedSingle,ClaimingBoxLineReduction,XWing	1.......3.6.3..7...7...5..121.7...9...7........8.1..2....8.64....9.2..6....4.....	1...78..3.6.3.17...73..5..12157..89...758213...8.1.527..18.647...912736.7.64...1.	failures/top1465-0305.png	-	-	-
306	Unique	Unique	false	53	14	HiddenSingle,LockedCandidatesPointing,NakedSingle,ClaimingBoxLineReduction,NakedPair,NakedQuad,FinnedXWing	.2.3.......6..8.9.83.5........2...8.7.9..5........6..4.......1...1...4.22..7..8.9	92.3....8..64.8.9.83.5........2...8.7.9..5.....2..6..4..8....1...1...4.22..7..8.9	failures/top1465-0306.png	-	-	-
307	Unique	Unique	false	27	48	HiddenSingle,LockedCandidatesPointing,NakedQuad,NakedSingle,NakedPair,NakedTriple,ClaimingBoxLineReduction	.2..........6....3.74.8.........3..2.8..4..1.6..5.........1.78.5....9..........4.	.26..7..889562..73.74.8....457193862983246517612578..42.9.1.78.5487.9...7.18.2.4.	failures/top1465-0307.png	-	-	-
308	Unique	Unique	false	53	18	HiddenSingle,LockedCandidatesPointing,ClaimingBoxLineReduction,NakedPair,NakedTriple,NakedSingle	...36....85.......9.4..8........68.........17..9..45...1.5...6.4....9..2.....3...	...365...85...127.9.4..8........68.......2.17..9..45...1.5.7.6.4....9..2.9...3...	failures/top1465-0308.png	-	-	-
309	Unique	Unique	false	51	27	HiddenSingle,LockedCandidatesPointing,NakedSingle,ClaimingBoxLineReduction,NakedTriple,NakedQuad	....75....1..2.....4...3...5.....3.2...8...1.......6.....1..48.2........7........	....75....1..28....4..13...5.87.13.24..8...1.1..2..6.8.5.1.24872....7...7........	failures/top1465-0309.png	-	-	-
310	Unique	Unique	false	53	15	HiddenSingle,LockedCandidatesPointing,ClaimingBoxLineReduction,NakedPair,FinnedXWing	.....3.879....5...6......4..827.......9....643...9.8......7..1....5......43..1..6	.....3.879....5...6....7.4..827.......9..82643...9287.....7..1....5......43..1..6	failures/top1465-0310.png	-	-	-
311	Unique	Unique	false	55	9	NakedSingle,HiddenSingle,LockedCandidatesPointing,ClaimingBoxLineReduction	5.1.94....2.6.59................2.17.3..4..6.......5.........2.....3.8...6.8.93..	5.1.94....2.6.59.......3......3.2417.3..4.26.......5.........2.....3.8...6.8.93..	failures/top1465-0311.png	-	-	-
312	Unique	Unique	false	53	6	HiddenSingle,LockedCandidatesPointing	4......6....94..5.1.9.6...............6..2..5.5231...8.7...8..1......7....8.5.3.6	4.5....6....94..5.1.9.6...............6..2..5.5231...8.7...85.15.....78...8.5.3.6	failures/top1465-0312.png	-	-	-
313	Unique	Unique	true	0	69	LockedCandidatesPointing,NakedPair,NakedTriple,NakedSingle,HiddenSingle,ClaimingBoxLineReduction,NakedQuad	2....1.9..1..3.7..9..8...2.......85..6.4.........7...3.2.3...6....5.....1.9...2.5	283741596615239748974865321397126854861453972452978613528394167736512489149687235	-	-	-	-
314	Unique	Unique	true	0	76	HiddenSingle,LockedCandidatesPointing,NakedQuad,FinnedSwordfish,NakedSingle,NakedTriple	.1.6...8.3.2..........49.....83...........4.7......5..46..........2...9.7...5....	514623789392785146876149352258374961931568427647912538463891275185237694729456813	-	-	-	-
315	Unique	Unique	false	51	12	NakedPair,NakedSingle,HiddenSingle,LockedCandidatesPointing,ClaimingBoxLineReduction,NakedQuad,FinnedXWing	8.2.....4.9......7..5..139..8..17......5.2..1.....8.36..71.....4...7....32...5...	8.2.....419...4..7.45..139..8..17......5.2..1..1..8.36..71.....41..7....32...5...	failures/top1465-0315.png	-	-	-
316	Unique	Unique	false	53	8	NakedSingle,HiddenSingle,LockedCandidatesPointing,ClaimingBoxLineReduction	..79..1....36..7..45........2...3.8....8......4..51.3.....9...25.4....1..8...4..6	.679..1....36..7..45........2.4.3.8....8.9....4..51.3.....9...25.4..6.1..8...4..6	failures/top1465-0316.png	-	-	-
317	Unique	Unique	false	54	7	HiddenSingle,LockedCandidatesPointing,ClaimingBoxLineReduction,FinnedXWing	....7.8..8.5....97...5......1..9.....2...5.3.7....3...2...6.9.......4..246...87..	....7.8..8.5....97...58.....1..9..7..2.7.5.3.7....3...2...679.......4..246...87..	failures/top1465-0317.png	-	-	-
318	Unique	Unique	false	49	9	HiddenSingle,LockedCandidatesPointing	.1.....8....75.....39...6........8.6.9..2.4..6.1....9.......2....2149.381...3....	.1.....8...67531.9.39...6........8.6.9..2.4..6.1....9.9.3...2...62149.381...3.9..	failures/top1465-0318.png	-	-	-
319	Unique	Unique	false	56	3	HiddenSingle,LockedCandidatesPointing	.6.....7.2...5....7..12.9....2.....8.18...3...7..9..5.4..9.2......6..1......85..3	.6.....7.2...5....7..12.9....2.....8.18...3...7..9..5.4..912......6..1......85..3	failures/top1465-0319.png	-	-	-
320	Unique	Unique	false	56	7	HiddenSingle,LockedCandidatesPointing,NakedPair	.4.3..9...7...5.2.8........6.....352..5....9...4...6.....9....8....42.7..9.16....	.4.3..9...7...5.2.8........6.....352..5....9...4...6.....9...68....42.79.9.16....	failures/top1465-0320.png	-	-	-
321	Unique	Unique	true	0	73	LockedCandidatesPointing,HiddenSingle,ClaimingBoxLineReduction,NakedPair,NakedTriple,NakedSingle	........92...6.5...5.72..4.87....6.11.....9.8.......5..4..........612.....3.5....	467135289238964517951728346875349621124576938396281754742893165589612473613457892	-	-	-	-
322	Unique	Unique	false	52	12	LockedCandidatesPointing,NakedTriple,NakedSingle,ClaimingBoxLineReduction,NakedQuad,HiddenSingle,FinnedXWing	2..7........68..57.8...3.6.....1....3..4.....6.2....9........7...9...8.5.4.53...6	2..7........68..57.8...3.6.....1....3..4.....6123.8.945..8...7...9...8.5.4.53...6	failures/top1465-0322.png	-	-	-
323	Unique	Unique	false	56	3	HiddenSingle,LockedCandidatesPointing	........5.7..8..3.9...25........9..669..7..5.....1.8.7.8.2.7....61.3....3.....4..	........5.7..8..3.9...25........9..669..7..5.....1.897.8.2.7....61.3....3.....4..	failures/top1465-0323.png	-	-	-
324	Unique	Unique	false	56	12	HiddenSingle,LockedCandidatesPointing,NakedQuad,ClaimingBoxLineReduction,FinnedXWing,FinnedSwordfish	..9.....76..2..8.....3.59.....61..2..64......9..........1.4..8....5..4..8.3.....6	..9.....76..2..8.....3.59.....61..2..64......9..........1.46.8...65..4..843.....6	failures/top1465-0324.png	-	-	-
325	Unique	Unique	true	0	73	HiddenSingle,LockedCandidatesPointing,NakedPair,HiddenPair,NakedSingle	1..4..........2.3..7..8....5..7....86....5..9.4...6.......3.......9..1.5.97..8.63	123469587864572931975381426512793648638245719749816352251637894386924175497158263	-	-	-	-
326	Unique	Unique	true	0	68	HiddenSingle,LockedCandidatesPointing,NakedSingle	.2....16.....7.5......1.......6.8.4.3..2.....1.5......5.....7.3...4......8.......	723584169491376582856912437279658341348291675165743298514869723937425816682137954	-	-	-	-
327	Unique	Unique	false	50	13	NakedSingle,HiddenSingle,LockedCandidatesPointing,FinnedXWing	34.6.......7.......2..8.57......5....7..1..2....4......36.2..1.......9.......7.82	345671298..725.....2..8.57....7.5....7..1..2....4.2....36.2..1.......9.......7.82	failures/top1465-0327.png	-	-	-
328	Unique	Unique	false	53	11	HiddenSingle,ClaimingBoxLineReduction,NakedTriple,NakedSingle,NakedPair,FinnedSwordfish	1.3..7.89.....93.7.8............34....4..5......6..2.834.....6.....9....8..7....4	1.3..7.894....93.7.8.....4...8..34....4..5......6..2.834...8.6.....9.8..8..7....4	failures/top1465-0328.png	-	-	-
329	Unique	Unique	false	56	4	HiddenSingle,LockedCandidatesPointing	1...6......5..31...6...8..97.85...4....4..25......2.......9.3.2..1........3...714	1...6......5..31...6...8..97285...4....4..25......2.......9.3.2..1........3...714	failures/top1465-0329.png	-	-	-
330	Unique	Unique	false	58	16	HiddenSingle,LockedCandidatesPointing,NakedQuad	6.2.5.........3.4..........43...8....1....2........7..5..27...........81...6.....	6.2.5.........3.42.....2...43..28....1....2........7..5..27...........81...68..27	failures/top1465-0330.png	-	-	-
331	Unique	Unique	false	58	10	HiddenSingle,LockedCandidatesPointing,NakedQuad,ClaimingBoxLineReduction,HiddenPair	......5...4.......5...37..2.8...64....9..2..8.6...17....36..8.9..78........1.....	......5...4.......5...37..2.8...64....9..2..8.6..817....36..8.9..78........1.....	failures/top1465-0331.png	-	-	-
332	Unique	Unique	false	55	4	HiddenSingle,LockedCandidatesPointing	.29.46...1..9..3.44..7.....5.......2..8.2..7..4........3..7...17....49....683....	.29.46...1..9..3.44..7.....5.......2..8.2..7..4........34.7...17....49....683....	failures/top1465-0332.png	-	-	-
333	Unique	Unique	false	55	8	HiddenSingle,LockedCandidatesPointing,ClaimingBoxLineReduction	...3...1..14.27........5..6653...1.747.......1......8......49.58......2....5.....	...3...1..14627........5..6653...1.7478......1......8......49.58.5....2....5.....	failures/top1465-0333.png	-	-	-
334	Unique	Unique	true	0	85	HiddenSingle,LockedCandidatesPointing,NakedTriple,ClaimingBoxLineReduction,NakedPair,NakedSingle,FinnedXWing	....14....3....2...7..........9...3.6.1.............8.2.....1.4....5.6.....7.8...	962314857134587269578296413847962531651873942329145786285639174793451628416728395	-	-	-	-
335	Unique	Unique	false	55	8	HiddenSingle,LockedCandidatesPointing	1......4..47....3.....5.7...8..7..9......3..6..1..95.4..82....9.........2..517...	1..7...4..47....3.....5.7...8..75.9......3..6..1..95.4..82....9........72..517...	failures/top1465-0335.png	-	-	-
336	Unique	Unique	false	56	21	HiddenSingle,LockedCandidatesPointing,NakedSingle,ClaimingBoxLineReduction,NakedTriple,HiddenPair	.923.........8.1...........1.7.4...........658.........6.5.2...4.....7.....9.....	.92351.......8.1.....42....1.7.4...........658.629.....6.5.2...4.....7.....9.4...	failures/top1465-0336.png	-	-	-
337	Unique	Unique	false	55	7	HiddenSingle,LockedCandidatesPointing,ClaimingBoxLineReduction,FinnedXWing	8..........5.6....37.2...1.6..9..5...5.....36...1..4........7......27.8..2438....	8..........5.6....37.2...1.6..9..5...5.....36...1564........7......27.8.72438....	failures/top1465-0337.png	-	-	-
338	Unique	Unique	false	57	4	HiddenSingle,ClaimingBoxLineReduction,NakedTriple,HiddenPair	72........6......8..89...4.....8...63....7.2..9..3.4......4...727...3.......5.91.	72........6......8..89...4.....8...63....7.2..9..3.4......4...727...3......75.91.	failures/top1465-0338.png	-	-	-
339	Unique	Unique	true	0	77	HiddenSingle,LockedCandidatesPointing,HiddenPair,NakedTriple,NakedSingle,NakedPair,XWing	2..6.34..17.....9............64....59...................53..6...8..7..1.....1....	298653471173248596564197832736481925942735168851962743415329687389576214627814359	-	-	-	-
340	Unique	Unique	false	56	21	HiddenSingle,LockedCandidatesPointing,NakedSingle,ClaimingBoxLineReduction,NakedTriple,HiddenPair	.524.........7.1..............8.2...3.....6...9.5.....1.6.3...........897........	.52481.......7.1.....32.......8.2...3.....6...9.5.3...1.6.3...........897.925....	failures/top1465-0340.png	-	-	-
341	Unique	Unique	true	0	65	HiddenSingle,ClaimingBoxLineReduction,NakedSingle,NakedTriple,LockedCandidatesPointing,NakedPair	.2.......3.5.62..9.68...3...5..........64.8.2..47..9....3.....1.....6...17.43....	427593186315862479968174325659328714731649852284751963593287641842916537176435298	-	-	-	-
342	Unique	Unique	false	56	15	HiddenSingle,LockedCandidatesPointing,NakedPair,ClaimingBoxLineReduction,NakedQuad,FinnedXWing	.6..31...5....2..9...4......2...9..1...6..8..7.5.......3..6.4.....3.....2.1.....5	.6..31...5....2..9...4.6....2...9..1...6..8..7.5.....6.3..654...5.3.....2.1.....5	failures/top1465-0342.png	-	-	-
343	Unique	Unique	false	56	12	HiddenSingle,ClaimingBoxLineReduction,NakedPair,LockedCandidatesPointing,NakedTriple,FinnedXWing	..7..8.....6.2.3...3......9.1..5..6.....1.....7.9....2........4.83..4...26....51.	..7..8.....6.2.3...3......9.1..5..6.....1.....7.9..1.27.......4.83..4...264...51.	failures/top1465-0343.png	-	-	-
344	Unique	Unique	true	0	74	HiddenSingle,LockedCandidatesPointing,NakedPair,NakedSingle	......52..8.4......3...9...5.1...6..2..7........3.....6...1..........7.4.......3.	416837529982465371735129468571298643293746185864351297647913852359682714128574936	-	-	-	-
345	Unique	Unique	false	54	13	HiddenSingle,LockedCandidatesPointing,NakedSingle,NakedPair	8......21..1..95.6.....53...7.4...6.....7...9..2.9....3.86.....1.5.............42	85.....21.31..95.6.....53...7.4...6.....7...9..2.9....3.86.....1.59..6.........42	failures/top1465-0345.png	-	-	-
346	Unique	Unique	false	56	6	HiddenSingle,LockedCandidatesPointing,NakedQuad	.2...48...54...6..9.......1...5.7.68....3.1...8...2...3.........7.9.8.52....7....	.2...48...54...6..9.......1...5.7.68...83.1...8...2...3.........7.9.8352....7....	failures/top1465-0346.png	-	-	-
347	Unique	Unique	false	54	20	HiddenSingle,LockedCandidatesPointing,NakedPair,ClaimingBoxLineReduction,NakedTriple,UniqueRectangle,NakedSingle,FinnedXWing	.2.....74.....6.8...6.4.9..3..........98.....5...19....1.5...32.4.2........4....1	.2.9..674.9...6.8...6.4.9..3..........98.....5...19....1.5..432.4.2.1......4....1	failures/top1465-0347.png	-	-	-
348	Unique	Unique	false	42	37	LockedCandidatesPointing,NakedPair,ClaimingBoxLineReduction,NakedSingle,NakedTriple,UniqueRectangle,HiddenSingle,XWing,FinnedXWing	...658.....4......12............96.7...3..5....2.8...3..19..8..3.6.....4....473..	937658.....4.9.73.12.7349....3..96.7...37.5....2.8...3..19638..3.68.5..4....473..	failures/top1465-0348.png	-	-	-
349	Unique	Unique	false	56	4	HiddenSingle,LockedCandidatesPointing	....15.6..3...4.7....8...593...7...6......21.4....1...92..........59.7..8.5..3...	....15.6.53...4.7....8...593...7...6......21.4....1...92..........59.7..8.5..3...	failures/top1465-0349.png	-	-	-
350	Unique	Unique	false	55	6	HiddenSingle,LockedCandidatesPointing	.7.6..3..8.......6..2....9...5.67.....8..1..946..8......9.4..........2.7...2.8..3	.7.6..3..8.......66.28...9...5.67.....8..1..946..8......9.4..........2.7...2.89.3	failures/top1465-0350.png	-	-	-
351	Unique	Unique	false	57	10	HiddenSingle,LockedCandidatesPointing,HiddenPair,FinnedXWing,FinnedSwordfish	8.7..6..2....5....4.....9......2..67..1..4.....63.9..47...6..8...9..2....3....5..	8.7..6..2....5....4.....9......2..67..16.4.....63.9..47...6..8...9..2....3....5..	failures/top1465-0351.png	-	-	-
352	Unique	Unique	false	53	6	HiddenSingle,ClaimingBoxLineReduction,NakedTriple	7.8.....4.65.7.....4..5..9.....1..52...8....3..6..49......85.2..7.3....5...2..1..	7.8...5.4.6547.....4..5..9.....1..52...8....3..65.49......85.2..7.3....5...2..1..	failures/top1465-0352.png	-	-	-
353	Unique	Unique	false	55	14	NakedSingle,ClaimingBoxLineReduction,NakedQuad,LockedCandidatesPointing,FinnedXWing	.29...6....87...2........5...59..3...4..12..6...4.7.....6..9..1.....84...5.....6.	.298..6....87...2........5...59863...4..12..6...4.7.....6..9..1.....84...5.....6.	failures/top1465-0353.png	-	-	-
354	Unique	Unique	false	56	8	HiddenSingle,LockedCandidatesPointing,ClaimingBoxLineReduction,NakedQuad	..2..583.7...2...........4...12.7.........9...8.1.34...9.8.....6...5...8.3.7....6	..2..583.7...2...........4...12.7......5..9...8.1.34...9.8....46...5...8.3.7....6	failures/top1465-0354.png	-	-	-
355	Unique	Unique	false	44	31	NakedSingle,HiddenSingle,LockedCandidatesPointing,NakedTriple,FinnedSwordfish,NakedPair,HiddenPair,ClaimingBoxLineReduction,UniqueRectangle	63.8...1..97.............3....1....61...5.....4...6...5..2....1..4...9.73....748.	63.8...1..97.31.....1....3...31...461...5...3.4.3.61..57.2..361.14..39.73...1748.	failures/top1465-0355.png	-	-	-
356	Unique	Unique	false	53	8	NakedSingle,HiddenSingle,LockedCandidatesPointing,NakedTriple,ClaimingBoxLineReduction,FinnedXWing	3...6.1..65.29............881..7.5....43..9....5..2..7...43..9......7..64.....8..	3...6.1.965.29.........3..881..7.5....43..9..9.5..2..7...43..9......7..64.....8..	failures/top1465-0356.png	-	-	-
357	Unique	Unique	false	47	16	HiddenSingle,LockedCandidatesPointing,NakedPair,ClaimingBoxLineReduction,NakedSingle,FinnedSwordfish	1..........4..1.9..6..8......3.7.8.......51..7..1..........3..8..5..497.4.685..1.	1......8...4..1.9..6..8...1.13.7.8....8..51.77..1.8.....1..3..8..52149764.685..1.	failures/top1465-0357.png	-	-	-
358	Unique	Unique	false	56	13	HiddenSingle,LockedCandidatesPointing,NakedTriple,NakedQuad,FinnedXWing	..8..5...3...9......73......216...8......2..35....94.2......6....57..81.4.......7	..8..5...3...97.....73......216...8......21.35....94.2......6....57..81.4.......7	failures/top1465-0358.png	-	-	-
359	Unique	Unique	false	55	5	HiddenSingle,LockedCandidatesPointing	..2..9..7..6....3.5.......9..9.126...8..4..9.2.......1.....39.5...785.....3....4.	..2..9..7..6....3.5.......9..9.126...8..4..9.2.......1...4.39.5...785....53....4.	failures/top1465-0359.png	-	-	-
360	Unique	Unique	false	51	7	HiddenSingle,ClaimingBoxLineReduction,NakedTriple,FinnedXWing	...5.36.2.3.69..5..5.7.....7.9..2....1....9...8.9..........63....1....675..37..1.	...5.36.2.3269.75..5.72....7.9..2....1....9...8.9..........63..3.1....675..37..1.	failures/top1465-0360.png	-	-	-
361	Unique	Unique	false	56	6	HiddenSingle,LockedCandidatesPointing,ClaimingBoxLineReduction,NakedPair	1...7........49...9.6.8..3.....9...7.2....5....846.12..618.....3.......8..5.....2	1...7........49...9.6.8..3..1..9...7.2....5....846.12..618.....3.......8..5.....2	failures/top1465-0361.png	-	-	-
362	Unique	Unique	false	55	6	HiddenSingle,LockedCandidatesPointing,FinnedXWing	1..6......7.3.9.4...4.7...2.1.7....9.37...2..5.......6.....59....2.3....78..1....	1..6......7.3.9.4...4.7...2.1.7....9.37...2..5.......6..1..59....2.37...78..1....	failures/top1465-0362.png	-	-	-
363	Unique	Unique	false	50	28	HiddenSingle,LockedCandidatesPointing,ClaimingBoxLineReduction,NakedTriple,NakedPair,NakedSingle,FinnedXWing	1......8..7...8.3.....5147.5.......6.4...7...21...4.......9......6.2.....8....7..	1...7..8.97...8.318...5147.5.7....4664...7...21...4..7..1.9......6.2....38....7..	failures/top1465-0363.png	-	-	-
364	Unique	Unique	false	54	7	HiddenSingle,LockedCandidatesPointing,NakedTriple,ClaimingBoxLineReduction	9..4.1....3........6.3..7.12.......6.....71....8...45...9..48.....9...123..2..6..	9..4.1....3.7......6.3..7.12.......6.....712...8...45..29..48.....9...123..2..6..	failures/top1465-0364.png	-	-	-
365	Unique	Unique	false	54	14	HiddenSingle,LockedCandidatesPointing,HiddenPair,FinnedXWing	9..3....41...2...5..2...3.12..6.9..36.9.5.............48.9...7........4....81....	9..3.1..41...2...5..2.9.3.12..6.9..36.9.5.............48.9...7........4....814.3.	failures/top1465-0365.png	-	-	-
366	Unique	Unique	false	57	17	HiddenSingle,LockedCandidatesPointing,NakedSingle,ClaimingBoxLineReduction,NakedQuad	15..7..........94..8............8.256..2.....3...........9..3....46......7......1	15..7..........94.48.3.........386256..2.....32.7........9..3....46......7......1	failures/top1465-0366.png	-	-	-
367	Unique	Unique	false	54	6	HiddenSingle,LockedCandidatesPointing,ClaimingBoxLineReduction	1....759..7..9......64........8.....63.....4..9.54.3.232......4...9...8....1.4..7	1....759..7..9.4..9.64........8.....63.....4..9.54.3.232......4...9...8....1.4..7	failures/top1465-0367.png	-	-	-
368	Unique	Unique	false	41	29	NakedSingle,HiddenSingle,LockedCandidatesPointing,NakedTriple,NakedPair,HiddenPair,FinnedXWing	..6.3.521...7.....9.3....4...7...6.......4....1.5.27........973.....5.....8.1....	..6439521...7.83969.3..1847..71.365.....74....1.5.27.......6973...3.5.....8.17.65	failures/top1465-0368.png	-	-	-
369	Unique	Unique	false	57	6	LockedCandidatesPointing,HiddenSingle,NakedTriple,ClaimingBoxLineReduction	...75........48.2.3.......6..6........1....74.5.4.21...7....3..9....5.18.2.9.....	..275........48.2.3.......6..6........1....74.5.4.21...7....3..9....5.18.2.9.....	failures/top1465-0369.png	-	-	-
370	Unique	Unique	false	51	20	HiddenSingle,LockedCandidatesPointing,NakedTriple,FinnedSwordfish,ClaimingBoxLineReduction,NakedPair,NakedSingle	...4...26.7...9...28.5.....8..3....79......8.....9..64...7..1....6.....2..3.15...	...4...2667...9...28.5.....86.3....794.6..38.....9..64..87..1....6.....2..3.156..	failures/top1465-0370.png	-	-	-
371	Unique	Unique	false	51	9	HiddenSingle,LockedCandidatesPointing	....8.61..53............5.2...4......2..58..74..7.9.5.964..........2.86.3.....7..	....8.61..53............5.2...4.2....2..58..74..7.925.9648...2.....2.86.382...7..	failures/top1465-0371.png	-	-	-
372	Unique	Unique	false	53	8	HiddenSingle,LockedCandidatesPointing,ClaimingBoxLineReduction,FinnedXWing	.4.2....8..1.5..4.2..8..7....8....97...6..3...957............6.7.4.1...2.....31..	.4.2....8..135.24.2..8..7....81...97...6..3...957............6.7.4.1...2.....317.	failures/top1465-0372.png	-	-	-
373	Unique	Unique	false	36	42	HiddenSingle,LockedCandidatesPointing,NakedSingle,NakedPair,NakedTriple,NakedQuad,ClaimingBoxLineReduction	..4..8......7..624...........2...9..6.3....5.7...24....5.3...7..9......8....1.2.5	1.4.587938357916249.....5815.2...9.76.3....527.9524..6.5.3...79.9...5.68....1.2.5	failures/top1465-0373.png	-	-	-
374	Unique	Unique	false	56	2	HiddenSingle,LockedCandidatesPointing	..3..2.6.9..3.1...1.2.5..8.........2..5..3.98...4..1....7.....5.2..6....4.19.....	..3..2.619..3.1...1.2.5..8.........2..5..3.98...4..1....7.....5.2..6....4.19.....	failures/top1465-0374.png	-	-	-
375	Unique	Unique	false	54	13	HiddenSingle,ClaimingBoxLineReduction,NakedTriple,HiddenPair,LockedCandidatesPointing	.691.7..8..2.....6.8....1.....7...32.9...8.....63..8...7...4.......5..4.5....6...	.691.7..81.2.8...6.8....1..8..7...32.9...8.....63..8...7...4.......5..4.5...76...	failures/top1465-0375.png	-	-	-
376	Unique	Unique	false	55	11	HiddenSingle,LockedCandidatesPointing,ClaimingBoxLineReduction,NakedQuad,NakedSingle	.46....9...3..4.......6......7.3..4....8...1.5..1..2....1.7.8.9..5.1...7.3.9.....	.46....9...3..4.......6.....17.3..4.3..8...1.5..1..2....1.7.8.9..5.1...773.9.....	failures/top1465-0376.png	-	-	-
377	Unique	Unique	false	53	21	HiddenSingle,LockedCandidatesPointing,NakedTriple,ClaimingBoxLineReduction,NakedSingle,XWing,UniqueRectangle,FinnedXWing	...58.6......2....974.......16...8...4.9...7.5............6...8.5.4...1...2.9.4..	...58.6.7..572..3.974....8..16...8...4.9...7.5........4...6...8.5.4...1...2.9.4..	failures/top1465-0377.png	-	-	-
378	Unique	Unique	false	55	9	HiddenSingle,LockedCandidatesPointing,NakedTriple,ClaimingBoxLineReduction	.8.65...2.9...7....1.3....87......43...4..5..5....1.....2.9.3..9......2...42...6.	.8.65...229...7....1.3....87......43...4..5..54...1.....2.9.3..9......2...42...6.	failures/top1465-0378.png	-	-	-
379	Unique	Unique	false	52	11	HiddenSingle,NakedSingle,LockedCandidatesPointing,ClaimingBoxLineReduction	.3.......8.5...4.19....1.6....93..1......6.2..4.....76....1...27..8.......135....	13.......8.5..34919....1.6....93..1..1...6.2..4.1...76....1...27..8..1....135....	failures/top1465-0379.png	-	-	-
380	Unique	Unique	false	54	11	HiddenSingle,LockedCandidatesPointing,NakedQuad,NakedSingle,FinnedXWing	...8.......43..8..7.....19..5.....7.3..24......8..9..3.29...........1.2...1..24.9	...8.......43..8..783.2.19..5.....7.3..24......8..9..3.29.........9.1.2...1..24.9	failures/top1465-0380.png	-	-	-
381	Unique	Unique	false	56	3	HiddenSingle,LockedCandidatesPointing	.....6.5.3..1..86....9..4.34....81...7.3....4.9...1.....5..3...9.8.6..........2.5	....36.5.3..1..86....9..4.34....81...7.3....4.9...1.....5..3...9.8.6..........2.5	failures/top1465-0381.png	-	-	-
382	Unique	Unique	false	53	13	HiddenSingle,LockedCandidatesPointing,NakedSingle,NakedTriple,NakedQuad	15...3......4.9.3.3...8.....3.1..7.65.4..8.......7............24......516....2.9.	15...3......4.9.3.34..8.....3.1.5746574..8.......74...........24......516....2.9.	failures/top1465-0382.png	-	-	-
383	Unique	Unique	false	57	12	HiddenSingle,LockedCandidatesPointing,HiddenPair,FinnedXWing,FinnedSwordfish	.5..9....1.....6.....3.8.....8.4...9514.......3....2..........4.8...6..77..15..6.	85..9....1.....6.....3.8.....8.4...9514.......3....24.........4.8...6..77..15..6.	failures/top1465-0383.png	-	-	-
384	Unique	Unique	false	53	13	HiddenSingle,LockedCandidatesPointing,NakedTriple,NakedSingle,NakedQuad	....98.........71.2.1...4.......6...8..47....6.7..1..31..5......3....86...4...19.	...198.........71.2.1...4...1...6...8..47.6.16.7..1..31..5......3..1.86...4...19.	failures/top1465-0384.png	-	-	-
385	Unique	Unique	false	48	32	HiddenSingle,LockedCandidatesPointing,ClaimingBoxLineReduction,NakedTriple,NakedQuad,NakedPair,NakedSingle	....4.87..61..................6...312...7....4.........5.1.8...7.....2.....3.....	3...41876.617........2.61.....6.243121..7....4...1....65.1.8...7...6.21.1..3.7...	failures/top1465-0385.png	-	-	-
386	Unique	Unique	false	50	17	NakedSingle,HiddenSingle,LockedCandidatesPointing,NakedPair,ClaimingBoxLineReduction,NakedTriple,HiddenPair,UniqueRectangle	...3............81.52..9..67.9...1.....4...5....8.6.2.2.8.5..9..952.4.....1......	...3..9..9......81.52..9..67.95..1...2.4...5.5..8.6.2.2.8.5..9..952.4.1...19.....	failures/top1465-0386.png	-	-	-
387	Unique	Unique	false	55	9	HiddenSingle,LockedCandidatesPointing,NakedQuad	1.46.5.8.8.62..................6.7..6....7.1...91..2...5.4....3...91...4..8.....2	1246.5.8.8.62............2.....6.7..6....7.1...91..2...5.4....3...91...4..8.....2	failures/top1465-0387.png	-	-	-
388	Unique	Unique	false	54	3	HiddenSingle,LockedCandidatesPointing	..23.....85..4....97.5.1...4.....89..2.91...3.....4..6......5.9.....5.1...7.3...8	..23.....85..4....97.5.1...4....389..2.91...3.....4..6......5.9.....5.1.5.7.3...8	failures/top1465-0388.png	-	-	-
389	Unique	Unique	true	0	70	HiddenSingle,LockedCandidatesPointing,NakedSingle	....147..6.9......3...........6.1.3..5.8............1....93.8...4......2......5..	285314769619278354374569281792651438451893627836427915127935846543786192968142573	-	-	-	-
390	Unique	Unique	true	0	79	HiddenSingle,LockedCandidatesPointing,ClaimingBoxLineReduction,NakedQuad,NakedSingle,NakedPair	......8.17..2........5.6......7...5..1....3...8.......5......2..3..8....6...4....	253479861761238594894516732326791458915824376487653219548167923132985647679342185	-	-	-	-
391	Unique	Unique	true	0	78	HiddenSingle,LockedCandidatesPointing,NakedQuad,ClaimingBoxLineReduction,NakedSingle,NakedPair	......8.16..2........7.5......6...2..1....3...8.......2......7..4..8....5...3....	724369851651248793893715642375691428912874365486523917238456179147982536569137284	-	-	-	-
392	Unique	Unique	false	54	12	HiddenSingle,LockedCandidatesPointing,NakedPair,NakedSingle,NakedTriple,ClaimingBoxLineReduction	..13......6.....2.34..9....4..9..7....946...52..1........6.3..1.....8.5.6.8...4..	..13.....96.8...2.34..9....4..9..7....946...52..1........6.3..1.....8.5.6.8..94..	failures/top1465-0392.png	-	-	-
393	Unique	Unique	false	59	11	HiddenSingle,LockedCandidatesPointing,ClaimingBoxLineReduction,HiddenPair,FinnedXWing	1.....7.2.3.1......9..........39..6.5.8...2...........2....85.....6...9.....4....	1.....7.2.3.1..9...9..........39..6.5.8...239.........2....85.....6...9.....4..2.	failures/top1465-0393.png	-	-	-
394	Unique	Unique	false	56	6	NakedSingle,HiddenSingle,LockedCandidatesPointing,ClaimingBoxLineReduction	..61......7...356..9...2....8..7..2........5....5.43..4.....79.1....84.......5..6	..61.7....7...356..9...2....8..7..2........5....5.43..4.....79.1....843......5..6	failures/top1465-0394.png	-	-	-
395	Unique	Unique	false	59	14	LockedCandidatesPointing,NakedTriple,ClaimingBoxLineReduction,NakedSingle,NakedQuad	..3...78...6..9...7.......5..7.....3....2..9......421.5..3....68....2...9..5.....	..3...78...6..9...7.......5..7.....3....2..9......421.57.3....68....2...9..5.....	failures/top1465-0395.png	-	-	-
396	Unique	Unique	true	0	87	HiddenSingle,LockedCandidatesPointing,NakedTriple,ClaimingBoxLineReduction,NakedPair,NakedSingle,NakedQuad,FinnedXWing	...5.1....9....8...6.......4.1..........7..9........3.8.....1.5...2..4.....36....	748591326195623847263487519421936758356874291987152634832749165679215483514368972	-	-	-	-
397	Unique	Unique	true	0	66	NakedSingle,LockedCandidatesPointing,ClaimingBoxLineReduction,NakedPair,HiddenSingle	.2.........678.1.......2.....1..5..4....4....9..32.6.5........8..7....3..6.2.3957	123456789456789123789132546231675894675948312948321675312597468597864231864213957	-	-	-	-
398	Unique	Unique	false	55	11	NakedSingle,HiddenSingle,LockedCandidatesPointing,NakedPair,NakedQuad,FinnedXWing	..26..8......1.4...5.....3......5.....1...7.4.6..382....7..6.............982..56.	..26..8......1.4...5..2..3......5.....19627.4.6..382....7..6.............982..56.	failures/top1465-0398.png	-	-	-
399	Unique	Unique	true	0	79	HiddenSingle,LockedCandidatesPointing,ClaimingBoxLineReduction,NakedQuad,NakedSingle,NakedPair	......8.16..2........7.5......6...2..1....3...8.......2......7..3..8....5...4....	723469851651238794894715632375691428912874365486523917248356179137982546569147283	-	-	-	-
400	Unique	Unique	false	55	6	HiddenSingle,LockedCandidatesPointing,NakedQuad	.7.81....9...7....3..4....8..5...43..6...12.....9....7......6.2.8....75....524...	.7.81....9.8.7....3..4...78..5...43..6...12.....9....7......6.2.8....75....524...	failures/top1465-0400.png	-	-	-
401	Unique	Unique	false	54	6	NakedSingle,HiddenSingle,XWing,FinnedXWing	9.24.15....4..8......2................53.71..3...1.46...7.....4.89...32.5..6.....	9.24.15....4..8...8..2...4............53.71..3.8.1.46...7.....4.89...32.5..6.....	failures/top1465-0401.png	-	-	-
402	Unique	Unique	false	53	14	HiddenSingle,LockedCandidatesPointing,ClaimingBoxLineReduction,NakedQuad,HiddenPair,NakedSingle,FinnedSwordfish	1.........2......59.68.........3....6.....4.9.7..296.......59.....1..7.683......4	1.........2......59568...4....63..7.6.....4.9.7.4296...6...59.....1..7.683......4	failures/top1465-0402.png	-	-	-
403	Unique	Unique	false	54	11	HiddenSingle,LockedCandidatesPointing,NakedPair,NakedSingle,ClaimingBoxLineReduction,FinnedSwordfish	........3.9.6.4.......1.28.....6...173....6...5.4...7...5...7..3.91.....6..97...2	........3.9.6.4..7....1.28.....6...173....6...564...7...5...7..3791.....6..97...2	failures/top1465-0403.png	-	-	-
404	Unique	Unique	false	53	6	HiddenSingle,LockedCandidatesPointing,FinnedXWing	8..4.6....3.2..4...4..5..78.69..5.2.3...........6...1752.....3......36.......2..9	8..4.6....3.2..4...4.35..78.69..5.2.3...........6...1752.....3......36.2..3..2..9	failures/top1465-0404.png	-	-	-
405	Unique	Unique	false	38	36	HiddenSingle,LockedCandidatesPointing,NakedSingle,NakedQuad,FinnedXWing	3.6.7...........518.........1.4.5...7.....6.....2......2.....4.....8.3.....5.....	356.7.294....4.851841952736.1.4.59..7.4...625...2.7413.2....54.....8.3.2...52.1..	failures/top1465-0405.png	-	-	-
406	Unique	Unique	false	53	10	HiddenSingle,LockedCandidatesPointing,NakedPair,FinnedXWing	.5.....47....8..2..2......64..35..7..65.9.4...38.........51.6.......9..4..9.7...2	.5.....47....8..2..2......64..356.7..65.9.4...38....6....51.6.......97.4..9.7...2	failures/top1465-0406.png	-	-	-
407	Unique	Unique	true	0	68	HiddenSingle,LockedCandidatesPointing,NakedSingle,NakedPair,ClaimingBoxLineReduction	..47.....3...45.....7...6..9..236.7..5.....8...2..........18.27...9..1..7.......3	564781239329645718817329645948236571653197482172854396436518927285973164791462853	-	-	-	-
408	Unique	Unique	false	55	6	HiddenSingle,LockedCandidatesPointing,NakedPair,ClaimingBoxLineReduction	..35...8.8....1.7.......3.12...1.....7..249..6....7...3.2..6..845...8.........46.	..35...8.8....1.7.......3.12...1.....7..249..6....7...3.2..6..8456..8.........46.	failures/top1465-0408.png	-	-	-
409	Unique	Unique	false	37	42	HiddenSingle,LockedCandidatesPointing,ClaimingBoxLineReduction,NakedPair,NakedTriple,NakedQuad,NakedSingle,UniqueRectangle,HiddenPair,FinnedXWing,FinnedSwordfish	2.5..6....9..7.8....6.5.2....2......98....57....1....4.2.6.8...5...4.7........13.	2.58.63...9..7.8568.6.5.2....2...68.98..6.57....18.924.2.6.84955.8.4.762..9.2.138	failures/top1465-0409.png	-	-	-
410	Unique	Unique	false	51	22	HiddenSingle,LockedCandidatesPointing,FinnedXWing,NakedPair,ClaimingBoxLineReduction,NakedTriple,NakedSingle,NakedQuad,UniqueRectangle	....6.4..5.83......9.........1....873...5.2.......3.4..6.5........84..7.2....6..9	...96.4..5.83......9.2......51...3873...5.2.......3.4..6.5....4..584.67.2...36..9	failures/top1465-0410.png	-	-	-
411	Unique	Unique	false	56	11	HiddenSingle,NakedTriple,LockedCandidatesPointing,ClaimingBoxLineReduction,HiddenTriple,NakedQuad	....1..594...5.8...5.7........59..8..1.2.3....34........38...........6.7.729...1.	....1..594...5.8...5.7........59..8..1.2.3....34........38...........6.7.729...18	failures/top1465-0411.png	-	-	-
412	Unique	Unique	false	55	3	HiddenSingle,LockedCandidatesPointing,FinnedXWing	...4..5...7...3.....421..6..3..8.1..8..7....695.3........9....1.6.....2...3..6.84	...4..5...7...3.....421..6..3..8.1..8..7....695.3........9..6.1.6.....2...3..6.84	failures/top1465-0412.png	-	-	-
413	Unique	Unique	false	60	4	HiddenSingle,LockedCandidatesPointing,NakedQuad,Swordfish	6...4...3.1.....7...5...8.....5.2...3...9...2...1.......8...9...7.....5.2...3...4	6...4...3.1.....7...5...8.....5.2...3...9...2...1.3.....8...9...7.....5.2...3...4	failures/top1465-0413.png	-	-	-
414	Unique	Unique	false	56	6	HiddenSingle,LockedCandidatesPointing,ClaimingBoxLineReduction,NakedQuad	5....3......5..29.....7..8...57......46..132...93..8....7...9....4..9..6....6..4.	5....3......5..29.....7..8...57......46..132...93..8....7...9....4..9..6....67.4.	failures/top1465-0414.png	-	-	-
415	Unique	Unique	false	44	25	HiddenSingle,LockedCandidatesPointing,ClaimingBoxLineReduction,NakedSingle,NakedTriple,UniqueRectangle	.5....46.....9......3.8.2......51.....134.58..46.........1.....4.....8.97......1.	.5..1.46...4.9......348.29.....519....134.58.546.7..2....1..7..412.6.8397....461.	failures/top1465-0415.png	-	-	-
416	Unique	Unique	false	54	11	HiddenSingle,LockedCandidatesPointing,NakedTriple,NakedQuad	.4............12....568..7..57.....3.985..........9.65....42.8.......7....3....5.	.4....5......512....568..7..57.....3.985....7.....9.655...42.8......57....3....5.	failures/top1465-0416.png	-	-	-
417	Unique	Unique	false	48	22	HiddenSingle,LockedCandidatesPointing,NakedSingle,ClaimingBoxLineReduction,NakedPair,NakedQuad	...37..5..27.........8..39.....8.......2...4.893......64..31..8.5............65..	.8.374.5.327....8....8.2397....8.......2..84.893......64.531..8.5...8....38..65..	failures/top1465-0417.png	-	-	-
418	Unique	Unique	false	57	11	HiddenSingle,LockedCandidatesPointing,NakedTriple,ClaimingBoxLineReduction,NakedSingle	.5..4.8...6.5....9...............1.....23...7..1..7..2..4.9.....376....5..87...2.	.5..4.8...6.5....9...............1.....231..73.1..7..2..4.9.....376....5..87...2.	failures/top1465-0418.png	-	-	-
419	Unique	Unique	false	55	9	HiddenSingle,LockedCandidatesPointing,FinnedSwordfish	..5..8..18......9.......78....4.....64....9......53..2.6.........138..5....9.714.	..5..8..18.....59.......78....4.....64....9.5....534.2.6.........138..5....9.714.	failures/top1465-0419.png	-	-	-
420	Unique	Unique	false	53	6	HiddenSingle,LockedCandidatesPointing	....854.6...2.....9....32....1.7...46....9.5..93..4..8..5.......6..1...747.6.....	....854.6...2.1...9....32....1.76..46....9.5..93..4..8..5..7....6..1...747.6.....	failures/top1465-0420.png	-	-	-
421	Unique	Unique	true	0	74	LockedCandidatesPointing,NakedTriple,ClaimingBoxLineReduction,NakedPair,NakedSingle,HiddenSingle,FinnedXWing	.397.4....71............6.....3.5.4.8...2.........69...165...9.....4..6.2....8...	639784125571263489482951637967315248853429716124876953716532894398147562245698371	-	-	-	-
422	Unique	Unique	false	51	14	HiddenSingle,LockedCandidatesPointing,NakedPair,NakedTriple,NakedSingle	..........72.6.1....51...82.8...13..4.........37.9..1.....238..5.4..9.........79.	1.........72.6.1....51...82.8...13..451.......37.9..1.7...238..5.4..9....2..1.79.	failures/top1465-0422.png	-	-	-
423	Unique	Unique	false	55	4	HiddenSingle,LockedCandidatesPointing	1...7...8.4.6.......5..1.......3.95...9.....2.....4.1...1.9.6...52...8..7..2.3...	1...7...8.4.6.......5..1.......3.95...9....82...9.4.1...1.9.62..52...8..7..2.3...	failures/top1465-0423.png	-	-	-
424	Unique	Unique	false	55	4	HiddenSingle,LockedCandidatesPointing	..57..9.....8....4.1.....2.4....2....6318.........376.95.........854.3.......6.8.	..57..9.....8....4.1.....2.4....2....6318.......4.376.95...8.....854.3.......6.8.	failures/top1465-0424.png	-	-	-
425	Unique	Unique	false	52	12	HiddenSingle,LockedCandidatesPointing,NakedPair,ClaimingBoxLineReduction,NakedSingle	....74....6.29......73....12.....7....8.2..4559....8...3....98.....83......1...2.	....74....6.291.....73....12.....7....8.2..4559.4.78.2.3...298.....83......1...2.	failures/top1465-0425.png	-	-	-
426	Unique	Unique	false	51	17	HiddenSingle,LockedCandidatesPointing,NakedQuad,NakedPair,NakedSingle	82......7..4.1.........9.5.......39..1.45....2.8.3.....7...4..6.....5...1..2..84.	82......7..4.1.....3...9.5..4....39..1.45....26893.....7...4..648...5...1..27.84.	failures/top1465-0426.png	-	-	-
427	Unique	Unique	false	53	9	HiddenSingle,LockedCandidatesPointing,ClaimingBoxLineReduction,NakedSingle,NakedPair	.6..2...3...........3...4.5...8..7.2.1...4...8..23..9..4...3.5.78......19...8.2..	.6..2...3...3.....1.3...4.5...8..7.2.1...4...8..23..9..4...3.5.78...2..193..8.2..	failures/top1465-0427.png	-	-	-
428	Unique	Unique	false	57	11	LockedCandidatesPointing,NakedQuad,HiddenTriple	........1...2.9.8..4.....7.8...9..3.9...3..642..1.6......68.5..1....53...75......	........1...2.9.8..4.....7.8...9..3.9...3..642..1.6......68.5..1....53...75......	failures/top1465-0428.png	-	-	-
429	Unique	Unique	true	0	78	HiddenSingle,LockedCandidatesPointing,HiddenPair,NakedTriple,NakedSingle,NakedPair,XWing	2..7.34..18.....6............34....56...................53..7...9..8..1.....1....	269753481187249563534168972873491625642875139951632847415326798396587214728914356	-	-	-	-
430	Unique	Unique	false	54	5	HiddenSingle,ClaimingBoxLineReduction,NakedPair,NakedSingle	15.3......7..4.2....4.72.....8.........9..1.8.1..8.79......38...........6....7423	1523.8....7..4.2....4.72.....87........9..1.8.1..8.79......38...........6....7423	failures/top1465-0430.png	-	-	-
431	Unique	Unique	false	56	9	HiddenSingle,LockedCandidatesPointing,ClaimingBoxLineReduction,NakedPair,NakedTriple,FinnedXWing	.9.....2.8..2..........1..8..9..45...5.6..7..6.4.8...........5.2.68....3...14...9	.9...8.2.8..2..........1..8..9..45...5.6..7..6.4.8....9......5.2.68....3...14...9	failures/top1465-0431.png	-	-	-
432	Unique	Unique	false	53	7	HiddenSingle,LockedCandidatesPointing	.2.456..9..6......7.9..........1..9....938..2..5..2..4.6.2..8..5.2....3..1.......	.2.456..9..6......7.9......2..514.9.6..938..2..5..2..4.6.2..8..5.2....3..1.......	failures/top1465-0432.png	-	-	-
433	Unique	Unique	false	56	7	HiddenSingle,NakedQuad,LockedCandidatesPointing,FinnedXWing,FinnedSwordfish	..2......1..49.2.5.4.....9..8...14....63....75......6.6...8.3.....7..1.63......5.	..2......1..49.2.5.4.....9..8...14....63..5.75......6.6...8.3.....7..1.63......5.	failures/top1465-0433.png	-	-	-
434	Unique	Unique	false	55	8	HiddenSingle,NakedTriple,LockedCandidatesPointing,ClaimingBoxLineReduction	7..3.6..4..54....7.4.....3.6....5....14....25......1......8.9..8792..5.......3...	7..3.6.54..54....7.4.....3.6....5....14....25......1......8.9..8792..5.3.....3...	failures/top1465-0434.png	-	-	-
435	Unique	Unique	false	48	13	HiddenSingle,LockedCandidatesPointing,FinnedSwordfish	58........4...52.8...9.2...9....3.65...49..2.....5...1...36.....54...7..6........	582...6...496.52.8...982...9....3465..549..2.4...5...1...36.....54...7.66..5.....	failures/top1465-0435.png	-	-	-
436	Unique	Unique	false	53	12	HiddenSingle,LockedCandidatesPointing,NakedTriple,NakedSingle,HiddenPair,FinnedXWing,FinnedSwordfish	.2.....9..65.2..4.9.4.....5..6.5.......17....54.....18.....2....59...8..7...4...3	.2.....9..65.2..4.9.4...285..6.5.......17....54.2...18.....2....59...8..7.2.4...3	failures/top1465-0436.png	-	-	-
437	Unique	Unique	false	55	7	HiddenSingle,LockedCandidatesPointing,ClaimingBoxLineReduction,NakedTriple,NakedSingle	...4.7..6....2.34..5.3...8...5....7..2...8...7.....1....4.5.2.....9....3.61.....7	...4.7..6....2.34.45.3..78...5....7.12...8...7.....1....4.5.2.....9....3.61.....7	failures/top1465-0437.png	-	-	-
438	Unique	Unique	false	55	6	HiddenSingle,LockedCandidatesPointing,NakedPair,FinnedSwordfish	.....89..8.65....2...32....21.83...7.3..1......5........1.7..2....6....957......4	.....89..8.65....2...32....21.83...7.3..1......5........1.7..2....65...957..8...4	failures/top1465-0438.png	-	-	-
439	Unique	Unique	false	58	12	HiddenSingle,LockedCandidatesPointing,ClaimingBoxLineReduction,NakedTriple,NakedQuad	......1........2.568...4.....3..........73...9..6....1..29..5..1...8.7..49.1....6	......1........2.568...4.....3..........73...9..6....1..29..51.1...8.7..49.1....6	failures/top1465-0439.png	-	-	-
440	Unique	Unique	false	50	18	NakedSingle,HiddenSingle,ClaimingBoxLineReduction,NakedTriple,LockedCandidatesPointing,FinnedSwordfish,NakedPair	249.6...3.3....2..8.......5.....6......2......1..4.82..9.5..7....4.....1.7...3...	249.651.3.3....2..86......5.2...6....8.2......1..4.82..9.51.7...54.....117..93...	failures/top1465-0440.png	-	-	-
441	Unique	Unique	false	55	6	NakedSingle,LockedCandidatesPointing,NakedTriple,NakedQuad,FinnedXWing	..123.........7..16.8..49.....32...4.....5.9.8...7...6..45.....91....6....3....2.	..123.........7..16.81549.....32...4.....5.9.8...7...6..45.....91....6....3....2.	failures/top1465-0441.png	-	-	-
442	Unique	Unique	false	44	19	NakedSingle,LockedCandidatesPointing,ClaimingBoxLineReduction,NakedPair	8..6....29.........71...8..765......2....5.7.....6..9..13.4.........64.7....8....	8546....2926......371...8..765......2.9..5.7.1.8.6..9.613.4....582..64.7497.8....	failures/top1465-0442.png	-	-	-
443	Unique	Unique	false	56	7	LockedCandidatesPointing,NakedTriple,NakedQuad,HiddenPair,FinnedSwordfish	.3..8....8.75...62......4..2...6..945...1...7..92......2.6..7.......3...6.8.5.1..	.3..8....8.75...62......4..2...6..945...1...7..92......2.6..7.......3...6.8.5.1..	failures/top1465-0443.png	-	-	-
444	Unique	Unique	false	52	11	HiddenSingle,LockedCandidatesPointing,NakedSingle,NakedPair,NakedQuad,UniqueRectangle	..3.1..7.....4.1.8.....2.6....8....1.753..6......7.9..8.....4...4.18....6.7......	..3.18.7.....4.1.8.....2.6....8..7.1.7539.682....7.9..8.....4...4.18....6.7...8..	failures/top1465-0444.png	-	-	-
445	Unique	Unique	false	53	15	HiddenSingle,LockedCandidatesPointing,NakedPair,ClaimingBoxLineReduction,NakedTriple,UniqueRectangle,NakedSingle	....6..8...3...2.69....5.....2518.9..14......7....3...2........4...9.1....9..7..5	....6..8...3...2.69....5.....2518.9..14......79...3...2.1.5....4...9.1...891.7..5	failures/top1465-0445.png	-	-	-
446	Unique	Unique	false	57	7	HiddenSingle,LockedCandidatesPointing,ClaimingBoxLineReduction,NakedQuad	9....8......9.6..22....3..8......78.5..8.7..6..76..1..6....9..5.1....4...4.......	9....8......9.6..22....3..8......78.5..8.7..6..76..15.6....9..5.1....4...4.......	failures/top1465-0446.png	-	-	-
447	Unique	Unique	false	49	15	NakedSingle,HiddenSingle,LockedCandidatesPointing,NakedTriple,NakedPair	.32.....58..3.....9.428...1...4...39...6...5.....1.....2...67.8.....4....95....6.	.32.....585.3..9..964285371...4...39...6...5.....1....42...67.8.....45...95....6.	failures/top1465-0447.png	-	-	-
448	Unique	Unique	false	57	10	HiddenSingle,LockedCandidatesPointing,ClaimingBoxLineReduction,NakedTriple,NakedQuad	..6..43.....3...7..1...7.4....9....536....1.8.2........9..86.....7......5....12..	..6..43.....3...7..13..7.4....9....536....1.8.2........9..86...6.7......5....12..	failures/top1465-0448.png	-	-	-
449	Unique	Unique	false	57	4	LockedCandidatesPointing,NakedPair,NakedQuad	.....9.8.8..3....2.675.......27..6...3..45.1.....1...5..1....9...5..71..49.......	.....9.8.8..3....2.675.......27..6...3..45.1.....1...5..1....9...5..71..49.......	failures/top1465-0449.png	-	-	-
450	Unique	Unique	false	47	12	HiddenSingle,LockedCandidatesPointing,NakedTriple,NakedSingle	1..6.......7.9.4.19.3.5..7...15....93.4.....2.....7.3...5....2...........2.94..13	1..67.39...7.9.4.19.3.5.27...15....93.4..9..2.9...7.3...5...92...9......72.94..13	failures/top1465-0450.png	-	-	-
451	Unique	Unique	false	54	5	HiddenSingle,LockedCandidatesPointing	..2...9..9....6..18..4...3.....6..5..3...82........3.7.2.9..1..6.1.5.....7...4...	.62...9..9....6..18..4..63.....6..5..3...82........3.7.2.9..1..6.1.5.....7.614...	failures/top1465-0451.png	-	-	-
452	Unique	Unique	false	51	21	HiddenSingle,LockedCandidatesPointing,NakedSingle,NakedPair,ClaimingBoxLineReduction,NakedTriple,NakedQuad	.........6.1...9..3..24..1..5...6.....978...........87...5.7...2....43.......36.4	...6.....6.13..9..3..24..16.5...6.....978..6..6.....87...567...2.6..43......236.4	failures/top1465-0452.png	-	-	-
453	Unique	Unique	true	0	75	HiddenSingle,LockedCandidatesPointing,ClaimingBoxLineReduction,NakedSingle	2.4..9.........8.16..7........2...6..8..3.....5.....9....4..7..3.....5..1........	274819653593642871618753942731298465986534127452167398865421739327986514149375286	-	-	-	-
454	Unique	Unique	true	0	72	HiddenSingle,LockedCandidatesPointing,NakedSingle	.2..6.4.......5.8....7...3.3.8..9.........2.157........4..1.......2.....8........	923168475167435982485792136318529647694873251572641893249317568756284319831956724	-	-	-	-
455	Unique	Unique	true	0	70	HiddenSingle,LockedCandidatesPointing,NakedTriple,NakedPair,NakedSingle	..4...23.....72.........1.62.3......1...86..3...7.4.......6..9..9........6..485..	674819235531672489829453176283195764147286953956734821418567392795321648362948517	-	-	-	-
456	Unique	Unique	false	51	7	HiddenSingle,NakedSingle,LockedCandidatesPointing	...5....6..4.6...7.7.4..2..12..8....5...9163......3..2..29....5.......6.8....6...	...5....6..4.6...7.7.4..2..12368....5.729163....7.3..2..29....5.......6.8....6.2.	failures/top1465-0456.png	-	-	-
457	Unique	Unique	false	56	15	LockedCandidatesPointing,ClaimingBoxLineReduction,HiddenSingle,NakedTriple,NakedSingle,NakedQuad,FinnedXWing	.........4...19........5..1.3.8.....1.5....7...8..62........32..83..2.9...67...4.	.........4...19.8......5..163.8.....1.5....7...8..62........32..83..2.9.2.67...4.	failures/top1465-0457.png	-	-	-
458	Unique	Unique	true	0	67	HiddenSingle,LockedCandidatesPointing,NakedSingle,ClaimingBoxLineReduction,NakedPair	1....786...7..8.1.8..2....9........24...1......9..5...6.8..........5.9.......93.4	124597863937648215856231749513786492482913657769425138698374521341852976275169384	-	-	-	-
459	Unique	Unique	false	55	2	NakedSingle,LockedCandidatesPointing	.8.7..2..19.........5.98..1.4.9..7.2..7..2.4.6.........1.8..5..3...5...6.....93..	48.7..2..19.........5.98..1.4.9..7.2..7..2.4.6.........1.8..5..3...5...6.....93..	failures/top1465-0459.png	-	-	-
460	Unique	Unique	false	52	8	HiddenSingle,Swordfish,FinnedSwordfish,LockedCandidatesPointing	.6.....7.9...8...6..3..91....8.95....2.4...6....21.8....5...6..3...4...8.4.....2.	86.....7.9...8...6..3..918...8.95....2.4.8.6....21.8...85...6..3...4...8.4.8...2.	failures/top1465-0460.png	-	-	-
461	Unique	Unique	false	53	21	HiddenSingle,LockedCandidatesPointing,ClaimingBoxLineReduction,NakedPair,NakedTriple,NakedSingle,FinnedSwordfish	.3........7.6.19...4.....2.2..8.6.....9...1......5....4....2..5.....8.1.....1.734	.3.......87.6.19.3.4.....2.2..8.6.....9...1.....15....4....2..5.....8.1.628.1.734	failures/top1465-0461.png	-	-	-
462	Unique	Unique	false	51	7	HiddenSingle,LockedCandidatesPointing	2....48...95..7.3....6.........1.....43.....5.6.3.84..47.2..5....6.......2....69.	2....48..695..7.34..46........41.....43.....5.6.3.84..47.2..5....6....4..2..4.69.	failures/top1465-0462.png	-	-	-
463	Unique	Unique	false	55	6	HiddenSingle,LockedCandidatesPointing	.8..3..6.9..6..4.7....9...5..5.......627.......9....84.2.....7.4...7...3...2.1...	.8..3..6.9..6..4.7....9.8.5.45.......627.......9....84.2.....7.4...7...3...2.1.4.	failures/top1465-0463.png	-	-	-
464	Unique	Unique	false	54	8	HiddenSingle,LockedCandidatesPointing,NakedQuad	694....1..2..7.9........25.......48.4.1...52......8..39..4......6.7.5.....3.8....	694....1..2..7.9........25.......48.481...52.....48..39..4......6.7.5....43.8....	failures/top1465-0464.png	-	-	-
465	Unique	Unique	false	55	5	HiddenSingle,NakedTriple,LockedCandidatesPointing,ClaimingBoxLineReduction	1..7..6...4..9......74.32.....1.............7..5.3841.2.3.4..5.......3.6.79......	1..7..6...4..9......74.32.....1.............77.5.3841.2.3.4..5.......3.6.793.....	failures/top1465-0465.png	-	-	-
466	Unique	Unique	true	0	78	HiddenSingle,LockedCandidatesPointing,NakedQuad,ClaimingBoxLineReduction,NakedSingle,NakedPair	......4.18..2........6.7......8...6..4....3...1.......6......2..5..1....7...3....	265389471874251693193647852327894165946125387518763249631578924452916738789432516	-	-	-	-
467	Unique	Unique	false	55	9	NakedSingle,LockedCandidatesPointing,NakedQuad	7956..8.......1....2.3.....2......5.......7.8.46.7.9.....1.......2..5..9854.2....	7956428.......1....2.3.....2......5.......7.8.46.7.9.....1.......2..5..9854.2....	failures/top1465-0467.png	-	-	-
468	Unique	Unique	false	48	11	HiddenSingle,LockedCandidatesPointing,ClaimingBoxLineReduction,FinnedXWing	5..2....9......12.1..8.47...6.5.7..1.5......8....8.2...2.34....6.1.......7..18...	5..2.1..9......12.1.28.47...6.5.7..1.5.1....8.1.48.2...2.34..176.1.......7..18..2	failures/top1465-0468.png	-	-	-
469	Unique	Unique	false	54	13	HiddenSingle,LockedCandidatesPointing,NakedPair,ClaimingBoxLineReduction,NakedTriple	2.3.....75...7..987..4....5.....67......9.1....73.8..91.6....2.3...5.....5...2...	2.3.....75...7..987..4....5.....67......9.1....73.8.591.6...52.3...5.....5...2...	failures/top1465-0469.png	-	-	-
470	Unique	Unique	false	49	13	HiddenSingle,LockedCandidatesPointing,ClaimingBoxLineReduction,NakedPair,NakedSingle,UniqueRectangle	....6...9.7.2..........1.8..1..2....4....7.5272..59....41......5..9...2669.7....5	....6...9.7.29........71.8..15.2....4....7.5272..59...241......5.79...2669.7.2..5	failures/top1465-0470.png	-	-	-
471	Unique	Unique	true	0	75	HiddenSingle,LockedCandidatesPointing,NakedQuad,NakedSingle,NakedTriple,ClaimingBoxLineReduction	....2.4.3...1..7...85......3..7........4...1..6...........18...4.3.........6...5.	691527483234186795785943162349761528852439617167852934576318249413295876928674351	-	-	-	-
472	Unique	Unique	false	56	6	HiddenSingle,LockedCandidatesPointing,ClaimingBoxLineReduction,FinnedXWing	4...1..8...9.2..5.1.......2.3.9.8..7..5.........63......6...4....1.832..7....6..8	4...1..8...9.2..5.1...6...2.3.9.8..7..5.........63......6...4....1.832..7....6..8	failures/top1465-0472.png	-	-	-
473	Unique	Unique	false	50	10	NakedSingle,HiddenSingle,LockedCandidatesPointing,ClaimingBoxLineReduction,NakedQuad	1...8.5...5....24.....24.31..583....6......7....16...23..45.6....8.1.....9.......	1...8.5...53.9124....524.31..583....6...4..7....16...23..45.6....8.1.....9..7....	failures/top1465-0473.png	-	-	-
474	Unique	Unique	false	50	13	HiddenSingle,LockedCandidatesPointing,ClaimingBoxLineReduction,NakedTriple,NakedSingle,NakedQuad	.5.3.2........16..8..5...7..7....3.....95...2...2.37.9.4...58..6..82....78.......	.5.3.2..8....816..8..5...7..7...83.....957..25..2.37.9.4...58..6..82...778.......	failures/top1465-0474.png	-	-	-
475	Unique	Unique	false	46	30	HiddenSingle,LockedCandidatesPointing,NakedPair,NakedTriple,FinnedXWing,NakedSingle,ClaimingBoxLineReduction,NakedQuad,Jellyfish,UniqueRectangle	.....3...8..2..67..6.......51...2.4.......3..47.5....87..4..8....2.1....6..3..4.5	.....3...83.2..67..6......351...2.46......35.47.5....87..4..83.342815.6.6..3.74.5	failures/top1465-0475.png	-	-	-
476	Unique	Unique	true	0	73	HiddenSingle,LockedCandidatesPointing,NakedSingle	.......71.2.8........4.3...7...6..5....2..3..9........6...7.....8....4......5....	349526871521897643876413529718369254465281397932745186654178932187932465293654718	-	-	-	-
477	Unique	Unique	false	56	3	LockedCandidatesPointing	3...9...8.2.6..5.9.......4.8.423........5...7.....12...8614...........7.15...9.6.	3...9...8.2.6..5.9.......4.8.423........5...7.....12...8614...........7.15...9.6.	failures/top1465-0477.png	-	-	-
478	Unique	Unique	false	52	12	HiddenSingle,LockedCandidatesPointing,NakedPair,ClaimingBoxLineReduction,FinnedXWing,FinnedSwordfish	.6.3.......15.....7....1.38..7....9.52..8.1.........56.7..4.6..4..6....5.5..9..2.	.6.3.......15...6.7...61.38..7.5..9.52..8.1.........56.7..456..4..6....5.5..9..2.	failures/top1465-0478.png	-	-	-
479	Unique	Unique	false	55	2	HiddenSingle,LockedCandidatesPointing	..3....9.8...21..6.5........6.25.74.....73..55.....2..2....7.8....49.1...9.5.....	..3..5.9.8...21..6.5........6.25.74.....73..55.....2..2....7.8....49.1...9.5.....	failures/top1465-0479.png	-	-	-
480	Unique	Unique	false	54	10	HiddenSingle,LockedCandidatesPointing,ClaimingBoxLineReduction,NakedPair,NakedSingle,FinnedXWing	..2....7...4.5.....7...8..1..6..5.8..4.1..2..5.9............9.7.3..278.....54....	.52....7...475.....73..85.1..6..5.8..4.1..2..5.9............9.7.3..278.....54....	failures/top1465-0480.png	-	-	-
481	Unique	Unique	false	54	14	NakedSingle,HiddenSingle,LockedCandidatesPointing,ClaimingBoxLineReduction,NakedPair,HiddenPair,FinnedXWing	....7...56.1.92....95.6....8.......3.6........3..4.7...5.....1...2.5..78...4.95..	....7...56.1592....95.6....8.......3.6........39.4.7...5.....1..42.5..78...4.95..	failures/top1465-0481.png	-	-	-
482	Unique	Unique	true	0	78	HiddenSingle,LockedCandidatesPointing,NakedQuad,ClaimingBoxLineReduction,NakedSingle,NakedPair	......8.17..2........5.6......7...5..1....3...8.......5......2..4..8....6...3....	254379861761248593893516742326791458915824376487653219538167924142985637679432185	-	-	-	-
483	Unique	Unique	false	48	15	HiddenSingle,LockedCandidatesPointing,NakedTriple,NakedSingle	1......9..65..9......63...22.6.47..5..835..2.........4..9...1.8...9.....75....4..	1......9..65.29......6315.22.6.47..5..8356.2.5...9...4..9...1.8...9..2..75....4.9	failures/top1465-0483.png	-	-	-
484	Unique	Unique	false	54	8	HiddenSingle,LockedCandidatesPointing,ClaimingBoxLineReduction,HiddenPair	6.73.........8..2..2...79....1...4..4..........3.5...8.7.1..38..4.63...7...8...9.	6.73..8......8.72..2...79....1...4..4..........3.5...8.7.1..38..4.63...7...87..9.	failures/top1465-0484.png	-	-	-
485	Unique	Unique	false	50	12	HiddenSingle,LockedCandidatesPointing,ClaimingBoxLineReduction,FinnedXWing	5....3.8....4.1...4....7..3....8..64.9....23.2...7....95.......3...4.7....7..8..9	57...348....4.1.7.4..8.7..37...8..64.9....2372...7....95.7.....3...4.7....7..8..9	failures/top1465-0485.png	-	-	-
486	Unique	Unique	false	54	7	HiddenSingle,LockedCandidatesPointing	...213....6...9.8........9.5.84......7...8...3.......5..1...7..2...6...1..5.3.46.	...213....6...9.8........9.5.84......7.358...3.....8.56.1...7..2...6...1..5.3.46.	failures/top1465-0486.png	-	-	-
487	Unique	Unique	false	55	12	HiddenSingle,LockedCandidatesPointing,ClaimingBoxLineReduction,NakedPair,NakedSingle,NakedTriple	....4...1.54.....9...2.1..8....9...3.2.3......8345..........6.5.6..8..9.7..6...8.	....4..61154.....9...2.1..8....9...3.2.3......8345..........6.5.6..8..9.7..6...8.	failures/top1465-0487.png	-	-	-
488	Unique	Unique	false	45	13	HiddenSingle,ClaimingBoxLineReduction,NakedQuad,NakedSingle,FinnedSwordfish	9..51...35..3..2....8..2...7.....5.8.96...31....8...9.3.5.7.6.....1.........3..85	9..51.8.35..3..2...387.2.5.7.....5.8896.5731..5.8...9.3.5.7.6.....1.5.3.....3..85	failures/top1465-0488.png	-	-	-
489	Unique	Unique	false	52	10	HiddenSingle,LockedCandidatesPointing,ClaimingBoxLineReduction,NakedQuad	.5.4.....8.3..1...9..5...8...6.3..9..9.65.........2..3.2.1..7..6.....8.5....4.2..	.5.4.....8.3..1...9..5...8...6.3..9.39.65.......9126.3.2.1..73.6.....8.5....4.2..	failures/top1465-0489.png	-	-	-
490	Unique	Unique	false	51	11	HiddenSingle,LockedCandidatesPointing,NakedQuad,NakedSingle,ClaimingBoxLineReduction,FinnedXWing	.3.4...81....9...5.6...84..5......1...19...4..8.1.7.53..8.3.......6..7.......4.9.	.3.4...818...9.3.5.6.3.84..5......1...19...4..8.1.7.53..8.3.....5.6..73......4.9.	failures/top1465-0490.png	-	-	-
491	Unique	Unique	false	56	2	HiddenSingle,FinnedXWing	..3...6.......1.9..7..5.....18....5..2..7.1..6.9....72...83..1....2.....4...673..	..3...6.......1.9..7..5....718....5..2..7.1..6.9....72...83..1....2.....4...673..	failures/top1465-0491.png	-	-	-
492	Unique	Unique	true	0	71	HiddenSingle,LockedCandidatesPointing,NakedSingle	..3....1.....94...9...2.......7..6.345..............8..96...2.....5..4.....1.....	243657819761894532985321746129748653458936127637215984596483271312579468874162395	-	-	-	-
493	Unique	Unique	false	54	8	HiddenSingle,LockedCandidatesPointing,FinnedXWing,FinnedSwordfish	...4783....7..329..3....4..2...5......68......14....2..93......7...2..1....6....5	...4783....7..329..3.2..4..2...5......68.2....14....2..93.....27...2..1....6....5	failures/top1465-0493.png	-	-	-
494	Unique	Unique	false	51	15	LockedCandidatesPointing,NakedTriple,HiddenSingle,NakedPair	9.16....2.8.....4...3.2.5........2....51....6...87...........3..189.......6..59..	9.16....2.82...64...3.2.5........2....51....6...87..5....2...3.2189...65..6..592.	failures/top1465-0494.png	-	-	-
495	Unique	Unique	false	53	13	HiddenSingle,LockedCandidatesPointing,NakedQuad	1...9..3...2..3.5.7..8.......3..7...9.........48...6...2..........14..79...7.68..	1...9.73...2.73.5.73.8.......3..7...97........48...6.7.27.........14..79...7.68..	failures/top1465-0495.png	-	-	-
496	Unique	Unique	false	51	12	LockedCandidatesPointing,HiddenSingle,ClaimingBoxLineReduction	.9...1....8..4.....1.8.2..7..3..7.6.........4...46.71...51...32.....5..62.....9..	.9...1....8..4.....1.8.2..7..3..7.6.......3.4.2.463715..51...32.....5.762.....95.	failures/top1465-0496.png	-	-	-
497	Unique	Unique	false	52	16	LockedCandidatesPointing,HiddenSingle,NakedSingle,ClaimingBoxLineReduction,NakedPair,NakedQuad	.6.........428........31..5....4.39...79....2..8..27....6.2..1948.......7..5.....	.6347......428.......631..5..5.4.39...79....2..8..27....6.2..1948.......7..5.....	failures/top1465-0497.png	-	-	-
498	Unique	Unique	false	48	13	HiddenSingle,LockedCandidatesPointing	.4...9..3...5.79...68.....77...3.....85.2.......9...1..54..3....194....8......3..	547..9..3...5.79..9683....779..3.....85.2..39...9...1..54..3...3194....8.7....3..	failures/top1465-0498.png	-	-	-
499	Unique	Unique	true	0	70	HiddenSingle,LockedCandidatesPointing,NakedTriple,NakedSingle,ClaimingBoxLineReduction,FinnedXWing	.139.....7...........24..1......1...48..6.........39.6.........2.5...74..6...489.	613957428742138569958246317376891254489562173521473986894715632235689741167324895	-	-	-	-
500	Unique	Unique	false	57	8	LockedCandidatesPointing,NakedTriple,NakedQuad,HiddenTriple,FinnedXWing	..2...4..9.563.8..........6....6........73.9...8.15...7.63...5.8......4.3...2.1..	..2...4..9.563.8..........6....6........73.9...8.15...7.63...5.8......4.3...2.1..	failures/top1465-0500.png	-	-	-
501	Unique	Unique	false	34	30	LockedCandidatesPointing,HiddenPair,NakedSingle,HiddenSingle,NakedTriple	...7.....12.....84....8.....945.....3....2..67....45........16.6.1..73.5....5...7	...7.....12.635.84....8.....94563...31587249676.91453....3.8169681.973.5...1568.7	failures/top1465-0501.png	-	-	-
502	Unique	Unique	false	55	5	HiddenSingle,LockedCandidatesPointing	....8...2.7..2....13.5..7.....1.25...4..6....5..9....3......3.9.19.5.4....7....6.	....8...2.7..2....1325..7.....1.25...4..65...5..9....3......3.9.19.5.4....7....6.	failures/top1465-0502.png	-	-	-
503	Unique	Unique	false	53	14	HiddenSingle,LockedCandidatesPointing,HiddenPair,FinnedXWing	....6...79.3....2....7....1.465......8...2...5.9..4....9...3.4...8....12..5.7.3..	....6...7973....2....7....1.465.7....8...2..45.9..4.7..9...3.4...8....12..5.7.3..	failures/top1465-0503.png	-	-	-
504	Unique	Unique	false	52	6	HiddenSingle,LockedCandidatesPointing,FinnedSwordfish	8....4..197.....8...438.9......4...26..2..8.3..5...6...............1..59..189..3.	8..9.4..197.....8...438.9......4.5.26..2..8.3..5...6........1.8....1..59..189..3.	failures/top1465-0504.png	-	-	-
505	Unique	Unique	false	56	8	HiddenSingle,LockedCandidatesPointing	.3...8.1.42..........9.......9..26.....75.........1.38174...2..2......85.....6..4	93...8.1.42..........9.......9..26.....75......2..1.38174...2..2......85.....6..4	failures/top1465-0505.png	-	-	-
506	Unique	Unique	true	0	71	LockedCandidatesPointing,NakedTriple,HiddenSingle,NakedSingle,FinnedXWing	.23.....7.6...1....7.6...5...63.4.....8...5......9.2..3....5..9..94...3........4.	123549687865731492974682351216354978498276513537198264341865729689427135752913846	-	-	-	-
507	Unique	Unique	false	57	8	HiddenSingle,LockedCandidatesPointing,NakedQuad,FinnedXWing	.2.7...9...4....71..5.6......9.73...3...56.1........4..1......86....8....9...2..4	.2.7...9...4....71..5.6......9.73...3...56.1........4..1...7..86....8....9...2..4	failures/top1465-0507.png	-	-	-
508	Unique	Unique	false	49	17	HiddenSingle,LockedCandidatesPointing,NakedPair,FinnedSwordfish,NakedSingle,FinnedXWing	.1....63......3...8....5..9...4.7.6..4.....1.....9...51...28...7.8.5...2..21.....	.1....63......3..18...15..9..14.7.6..4.5...1..8..91..51...28...7.8.54192..21.....	failures/top1465-0508.png	-	-	-
509	Unique	Unique	false	54	11	HiddenSingle,LockedCandidatesPointing,NakedSingle,NakedQuad	..8.....3.....58..5....2..46.......99...781...1.....3.175.........3.........9.67.	..8.....3.....58..5....2..46....3..99...781...1.....3.175...39....3.7.......9167.	failures/top1465-0509.png	-	-	-
510	Unique	Unique	true	0	61	HiddenSingle,LockedCandidatesPointing,FinnedSwordfish,HiddenQuad,NakedSingle	..6......35..1.....17..3.5......9.4..2.35...8...2..6.........9.672.....3.8....7.6	246597381359418267817623459563879142421356978798241635135762894672984513984135726	-	-	-	-
511	Unique	Unique	false	55	7	HiddenSingle,LockedCandidatesPointing,NakedPair	...487....5.9.......7...2..2.1..4.9...4...6.3.9...5...3......2...87...3..6..1.8..	...487....5.9.......7...2..2.1..4.9.5.4...6.3.9...5..23......2...87...3..6..1.8..	failures/top1465-0511.png	-	-	-
512	Unique	Unique	false	48	26	HiddenSingle,LockedCandidatesPointing,NakedSingle,ClaimingBoxLineReduction,NakedPair,NakedTriple,NakedQuad,UniqueRectangle	......8....9..852.4...9.......5...6.1..6.4..37....2....63.............39......1.7	....5.89...9..852.4..29.37....5...621..6.4..37.6..2.1..63...24......5639......1.7	failures/top1465-0512.png	-	-	-
513	Unique	Unique	false	56	9	HiddenSingle,LockedCandidatesPointing,ClaimingBoxLineReduction,NakedTriple	2..1....54....9.8......276.....3....51....4.9..6....7...1..5.......7.8..728......	2..1....54....9.8.1....276.....3....51....4.9..6....7...1..5..7....7.8..728......	failures/top1465-0513.png	-	-	-
514	Unique	Unique	false	55	4	HiddenSingle,LockedCandidatesPointing,FinnedSwordfish	1...6..8..73.....6.6.35.......8.57........1...9..36...4...8.....39..7..2..5...9..	1..76..8..73.....6.6.35.......8.57......7.1...9..36...4...8.....39..7..2..5...9..	failures/top1465-0514.png	-	-	-
515	Unique	Unique	false	55	2	HiddenSingle,NakedPair	.63...9....78.6...84...1........52.35..1.........74.9..2....8.6.8..5..3.4.......2	.63...9....78.6...84...1........52.35..1.........74.9..2....8.6.8..5..394.......2	failures/top1465-0515.png	-	-	-
516	Unique	Unique	false	50	12	HiddenSingle,LockedCandidatesPointing,NakedSingle,NakedQuad	896.4..........7.2...9...6..18..9.246..3...8..3..1.......4..2..3....6.....5.3..1.	896.4..........792...95.468.18..93246..3...8..3..1.......4..2..3....6.4...5.3..1.	failures/top1465-0516.png	-	-	-
517	Unique	Unique	false	54	9	HiddenSingle,NakedTriple,LockedCandidatesPointing,ClaimingBoxLineReduction,NakedSingle	6......1...7.......5..83.2.....4.3....28.6....7.....5......91....8235.......1...4	6......1...7.......5..83.2.....4.3....28.6....7.3...5....4.918...8235.......18.34	failures/top1465-0517.png	-	-	-
518	Unique	Unique	false	50	19	HiddenSingle,LockedCandidatesPointing,NakedTriple,NakedSingle,ClaimingBoxLineReduction,FinnedXWing,NakedPair	......3..6....1.....8.9....4........15.67..4...72...5..4.7...25....6.7...8...5.9.	......3..6....1.....8.9....42.......15.67..4.8672.4.5..467...25....627..782..5.9.	failures/top1465-0518.png	-	-	-
519	Unique	Unique	false	51	12	HiddenSingle,LockedCandidatesPointing,NakedTriple,NakedSingle,NakedQuad,HiddenPair	4....52.....3.....2.......85.8..1..4...7..6...4.....811....9....5..2..1...31...57	4....52.....3.2...2.......85.8..1..4...7..6.5.4..5..811..5.9..2.5..2..1..231...57	failures/top1465-0519.png	-	-	-
520	Unique	Unique	false	56	8	HiddenSingle,LockedCandidatesPointing,FinnedXWing	4.....7....68....59..72..1....26.....4.5....9.....1....85.....3.....3...7.....8.4	4.....7...768....59..72..1....26.....4.5....9.....1....85.....3..4.83...7.....8.4	failures/top1465-0520.png	-	-	-
521	Unique	Unique	false	55	5	HiddenSingle,LockedCandidatesPointing,FinnedXWing	2..3....53...591......7.4..5....8...7.1.4.......2...6.......2.4..5.....889...3...	2..3....53...591...5..724..5....8.4.7.1.4.......2...6.......2.4..5.....889...3...	failures/top1465-0521.png	-	-	-
522	Unique	Unique	false	57	15	HiddenSingle,LockedCandidatesPointing,ClaimingBoxLineReduction,NakedQuad,HiddenPair,FinnedXWing	.3.8....5.....6.49..5.2...79..........4.5....6..1...32..2..7...........3.....41.8	.3.8....5...5.6.49..5.2...79..........4.5....6..1...32..2..7........5..3.....41.8	failures/top1465-0522.png	-	-	-
523	Unique	Unique	false	58	8	HiddenSingle,LockedCandidatesPointing,ClaimingBoxLineReduction,NakedTriple	.1...7......85.9....3.....4.2..4....75.96....1....8.2...62............3......57.8	.1...7......85.9....3.....4.2..4....75.962...1....8.2...62............3......57.8	failures/top1465-0523.png	-	-	-
524	Unique	Unique	false	50	11	HiddenSingle,NakedSingle,LockedCandidatesPointing,HiddenPair	..2...68...3....2..74.82......4.5.9.3.......5..8.7.1.3............897..2....245..	..2...68...3....2..74.8235....435.9.3....8..5..8.7.1.3...........58974.2....245..	failures/top1465-0524.png	-	-	-
525	Unique	Unique	false	50	25	HiddenSingle,LockedCandidatesPointing,NakedTriple,NakedQuad,ClaimingBoxLineReduction,NakedPair,UniqueRectangle,NakedSingle,FinnedXWing	8...1.7......4....4.1..95....2...8.....9.......3.86.9...8.........6.3....7.5...36	8..31.7.....84....4.17695....2..78...8.9.......3286.9...8.........673....7.5.8.36	failures/top1465-0525.png	-	-	-
526	Unique	Unique	false	49	12	HiddenSingle,LockedCandidatesPointing,NakedPair,NakedSingle,FinnedXWing	8........95..6......6.894..3.8....1.5.4...8.7.1....6....527.3......3..72........4	84.......95..6....1.6.894..3.8.4..195.4...8.7.19...64...527.3....1.3..72........4	failures/top1465-0526.png	-	-	-
527	Unique	Unique	false	53	7	HiddenSingle,ClaimingBoxLineReduction	5...6..........583..3.9.4..6...4.1.....71.....7...2....5...1.2.4..5..6...89......	5...6....96....583..3.954..6...4.1.....71.....7..52....56..1.2.4..5..6...89......	failures/top1465-0527.png	-	-	-
528	Unique	Unique	false	53	11	HiddenSingle,LockedCandidatesPointing,ClaimingBoxLineReduction,NakedTriple,NakedQuad	.23..6.....67....3.8....5......9.......8...4....2379.55..9..3.2.....2..8.7.....5.	.23..6....567....3.8....5......9.83....8..24....2379.55..9..3.2.....2..8.7.....5.	failures/top1465-0528.png	-	-	-
529	Unique	Unique	false	55	10	HiddenSingle,LockedCandidatesPointing,NakedTriple,NakedQuad,HiddenPair	.......8..72.....1..6.9...7.4..15.3.5........6..27.........81...98...37......3..5	.....7.83.72.....1..6.9...7.4..15.3.5........6..27.........81...98...37......38.5	failures/top1465-0529.png	-	-	-
530	Unique	Unique	false	51	9	HiddenSingle,LockedCandidatesPointing	42..5.73.........48.7...2......6.......941..5.5....1......8..2..1...3..9.75....1.	42..5.73.5.......48.7...25.1...6......2941..5.5....1.....18..2..18..3..9.75....1.	failures/top1465-0530.png	-	-	-
531	Unique	Unique	false	57	7	HiddenSingle,LockedCandidatesPointing,NakedQuad	..1245.6..2.......9..7.....4.7.6..1....5...........9.3...1.6..2.......74.58......	..1245.69.2.6.....9..7.....4.7.6..1....5...........9.3...1.6..2.......74.58......	failures/top1465-0531.png	-	-	-
532	Unique	Unique	false	46	13	HiddenSingle,LockedCandidatesPointing,NakedTriple,NakedSingle	......5.88..651...9..2..3...4.7..9.5....2....5.1.4.....1.56.8.9..3............61.	1.....5.883.651.9.9..2..3.1.4.71.9.5....251..5.1.4.....1.56.8.96.31...5.......61.	failures/top1465-0532.png	-	-	-
533	Unique	Unique	false	32	42	HiddenSingle,LockedCandidatesPointing,ClaimingBoxLineReduction,NakedTriple,NakedSingle,NakedPair,XWing	........5.4.....7..761.43...85.6...........51.6.2.......2.....9...4.8.....37...1.	....7.465.4....17..761.439.785961234.....7651.6.2..9878.2...7496.74.85234.37..816	failures/top1465-0533.png	-	-	-
534	Unique	Unique	true	0	72	HiddenSingle,LockedCandidatesPointing,NakedSingle	.1..5.3.......4.7....6...2.2.7..9.........8.146........3..8.......1.....7........	912857364856324179374691528287419635593276841461538792139782456625143987748965213	-	-	-	-
535	Unique	Unique	false	54	7	HiddenSingle,LockedCandidatesPointing,NakedQuad	..7....35.1..4..8....3..1..5....18..........2.26...4......8....8..765.9..7.139...	..7.1..35.1..4..8....3..1..5....18..........2.26...4......8....8..765.9..7.139..8	failures/top1465-0535.png	-	-	-
536	Unique	Unique	false	54	19	HiddenSingle,LockedCandidatesPointing,NakedQuad,FinnedXWing	6..3.2....5.....1..........7.26............543.........8.15........4.2........7..	6..3.25...5.....12.2.5.....7426.5..........543.5....2728.15........4.2........7..	failures/top1465-0536.png	-	-	-
537	Unique	Unique	false	54	7	HiddenSingle,LockedCandidatesPointing,NakedTriple,XWing	1..3.6.8...6..7...9.5.4....2.3...6..5...2.8...4..........4....9...7.....6...1.2.5	1..3.6.8...6..7...9.5.4...62.3...6..56..2.8...4.6........4....9...7....86...1.2.5	failures/top1465-0537.png	-	-	-
538	Unique	Unique	true	0	67	HiddenSingle,LockedCandidatesPointing,ClaimingBoxLineReduction,NakedTriple,FinnedXWing,FinnedSwordfish,NakedSingle,NakedPair	.2....5938..5..46.94..6...8..2.3.....6..8.73.7..2.........4.38..7....6..........5	126478593837592461945361278412937856569184732783256914251649387374815629698723145	-	-	-	-
539	Unique	Unique	false	52	20	NakedSingle,HiddenSingle,LockedCandidatesPointing,ClaimingBoxLineReduction,NakedPair,NakedTriple	.....837..7.....2.461..........9..8..1...6..3635.8.........3..7...6....9.2..49...	.....837..7.9...2.461.3.....4.39..8..1...6..3635.8...2.....3..7...6....9.2..49...	failures/top1465-0539.png	-	-	-
540	Unique	Unique	false	53	6	HiddenSingle,LockedCandidatesPointing	8...2.1.......9....651...2....5....3.3..61....874......1.24.3......169.4......7..	8...2.1.......9....651...2....5....3.3..61....874....1.1.24.3......169.4......712	failures/top1465-0540.png	-	-	-
541	Unique	Unique	false	54	7	HiddenSingle,LockedCandidatesPointing,NakedQuad,FinnedXWing	1.25...78.4...........81...........9.8.....136....7...2..6.89.54...2......9.13.2.	1.25...78.4...........81...........9.8.....136....7...2..6.89.54..925.....9.13.2.	failures/top1465-0541.png	-	-	-
542	Unique	Unique	false	51	9	HiddenSingle,LockedCandidatesPointing,NakedTriple	..76.23..9..........6793....6.3..5..7.5...8....4....2.....167..........4..35.72..	..76.23..93.........6793....6.3..5..7.5...8..3.4..5.2.....167...7..3...4..35.72..	failures/top1465-0542.png	-	-	-
543	Unique	Unique	false	50	11	HiddenSingle,LockedCandidatesPointing,FinnedSwordfish	..4.8...6.......5..5.6.184..1......8..9..4.3.7...3.......24.98..6..5.......1..6..	..4.8...6..64...5..5.6.184..1..6...86.9.14.3.7...3..6....24698..6..5.......1..6..	failures/top1465-0543.png	-	-	-
544	Unique	Unique	false	53	9	HiddenSingle,NakedSingle,LockedCandidatesPointing,ClaimingBoxLineReduction,XWing	..24...5.8.....2...6......1.1..47.....6.5..2.......7.6....9......81.5.3.79..3....	.324...5.8.....2...6......121.647....76.5..2..8....7.6....9......81.5.3.79..3....	failures/top1465-0544.png	-	-	-
545	Unique	Unique	false	55	9	NakedSingle,HiddenSingle,LockedCandidatesPointing	....81.7..3........2...9..1...4.5..........27..8.9.5....1.5.6....9.....446......3	....81.7.13.......82...9..1...4.5..........27..8.9.5.6..1.546....9.....446......3	failures/top1465-0545.png	-	-	-
546	Unique	Unique	false	50	17	HiddenSingle,NakedSingle,LockedCandidatesPointing,ClaimingBoxLineReduction,NakedPair,FinnedXWing	....7.9.6..5..9.4.9....8.7...9...6..87.....2...6..3......1........4.6..25.3.....8	....7.9.67.5..9.4.9...48.7...9...6..87.....2...6..3...6..1.5...1..4.6..2543...168	failures/top1465-0546.png	-	-	-
547	Unique	Unique	false	48	13	NakedSingle,HiddenSingle,LockedCandidatesPointing,ClaimingBoxLineReduction,FinnedXWing	8...3............6....6258.5..9...1.....7.9.3..9...26.4....9.5..9....8..2.58.....	8...3........98..69...6258.5..9..718....7.943..9.8.2654....9.5..9..5.8..2.58.....	failures/top1465-0547.png	-	-	-
548	Unique	Unique	false	48	22	HiddenSingle,LockedCandidatesPointing,NakedTriple,NakedSingle,ClaimingBoxLineReduction,NakedPair	1.25..6..8.5....2.......5...1.....68..817..4..4.6.3......43..7......94...9..1....	1.254869.8.5....24......58..1...4.686.817..4..4.683......43..7......94...9..1....	failures/top1465-0548.png	-	-	-
549	Unique	Unique	false	53	8	NakedSingle,HiddenSingle,LockedCandidatesPointing,FinnedXWing	..54......4..8.7.......3..5..3.26.891...........3.7.2...9.4...3.......6..2.5....8	..54......4..857.......3..5..3126.891.28.4......3.7.2...9.4...3.......6..2.5....8	failures/top1465-0549.png	-	-	-
550	Unique	Unique	false	52	6	NakedSingle,HiddenSingle,LockedCandidatesPointing	..43.7.........3......8.2.141.6...9...9.3.5..7....9..8.6.....5.3.....1..5...1...7	1.43.7.........3......8.2.141.6..79...973.5..7....9..8.61.7..5.3.....1..5...1...7	failures/top1465-0550.png	-	-	-
551	Unique	Unique	false	52	13	HiddenSingle,LockedCandidatesPointing,ClaimingBoxLineReduction	..3....9..5.2.......7361.........71.4....8.......3...6...5..83..85.2....2...14...	..3....9..5.2.......7361...3.....71.4....8...5...3...6...5..832.85.23...23.814...	failures/top1465-0551.png	-	-	-
552	Unique	Unique	false	54	8	HiddenSingle,LockedCandidatesPointing,NakedPair	..3....8.9.....62....9......8.4....6.4...37..2.5..7.....8.3.........5.1...7..84..	..3....8.9..38.62.8..9.....78.4....6.4...37..235..7.....8.3.........5.1...7..84..	failures/top1465-0552.png	-	-	-
553	Unique	Unique	false	49	14	HiddenSingle,LockedCandidatesPointing,NakedSingle,ClaimingBoxLineReduction,NakedTriple	..1.2......3....4....71....2....6..8.4....3...8.2......3..6....1..8.4.7.8...7.5.9	6.142......36...4.4.871....21...6..8.4....3..38.2......3..6....1..8.4.7.864.7.5.9	failures/top1465-0553.png	-	-	-
554	Unique	Unique	false	53	9	NakedSingle,HiddenSingle,LockedCandidatesPointing,NakedQuad	....7...6...3..97...5.62.8.3.....7.1..45.........9..........8..7..8...23..9.4....	....7...6...3..97..75.623843.....7.1..45.7.....7.9..........8..7..8.9.23..9.4....	failures/top1465-0554.png	-	-	-
555	Unique	Unique	false	55	11	HiddenSingle,LockedCandidatesPointing,ClaimingBoxLineReduction,NakedTriple	......8...2.7.9...9....871.8.4........6.4...55....3.6..7.5.....3....6..2...9....1	......829.287.9...9....871.8.4........6.4...55....3.6..7.5.....3....6..2...9....1	failures/top1465-0555.png	-	-	-
556	Unique	Unique	false	54	6	HiddenSingle,LockedCandidatesPointing,NakedTriple	......25..7....8...28....19..12.89..3...9........1...6.624.7......32.7.......1...	......257.7...28...28....19..12.89..3...9....2...1...6.624.7......32.7.......1...	failures/top1465-0556.png	-	-	-
557	Unique	Unique	false	53	14	HiddenSingle,LockedCandidatesPointing,ClaimingBoxLineReduction,NakedPair,NakedTriple	85.....4..6.5....3.2...87...1....4.........697...9.5..3..9.....4...17.2....2..3..	85.....4..6.5....3.2...87...19...4.........697...9.5..3.29.....4..317.2...12..3..	failures/top1465-0557.png	-	-	-
558	Unique	Unique	true	0	75	HiddenSingle,NakedSingle,LockedCandidatesPointing,ClaimingBoxLineReduction,NakedPair,NakedTriple	1.....3.8.7.4..............2.3.1...........958.........5.6...7.....8.2...4.......	129576348376428519584391627293815764417263895865749132958632471731984256642157983	-	-	-	-
559	Unique	Unique	false	52	11	NakedSingle,HiddenSingle,LockedCandidatesPointing,NakedQuad	.6..8....1..9..2..85...1.....91.26.3.7.564..........7....4..........67.5....198..	96..8....1..9..2..85.6.1.....91726.3.7.564.......9..7....4..........67.5....198..	failures/top1465-0559.png	-	-	-
560	Unique	Unique	false	56	15	NakedSingle,HiddenSingle,LockedCandidatesPointing,NakedPair,ClaimingBoxLineReduction,HiddenPair,FinnedXWing,FinnedSwordfish	.5......37..6...2....1.3.....4.8..1.1.7..2.6.9.........8......9......45.6...9....	.5......37.36...2....1.3...5.4.8..1.137..2.6.9.8.......8......9......45.6...9....	failures/top1465-0560.png	-	-	-
561	Unique	Unique	false	57	6	HiddenSingle,LockedCandidatesPointing,ClaimingBoxLineReduction	85..3.....3....5.61..2.......91....85..7.8.......4....6..9.7.5..2.....1.....2..7.	85..3.....3....5.61..2.......91....85..7.8.......4...56..9.7.5..2.....1.....2..7.	failures/top1465-0561.png	-	-	-
562	Unique	Unique	false	55	6	HiddenSingle,LockedCandidatesPointing	4.2....5..8.7..1..1..9......9.6....8..5..12......2..7...9.3..4..3......6......8..	4.2....5.98.7..1..15.9...8.29.6....8..5..12......2..7...9.3..4..3......6......8..	failures/top1465-0562.png	-	-	-
563	Unique	Unique	false	53	4	HiddenSingle	4...5...9..3...8.....1.9........4.......8.29.15.6...7.8.6....4.5.......3..9.4.78.	4...5...9..34..8...851.9........4.......8.29.15.69..7.8.6....4.5.......3..9.4.78.	failures/top1465-0563.png	-	-	-
564	Unique	Unique	false	49	20	HiddenSingle,LockedCandidatesPointing,ClaimingBoxLineReduction,NakedSingle,FinnedXWing	2....35....7....4..6.97...........62...42....9.58.....3.9...2.......18..4..7.....	2....35....7....4.56.97..2......5962...4297..9258674..3.9...2.......18..4..7.....	failures/top1465-0564.png	-	-	-
565	Unique	Unique	false	53	9	HiddenSingle,LockedCandidatesPointing,FinnedXWing	.5......88..2.3.....3..1.4.23...4.5.6.....7....8.9......654..8...7...1.........3.	.5.4..3.88..2.3.....3..1.4.23...485.6.....7....8.9....31654..8...7...1.........3.	failures/top1465-0565.png	-	-	-
566	Unique	Unique	false	56	5	HiddenSingle,LockedCandidatesPointing,ClaimingBoxLineReduction	.....69...2....6.....75..24..4.....9..2..3.6.59........8....7...5..1...81...39...	.....69...2....6.....75..24..4.....9..2..3.6.59........8....7...5..17..81..839...	failures/top1465-0566.png	-	-	-
567	Unique	Unique	false	52	8	HiddenSingle,FinnedXWing	3..7...2...8.4...9....5...1..24.....5...3.4.......8.3...46.....9..2.3....1.....67	3..7...2...8.4...9....5...1.324.....5...3.4.2....28.3...46....39..2.3....13..4.67	failures/top1465-0567.png	-	-	-
568	Unique	Unique	false	56	6	HiddenSingle,LockedCandidatesPointing,ClaimingBoxLineReduction,HiddenPair	.6....83..25....1.....16.....7.6....8..4.57.3.......8...2...19..5...8...4....7...	.6....83..25.8..1.....16.....786....8..4.57.3.......8...2...19..5...8...4....7...	failures/top1465-0568.png	-	-	-
569	Unique	Unique	false	56	12	HiddenSingle,LockedCandidatesPointing,ClaimingBoxLineReduction,NakedTriple,NakedPair	.56.....7...1...92.....7....6..2...1.7...98..3......4.13..........68.5.4......9..	.56...1.7...1...92.....7....6..2...1.7...98..3......4913..........68.5.46.....9..	failures/top1465-0569.png	-	-	-
570	Unique	Unique	true	0	78	HiddenSingle,LockedCandidatesPointing,NakedQuad,ClaimingBoxLineReduction,NakedSingle,NakedPair	......4.17..2........8.6......7...2..4....3...1.......2......8..5..1....6...3....	825379461764251893193846752386794125942185376517623948231467589458912637679538214	-	-	-	-
571	Unique	Unique	false	48	17	HiddenSingle,LockedCandidatesPointing,NakedTriple,ClaimingBoxLineReduction,NakedSingle	57..8.4.........3...32..1.5...4.8........5...2.7.....19.1.....4.8.7.9.....2....6.	57.3814..12.....3...32..1.5.1.4.8......1.5...2.7.....19.1..2..4.8.7.9.1.7.2.1..6.	failures/top1465-0571.png	-	-	-
572	Unique	Unique	false	56	10	HiddenSingle,LockedCandidatesPointing,HiddenPair	.6..51....2...8..1...7..28......61.27.9..........4..3..8.....2.4.5...7.....3..6..	.6.251....2...8..1...7..28......61.27.9..........4..3..8.....2.4.5...7...7.3..6..	failures/top1465-0572.png	-	-	-
573	Unique	Unique	false	55	4	HiddenSingle,LockedCandidatesPointing,ClaimingBoxLineReduction	.32..........2..4.9.7..5....1...3.98...2..6...68.1..2....53....57......3....471..	.32..........2..4.9.7..5...21...3.98...2..6...68.1..2....53....57......3....471..	failures/top1465-0573.png	-	-	-
574	Unique	Unique	false	55	15	NakedSingle,HiddenSingle,LockedCandidatesPointing,ClaimingBoxLineReduction,NakedPair,NakedQuad	...6.28.........7.14...56...6.2.......7..3.5.....1.29...3..7.......4..359........	...6.28........57.14...562..6.2..3..2.7..3.5.....1.29...3..7.......4..359........	failures/top1465-0574.png	-	-	-
575	Unique	Unique	false	51	5	HiddenSingle,LockedCandidatesPointing	...3...86..76..1......5...4..6.1....5.4...3.2.9..4.7..2...3.6....1..54..43...9...	...3...86..76..1......5..74..6.1..4.5.4...3.2.9..4.7..2..43.6....1..54..43..69...	failures/top1465-0575.png	-	-	-
576	Unique	Unique	false	52	7	HiddenSingle,LockedCandidatesPointing	....2.68.9..3.........6.3...9...6..7.1....8..3.6..8.2......5...4.2.1.9...8.9...7.	....2.68.96.3..7.2.2..6.3...9...6..7.1....8..3.6..8.2...9..5...4.2.1.9...8.9...7.	failures/top1465-0576.png	-	-	-
577	Unique	Unique	false	53	5	HiddenSingle,LockedCandidatesPointing	.....1..8..4..765..5..6.39..13...7...7..3..8.46.7.5........6..9..29........85....	...5.1..8..43.765..5..6.39..13...7...7..3..8.46.7.5........6..9..29........85....	failures/top1465-0577.png	-	-	-
578	Unique	Unique	false	51	7	NakedSingle,HiddenSingle,LockedCandidatesPointing,NakedQuad	3.2.8...6....9.7.8.5.....2.78..4...9..4.......1...2...1...7.....4...637.5..4...9.	3.2.8...646129.7.8.5.....2.78..4.2.9..4.......1...2...1...7.....4...637.5..4...9.	failures/top1465-0578.png	-	-	-
579	Unique	Unique	false	52	7	HiddenSingle,LockedCandidatesPointing,NakedQuad,ClaimingBoxLineReduction	13....6.9...2..54........7..........62..8.7.47.9.461....1.3........15...49.8.....	13....6.9...2..54..4.....7..14......62..8.7.47.9.461....1.3........15...49.8...1.	failures/top1465-0579.png	-	-	-
580	Unique	Unique	false	53	14	HiddenSingle,LockedCandidatesPointing,ClaimingBoxLineReduction,NakedPair,NakedSingle	1..64.....7.......9.4.....1....6..79.3..7...4.4..583...5....9...........4.629.5..	1..64.....7.......964.....1....6..79.3..72.54.4..583...5....9...9.......4.629.5..	failures/top1465-0580.png	-	-	-
581	Unique	Unique	false	55	9	HiddenSingle,LockedCandidatesPointing,NakedTriple,FinnedXWing	1.....9....27........34.62..1..5.7....7.....359..7...8..1....6..4.......7..6.93..	1.....9....279.......34.62..1..5.7.6..7.....359..7...8..1....6..4.......7..6.93..	failures/top1465-0581.png	-	-	-
582	Unique	Unique	false	40	26	HiddenSingle,NakedTriple,HiddenPair,LockedCandidatesPointing,NakedPair,UniqueRectangle,NakedSingle,XWing,ClaimingBoxLineReduction	1.........4..59....653....42..6...47.7..4...6.....58.......3.2...2..7..5......61.	12.4.65...4..59.6..653....425.63..47.7.94..564.6..58....4.6372.6.2..74.5.....461.	failures/top1465-0582.png	-	-	-
583	Unique	Unique	false	56	9	HiddenSingle,LockedCandidatesPointing,NakedQuad	.64.2.........1...8..7...3....13..7...8..2..17....59.....4..5..3.......91...6..8.	.64.2.........1...8..7...3....13..7...8972..17....59.....4..5..3.......91...6..8.	failures/top1465-0583.png	-	-	-
584	Unique	Unique	false	54	12	HiddenSingle,LockedCandidatesPointing,HiddenPair,NakedQuad,FinnedXWing	..8.5..6....7...83.5............524.8..6....9.7.....1...23.....6...9..7...4..2...	..8.5..6....7..583.57....2......524.8..6....9.7.....1...23.....6..59..72..4..2...	failures/top1465-0584.png	-	-	-
585	Unique	Unique	false	53	8	HiddenSingle,LockedCandidatesPointing	.......76.....51..2..3..9..93..2...1.2....36.7.4...........1..8.5.96.....9..4.7..	.......76.....51..2..3..9..93..2...1.2....3677.4.....9.....1698.5.96.....9..4.7..	failures/top1465-0585.png	-	-	-
586	Unique	Unique	false	52	5	HiddenSingle,LockedCandidatesPointing,FinnedXWing	9...182....5.......7.93.....29..3.8.3..6..7.27............9....1.73.2..6..8..6..5	9...182....526.....7.93.....29..3.8.3..6..7.27...2........9....1.73.2..6..8..6..5	failures/top1465-0586.png	-	-	-
587	Unique	Unique	false	52	11	NakedSingle,HiddenSingle,LockedCandidatesPointing,ClaimingBoxLineReduction,NakedQuad,NakedTriple	17...4...3..6..7..25.....4......58........4......3..155..7...2.....96...7..3.1.9.	17...4...3..6..7..25..73.4......58....5...4......3..155..748.2.....96...7..3.1.9.	failures/top1465-0587.png	-	-	-
588	Unique	Unique	false	56	5	LockedCandidatesPointing,FinnedXWing	1.64....5....2.......3.6.8....2..8...8.9.713...4.....9......59.47.......5..1.3..2	1.64....5....2.......3.6.8....2..8...8.9.713...4.....9......59.47.......5..1.3..2	failures/top1465-0588.png	-	-	-
589	Unique	Unique	false	57	3	HiddenSingle,LockedCandidatesPointing,FinnedXWing	.4.7.1....1.....9...9.8.7..5.6....3.1....6.......2.8....8.....4.5..3..2..7.5....9	.4.791....1.....9...9.8.7..5.6....3.1....6.......2.8....8.....4.5..3..2..7.5....9	failures/top1465-0589.png	-	-	-
590	Unique	Unique	false	51	14	HiddenSingle,LockedCandidatesPointing,NakedQuad,HiddenPair,NakedPair,NakedSingle,NakedTriple,ClaimingBoxLineReduction	....2....9.6.7...88......4.....6.4..6.......9.124...3....3...8...8....71....589..	...82..9.9.6.7...88......4..89.6.4..6.......9.124...3....3...8...8.42.71....5896.	failures/top1465-0590.png	-	-	-
591	Unique	Unique	false	54	10	HiddenSingle,LockedCandidatesPointing,NakedQuad	......1.2...4.....8...3..5.3...895.........7..1.6.......3..8.....25.6..9.6.97...4	...8..1.2...4.....8...3..5.3...895.....3...7..1.6.......3..8..5..25.6..9.6.973..4	failures/top1465-0591.png	-	-	-
592	Unique	Unique	false	54	13	HiddenSingle,LockedCandidatesPointing,NakedTriple,NakedSingle,NakedQuad,NakedPair,FinnedXWing	.5.9.86....4......3...6.8........7....683.......7.2..12..5..9...9...1..6.......35	.5.9.86.3..4......3.9.6.8........7....683.......7.23612..5..9...9...1..6.......35	failures/top1465-0592.png	-	-	-
593	Unique	Unique	false	54	10	HiddenSingle,ClaimingBoxLineReduction,NakedQuad,LockedCandidatesPointing,NakedPair,FinnedXWing	.1.....9......4....6..8.2....3.92.5..2.8...1.6...1.4........5......39...2...5186.	.1.....9......4....6..8.2..1.3.92.5..2.8..91.6...1.4.......85......39...2...5186.	failures/top1465-0593.png	-	-	-
594	Unique	Unique	false	58	8	NakedSingle,LockedCandidatesPointing,NakedPair,ClaimingBoxLineReduction,NakedTriple,FinnedSwordfish	..6...5....3..4...2...7.4....93...7....46....8....23...7..9..2....5...161........	..6...5....3..4...2...7.4....93...7....46....8....23...7..9.82....5...161........	failures/top1465-0594.png	-	-	-
595	Unique	Unique	false	54	10	HiddenSingle,LockedCandidatesPointing,NakedPair,NakedSingle,ClaimingBoxLineReduction,FinnedXWing	..4.8.1......13....5.4....6.......2.....67..3.98....452......7....3....28.6...4..	..4.8.1...8..13..4.5.4....6.......2.....67..3.98.3..452......7....3...628.6...4..	failures/top1465-0595.png	-	-	-
596	Unique	Unique	false	56	4	HiddenSingle,LockedCandidatesPointing	..5........3.8...4...1..7.56.1......8..4.3..2....1..4.5.8....9..1.7..6......29...	..5........3.8...4...1..7.5641......8..4.3..2....1..4.5.8..1.9..1.7..6......29...	failures/top1465-0596.png	-	-	-
597	Unique	Unique	false	36	29	HiddenSingle,LockedCandidatesPointing,ClaimingBoxLineReduction,FinnedXWing,NakedSingle,XWing,NakedQuad	..34........7...3.7....15.62....8..7...94..........9..6.....25.8.53.2..1...6....8	..34..7.....7...3.7..2315.62...683.7...94........2.9..6..894253845372691932615478	failures/top1465-0597.png	-	-	-
598	Unique	Unique	false	55	7	HiddenSingle,LockedCandidatesPointing,ClaimingBoxLineReduction	7..3...6.....1...4.3...52......649..9.61........8.......3.2..5.2......1..154...7.	7..3...6.....1...4.3...52......649..9.61........8.......3.21.5.2......1..154...72	failures/top1465-0598.png	-	-	-
599	Unique	Unique	false	55	5	HiddenSingle,NakedTriple,NakedSingle,FinnedXWing	1..46..7...7.....496.....8...6..38...4..1........2..3.........2.8.9..5..7.5..2...	1..46..7...7.....4964....8...6..38...4..1........2..3.........2.829..5..7.5..2..8	failures/top1465-0599.png	-	-	-
600	Unique	Unique	false	54	3	HiddenSingle,LockedCandidatesPointing	..6..1...8.3..91...9......7...2...5....1..4...3..468.12.9..4.3....5.....65..3..1.	..6..1...8.3..91...9......7...2...5....1..4...3..468.12.9..4.3.3..5.....65..3..1.	failures/top1465-0600.png	-	-	-
601	Unique	Unique	false	55	9	NakedSingle,HiddenSingle,LockedCandidatesPointing,NakedQuad,HiddenTriple,FinnedSwordfish	..5.32.....9..1..34........6.....2..2....5.84..7...1..8...6...7.1...85.2.......4.	1.5.32...7.9..1..34........6.....2..2....5.84..7...1..8...6...7.1...85.2.7.....4.	failures/top1465-0601.png	-	-	-
602	Unique	Unique	false	51	17	HiddenSingle,LockedCandidatesPointing,NakedPair,NakedSingle,ClaimingBoxLineReduction	4..8.......724.....2.....7.25...96...3.75.....4......9.....5........159....9..26.	4..8.7.....724.....2.5...7.25...96.7.3.75....74...2.59.....57.......159....9..26.	failures/top1465-0602.png	-	-	-
603	Unique	Unique	true	0	81	HiddenSingle,LockedCandidatesPointing,NakedSingle,NakedTriple,NakedQuad,XWing,NakedPair,UniqueRectangle,FinnedXWing	.8...4.5....7..3............1..85...6.....2......4....3.26............417........	986324157124759368537861429413285976695173284278946513342617895869532741751498632	-	-	-	-
604	Unique	Unique	false	41	32	HiddenSingle,LockedCandidatesPointing,NakedPair,NakedSingle,ClaimingBoxLineReduction,NakedTriple,HiddenPair,UniqueRectangle,FinnedXWing	.7.....358..9..4..3...2........1.5.....4.8....6..3..8...........5....1739...42...	.79.8423582.9.34..34..2.8......1.5...9.4.83...6..3.78.......9...5.8961739...42658	failures/top1465-0604.png	-	-	-
605	Unique	Unique	false	51	12	HiddenSingle,NakedSingle,LockedCandidatesPointing,FinnedXWing	.2.4.5........9.......3.28....3....93..8.47..4....652...1......64.9....27.....3..	.2.4.5........9.......3.28....3..8493..8.47..4....6523..1......64.97.1527.....3..	failures/top1465-0605.png	-	-	-
606	Unique	Unique	false	50	26	LockedCandidatesPointing,NakedTriple,NakedSingle,ClaimingBoxLineReduction,HiddenSingle,NakedPair,XWing,UniqueRectangle	..4..23..85..6.4..........1.8.7...6......5.8...3.4.......5...7...1..62...9..2....	..4..23..85..6.4.7...4....1.8.7...6....2.578..73648.12...5...7...1..62...9..2....	failures/top1465-0606.png	-	-	-
607	Unique	Unique	true	0	78	HiddenSingle,LockedCandidatesPointing,NakedTriple,NakedSingle,ClaimingBoxLineReduction	...1..5......26...4.3..........7.643.65.............8.3..8........4..2...1.......	976184532581326479423795861192578643865943127734261985349812756657439218218657394	-	-	-	-
608	Unique	Unique	false	45	20	HiddenSingle,LockedCandidatesPointing,NakedSingle,ClaimingBoxLineReduction	.....3.1....8.7..28..6...............69...7...2...8.6...43.29....17....43.89.....	.4.5.3.1....8.7..28..6......8..69....69.357...2..78.696.43.29..2917.6..43.89.....	failures/top1465-0608.png	-	-	-
609	Unique	Unique	false	55	19	NakedSingle,HiddenSingle,LockedCandidatesPointing,ClaimingBoxLineReduction,NakedPair,NakedTriple,FinnedSwordfish	39.6.......2.......4..3.85......5....6..1..9....4......15.6..3.......7.......7.82	39.65......2.......4..3.85....9.5....6..1..9....4.6...715.6..3.......7...3...7.82	failures/top1465-0609.png	-	-	-
610	Unique	Unique	false	46	15	NakedSingle,HiddenSingle,NakedQuad,FinnedSwordfish,FinnedXWing	375.9.2..2....13..1.............572..8...7..1.63...........2...9.4....5....8...7.	375.9.21.2....13..1........419.8572.582..7..1763......8.7..2...9.4....5.6.18...7.	failures/top1465-0610.png	-	-	-
611	Unique	Unique	false	55	0		.2...3..48..7..39...7....61..3.7...8..6..213.5.........4.8....6..8.1..2..5...9...	.2...3..48..7..39...7....61..3.7...8..6..213.5.........4.8....6..8.1..2..5...9...	failures/top1465-0611.png	-	-	-
612	Unique	Unique	false	51	8	HiddenSingle,ClaimingBoxLineReduction	..82.4..16...5...9..1...........37..8..6..2....5..2.3.........3.54....7.2..9.5..8	..82.4..16...5...9..1.....7...5.37..8..6..2.5..5..2.3..8..2...3.54....722..9.5..8	failures/top1465-0612.png	-	-	-
613	Unique	Unique	false	48	20	HiddenSingle,LockedCandidatesPointing,ClaimingBoxLineReduction,NakedSingle,NakedPair,HiddenTriple,UniqueRectangle	..2..8.7.86.....2..7....3...1.6792....8.......4.....5....1....9....5.46...7.63...	..2..8.7.86.7...2..7...638..1.679248.28....9..4.....5....1...39....5.46...7.63.1.	failures/top1465-0613.png	-	-	-
614	Unique	Unique	false	54	15	HiddenSingle,LockedCandidatesPointing,NakedTriple,ClaimingBoxLineReduction,HiddenPair	...9.2.....8....753..4..9....5.83....7.......61.2.......1..7.64...8..3.....6...9.	1..9.2.....8....753..4.89....5783...87.......61.2.......1..7.64...8..3.....6...9.	failures/top1465-0614.png	-	-	-
615	Unique	Unique	false	53	8	HiddenSingle,NakedSingle,LockedCandidatesPointing,FinnedXWing	.....3.1...2..68......5.4...2....6..6..4.7.3.1.7.......4....7..9.6...2..5..9....8	.....3.1...2..68......5.4...2....6..6..4.713.1.7......24....7..9.6...2..5719..3.8	failures/top1465-0615.png	-	-	-
616	Unique	Unique	false	55	8	NakedSingle,HiddenSingle,LockedCandidatesPointing,NakedTriple	4.5.....9.3.......9..1..57......836.1..3.........7..92....9..2.749......5...6...8	4.5.....9.3.......9..1..57.2....836.1..3.........7..92....9..2.749......5...6.9.8	failures/top1465-0616.png	-	-	-
617	Unique	Unique	true	0	83	HiddenSingle,LockedCandidatesPointing,NakedQuad,NakedSingle,ClaimingBoxLineReduction,NakedPair,NakedTriple	2.....3.4.....1.8.3........7..36......4....9.....2.....8.9......5....2.....7..6..	271895364569431782348276915795364821624187593813529476486952137957613248132748659	-	-	-	-
618	Unique	Unsolvable	false	45	25	HiddenSingle,NakedSingle,LockedCandidatesPointing,NakedPair,NakedTriple,UniqueRectangle	1.....7.9.4...72..8.........7..1..6.3.......5.6..4..2.........8..53...7.7.2....46	1.....7.9.4...72.18.7...6.427..1..633.......556..43.27.3....5.8..53...727.2...346	failures/top1465-0618.png	23:NakedSingle:B7:3->1	22:UniqueRectangle:B7:-1	22:UniqueRectangle:elimination:B7:-1
619	Unique	Unique	false	55	8	HiddenSingle,LockedCandidatesPointing,NakedQuad,FinnedXWing	.9.8....3..6.7.1..5......4...........79...6.5.1...2.8....2...1....3..9..642..1...	.9.8....3..6.7.1..5......4..6......1.79...6.5.1...2.8.9..2...1....3..9..642..1...	failures/top1465-0619.png	-	-	-
620	Unique	Unique	false	54	6	HiddenSingle,LockedCandidatesPointing,ClaimingBoxLineReduction,NakedTriple	.5...4...7..3....2..49.2..1....617....7.....554...3.1..2.....8.69....3....1......	.5...4...7..3....2..49.2..1...5617....7.....554...3.1..2....18.69....3...71......	failures/top1465-0620.png	-	-	-
621	Unique	Unique	false	57	5	HiddenSingle,NakedTriple,LockedCandidatesPointing,ClaimingBoxLineReduction,FinnedXWing	.3....4..........21..45..9...976..3...8......6...1...74.2.37.......9...6...1...5.	.3....4..........21..45..9...976..3...8......6...1...74.2.37.....1.9...6...1...5.	failures/top1465-0621.png	-	-	-
622	Unique	Unique	false	52	10	HiddenSingle,LockedCandidatesPointing,FinnedXWing	..92....4.....1..3.6.8..52.7..........39.....58..3.94...41.....65....8.......5...	..925...4..5..1..3.6.8..52.79.5.......39.....58..3.94...41.....65....8....8..54..	failures/top1465-0622.png	-	-	-
623	Unique	Unique	true	0	71	HiddenSingle,LockedCandidatesPointing,ClaimingBoxLineReduction,NakedSingle,NakedPair,UniqueRectangle	..9.....3.....9...7.....5.6..65..4.....3......28......3..75.6..6...........12.3.8	219675843865439721743281596936512487157348962428967135382754619671893254594126378	-	-	-	-
624	Unique	Unique	false	53	7	HiddenSingle,LockedCandidatesPointing,FinnedXWing	..248....9....65......9..7...98.54...........5....31.....6..83..28..471...7......	.5248....9....65.....59..7...98.54...........5....31....56..83..28..471...7..8...	failures/top1465-0624.png	-	-	-
625	Unique	Unique	false	55	12	HiddenSingle,NakedSingle,LockedCandidatesPointing,ClaimingBoxLineReduction,NakedPair,NakedQuad	..2......8.13..6.......7..4.1.9..........48.......6.75.24.9.3...6.........9.5...8	..2......8.13..6.......7..4.1.9.........348...83..6.75.24.9.3...68........9.5...8	failures/top1465-0625.png	-	-	-
626	Unique	Unique	false	54	10	HiddenSingle,LockedCandidatesPointing,NakedQuad,NakedSingle,HiddenPair,FinnedXWing	....8.....915...3.36.....4..1......623.1.94....5...........6.91....4.2....73.....	....83....915...3.36.....4..1......623.1.94....5........3..6.91....4.2.3..73....4	failures/top1465-0626.png	-	-	-
627	Unique	Unique	false	56	6	LockedCandidatesPointing,NakedPair,ClaimingBoxLineReduction	.....73.2.6.35...9.8.....4.72......6.19.....4.....52.....51....8...32.....4.7.9..	.....73.2.6.35...9.8.....4.72......6.19.....4.....52.....51....8...32.....4.7.9..	failures/top1465-0627.png	-	-	-
628	Unique	Unique	true	0	63	HiddenSingle,LockedCandidatesPointing,NakedTriple,NakedSingle	.....729.......3..9.46....52.....7...3...89.....75.....6.............4..57...2..8	316587294758924316924631875245196783637248951891753642463819527182375469579462138	-	-	-	-
629	Unique	Unique	false	49	14	HiddenSingle,ClaimingBoxLineReduction,NakedTriple,LockedCandidatesPointing,NakedSingle,XWing	8.4..926..7...2...9..6...475.9..7...4.......3...2..9.....93.854.....8............	8.4..926..7...2...9..68..475.9..74..4...9...37..2..9..2.793.854..5..8.....8......	failures/top1465-0629.png	-	-	-
630	Unique	Unique	false	50	9	HiddenSingle,LockedCandidatesPointing,FinnedSwordfish	62.......4...5.1.7..57.....8..3....6....873.........98.6.....3..7.21..4.1....4...	627......4...5.1.7.157.....8..3....6....873..7......98.64.7..31.7.21..4.1...34...	failures/top1465-0630.png	-	-	-
631	Unique	Unique	false	55	7	HiddenSingle,LockedCandidatesPointing	.65.1....7..4.5........6.13..6....7..2..9..8.5....7.3...4..2...........18....492.	.65.1....7..4.5........6513..6....7..27.9..8.5....7.3...4..2...........18....492.	failures/top1465-0631.png	-	-	-
632	Unique	Unique	false	53	15	HiddenSingle,LockedCandidatesPointing,NakedTriple,NakedSingle,FinnedXWing,NakedPair,UniqueRectangle	.3..7..9...24....1....8.......6...7...8..5....4...85.6..1...3.93.6....1...712....	.3..7..9...24....1....8.......6...78..8..5....4...85.6..1.673.93.6....1...7123...	failures/top1465-0632.png	-	-	-
633	Unique	Unique	false	50	13	HiddenSingle,LockedCandidatesPointing,ClaimingBoxLineReduction,NakedQuad,NakedSingle	.2...........53..9...12.58.9......36....8..1....2..7..7.8..6...3.9.....5.4.....6.	.2...........53.29.9.12.58.9......36....8.91....2.975.7.8..6.9.369..2..5.4.....6.	failures/top1465-0633.png	-	-	-
634	Unique	Unique	false	55	17	HiddenSingle,LockedCandidatesPointing,NakedTriple,NakedQuad,HiddenPair	..4...1...6.2..7..5..8.....8..9...3...7.1.9.........4..36.4........7965.....8....	..4...1...6.2..7..57.8.....84.9...3...741.9..6......4..36.4........7965.....8....	failures/top1465-0634.png	-	-	-
635	Unique	Unique	false	46	18	NakedSingle,HiddenSingle,LockedCandidatesPointing,NakedPair	..1.875...34..26..9...5....8.......4.....186.....7.9...8.......2..6......1......2	621.875..534..26..978.56...8...6...4.....186.16.8749...8......62..6......16.....2	failures/top1465-0635.png	-	-	-
636	Unique	Unique	false	57	7	HiddenSingle,ClaimingBoxLineReduction,NakedTriple,LockedCandidatesPointing	...9...7.9.5..4..3.3....2...9..7..6...715....1...8.....6....42.8...97..........3.	...9...7.9.5..4..3.3....2...9..7..6...715....1...8.....6....42.8...97.......4..3.	failures/top1465-0636.png	-	-	-
637	Unique	Unique	false	51	11	HiddenSingle,LockedCandidatesPointing,NakedPair,NakedQuad,FinnedSwordfish	....43..2..12..6....7..5..8........43......16....52.89.4........853....79.2..7...	....43..2..12..6....7..5..8....3...43......16.7..52389743.......853....79.2..7...	failures/top1465-0637.png	-	-	-
638	Unique	Unique	false	50	12	HiddenSingle,LockedCandidatesPointing,NakedQuad	.......1.2316....99......7..2..9.......4.1..61..2..5....8......3...8.9..64.9....2	.....9.1.2316....99......7..2..9......94.1.261..2..59..98......312.8.9..64.9....2	failures/top1465-0638.png	-	-	-
639	Unique	Unique	false	52	15	HiddenSingle,LockedCandidatesPointing,ClaimingBoxLineReduction,NakedPair,NakedQuad	1.2....97...4.....9....13.....2....8.3.84...27....5.......5...........1.4876.....	1.2....978.34....19....13.....2....8.3.84...27281.5.......5...........1.48761....	failures/top1465-0639.png	-	-	-
640	Unique	Unique	false	47	19	HiddenSingle,LockedCandidatesPointing,NakedSingle,NakedTriple	.7....6...8.3..........62.3...........1...39.....954.22...5..8.51.4.....6....7...	3725.96.8.863...5......62.3......86...1...39..63.954.22...5..8.51.4.....6....75..	failures/top1465-0640.png	-	-	-
641	Unique	Unique	false	53	18	HiddenSingle,LockedCandidatesPointing,NakedPair,NakedSingle,ClaimingBoxLineReduction,NakedTriple,HiddenPair	...6.3...74.....1......59.....34...119....7.42...5......1...2...2..6..7....5...6.	...6.3...74.....1....4.59.....349.2119...67.42.4.5......1...2...2..6..7....5...6.	failures/top1465-0641.png	-	-	-
642	Unique	Unique	false	56	10	NakedSingle,HiddenSingle,LockedCandidatesPointing,NakedTriple,FinnedSwordfish	....9......3.2.....7..419...2..8.1.......6.5.6......7..4...2.1...15...63......8..	....9......3.2.....7..419...2..8.1.6.....6.5.6...5..7..4...2.1...157..63......8..	failures/top1465-0642.png	-	-	-
643	Unique	Unique	false	55	7	HiddenSingle,LockedCandidatesPointing,NakedQuad,NakedSingle	2...4.8.....1..3......98.4..9...34...8..6...9..1.8.....457....1..........6....53.	2.9.4.8.....1..39.....98.4..9...34...8..6...9..1.8...3.457....1..........6....53.	failures/top1465-0643.png	-	-	-
644	Unique	Unique	false	53	12	NakedSingle,HiddenSingle,LockedCandidatesPointing,ClaimingBoxLineReduction,FinnedSwordfish	1..74...69...8...2...3..5..6...9...7..8...15............1...7..4..2......5..643..	1..74...69...8.4.2...3..5..6...9...7..8...15.5..........19.87..4..2......5.1643..	failures/top1465-0644.png	-	-	-
645	Unique	Unique	false	51	10	HiddenSingle,LockedCandidatesPointing	..7....9.5...2..7..4679.8..693..1......8...6.........5..167.........8.2.......4.7	..7.8..9.589.2..7..4679.8..693..17.....8...6.....6...5..167.........8.2..6....4.7	failures/top1465-0645.png	-	-	-
646	Unique	Unique	false	36	30	NakedSingle,HiddenSingle,LockedCandidatesPointing,ClaimingBoxLineReduction,FinnedXWing,XWing,NakedQuad	..34........7...3.7....15.62....8..7...94..........9..6.....25.8.5..2..1...6....8	..34..7.....7...3.7..2315.62...683.7...94........2.9..6..894253845372691932615478	failures/top1465-0646.png	-	-	-
647	Unique	Unique	false	56	6	HiddenSingle,LockedCandidatesPointing	...1..3....4.5..8.2....9..554........9...3.....27...1.....68.....73...64.......52	...1..3....4.5..8.2...39..554.......79...3.....27...1.....68.....73...64.......52	failures/top1465-0647.png	-	-	-
648	Unique	Unique	false	57	6	HiddenSingle,LockedCandidatesPointing,NakedQuad,ClaimingBoxLineReduction	.....8.294..7.........2.1..85.3..7..6......91.1......85.....4...9...3.....765....	.....8.294..7.........2.1..85.3..7..6......91.1......85.....4...9...3.....765.9..	failures/top1465-0648.png	-	-	-
649	Unique	Unique	false	52	11	HiddenSingle,LockedCandidatesPointing,NakedQuad	7....46.8....6..5..5..38.........8.75.1.47.....9.1........721.642..............3.	7....46.8..8.6..5..5..38.........8175.1.47....79.1......5.721.642.........7....3.	failures/top1465-0649.png	-	-	-
650	Unique	Unique	false	51	16	HiddenSingle,LockedCandidatesPointing,NakedPair,ClaimingBoxLineReduction,NakedSingle,NakedQuad,FinnedXWing,FinnedSwordfish	6...7.8...9.5.....4....1....5...86.....2..........6.29.3..2..9........4.24.3.9..1	6..97.8...9.5.....4....19...52..86.....2.........56.29.3..2.79........4.2473.95.1	failures/top1465-0650.png	-	-	-
651	Unique	Unique	false	50	18	HiddenSingle,LockedCandidatesPointing,ClaimingBoxLineReduction,NakedPair,NakedQuad,NakedSingle	4..7231..1...8.........9....52....7..7....3.58.............648..13...2.....2...53	4.57231..1...8.........9...352....7.97.8.23.58.............6481.13..82.....2...53	failures/top1465-0651.png	-	-	-
652	Unique	Unique	false	50	15	NakedSingle,HiddenSingle,LockedCandidatesPointing,NakedTriple,NakedPair,ClaimingBoxLineReduction,FinnedXWing	1.2....9.......5..9......2......6....2....8...8.4.5.6.2.153.4..37.1.4.....56..3..	1.2....9...7...5..9....1.2..1...6....2..1.8..78.4.516.2.153.4..37.1.4.....56..3..	failures/top1465-0652.png	-	-	-
653	Unique	Unique	false	54	7	HiddenSingle,LockedCandidatesPointing,NakedTriple,HiddenPair,UniqueRectangle	.682....7.........1..6.89..23...9.4......5.....43..7..3...1..8.......3...9..8..62	.682....7.........1..6.89..23...9.4......52....43..7..3...1..8.......37..9..83.62	failures/top1465-0653.png	-	-	-
654	Unique	Unique	false	53	10	HiddenSingle,LockedCandidatesPointing,NakedPair,ClaimingBoxLineReduction,FinnedXWing	.2..914....86....13....7...8....6.7..1.72...4......6..6..9..5....4....8..3.......	.2..914....86..7.1361..7...8....6.7..1672...4......6..68.9..5....4....8..3.......	failures/top1465-0654.png	-	-	-
655	Unique	Unique	false	53	13	HiddenSingle,LockedCandidatesPointing,NakedPair,ClaimingBoxLineReduction,NakedQuad,NakedSingle,FinnedXWing	..8..5......23....9.24......6.........9.4..578.3.7..1.3......7....5...26.....84..	..8..5......23....9.248.....6..5......9.4..57853.7..143....4.7....5...26.....84..	failures/top1465-0655.png	-	-	-
656	Unique	Unique	false	44	19	HiddenSingle,LockedCandidatesPointing,NakedQuad,NakedSingle,FinnedSwordfish	..6.2.5....3.....4...745.2.....91....4.28......1..7....1......2.5.8..7....2....48	4763285..523...8741..745.2.....91....4.28......1..7....1...4.52.548.27....2....48	failures/top1465-0656.png	-	-	-
657	Unique	Unique	false	54	10	HiddenSingle,LockedCandidatesPointing,ClaimingBoxLineReduction,HiddenPair,FinnedXWing	..3.7..6.8..35..........3.127.9..8...9...8.....5...61..1.....4.........27...641..	..3.7..6.8..35..........3.127.9..8...9...8....85...619.1.....46........27...641..	failures/top1465-0657.png	-	-	-
658	Unique	Unique	false	51	12	HiddenSingle,NakedSingle,LockedCandidatesPointing,FinnedXWing	..3......8......959....42....1..394..6...........75..35..4...8.6....7.....9....1.	1.3......8.6....95975..42...51..394.36..4.....9..75..35..4...8.6....7.....9....1.	failures/top1465-0658.png	-	-	-
659	Unique	Unique	false	54	8	HiddenSingle,LockedCandidatesPointing,ClaimingBoxLineReduction,HiddenPair	....7.9....2..1.5.....6..8.5.......963.........9....16.5.9.76..3....4...4...8.1.2	....7.96..62..1.5.....6.28.5.......963.........9....16.5.9.76..3....4...4...8.1.2	failures/top1465-0659.png	-	-	-
660	Unique	Unique	false	54	8	HiddenSingle,LockedCandidatesPointing,FinnedXWing	....7.84..8.....3......2..6.1.4.8..9..86......56.1...874.........9..1.........357	....7.84..8.....3......2..6.1.4.8..9..86....3.56.1...874.........97.1..4......357	failures/top1465-0660.png	-	-	-
661	Unique	Unique	false	47	21	NakedSingle,HiddenSingle,LockedCandidatesPointing,NakedPair,ClaimingBoxLineReduction,NakedTriple,NakedQuad,FinnedXWing	....6..87..9.......31.7.2....6.98.4.1.....7....87....6..4.....2...5.3...32.......	..2.6..877.9.......31.7.2...76.98.4.1.3...7.8..873...6..4..7..2..7523...325....7.	failures/top1465-0661.png	-	-	-
662	Unique	Unique	false	55	6	HiddenSingle,LockedCandidatesPointing,NakedQuad,XWing	....1.....9.2.87.6.....685...54.....6.43...7..89...5...........3....728..4.1.....	....1.....9.2.87.6.....685..354.....6.43...7..89...5.....8.....3....728..4.1.....	failures/top1465-0662.png	-	-	-
663	Unique	Unique	false	55	7	HiddenSingle,LockedCandidatesPointing,NakedTriple,FinnedXWing	.....1.3.86.........3.....9..56....3.2.51.89..9......6.....4.71....5..2..197.....	9....1.3.86.........3.....9..56....3.2.51.89..9......6.....4.71...15..2..197.....	failures/top1465-0663.png	-	-	-
664	Unique	Unique	false	55	9	HiddenSingle,LockedCandidatesPointing,NakedQuad,FinnedXWing,XWing	...........5.9.17..3...2..84..........94..3...7.86...4..7..8...2.......1..19...56	....8......5.9.17..3...2..84..2.......94..3...7.86...4..7..8...2.......1..192..56	failures/top1465-0664.png	-	-	-
665	Unique	Unique	false	50	8	HiddenSingle	1...7956.8....2.............61..79..3..1.........6.4....2.9....6.9...14....8...2.	12..795688....2.9.9.........61..79..39.1........96.4....2.9....689...14....8...29	failures/top1465-0665.png	-	-	-
666	Unique	Unique	false	53	7	HiddenSingle,LockedCandidatesPointing,NakedPair,NakedSingle,FinnedSwordfish	.8....2.9.......6...31..78...56.3...6..4.7....3..8..7.92....53...4...9......2...6	.8....2.9.......6...31..78..756.3...6..4.7...43..8.67.92....53...4...9......2...6	failures/top1465-0666.png	-	-	-
667	Unique	Unique	false	53	4	HiddenSingle,NakedTriple	..3.8.95.8...9.......7.3..1.3.....46..8.4..2.7....25....26.4......9..3..59.......	..3.8.95.8...9.......7.3.8123.....46..8.4..2.7....25..3.26.4......9..3..59.......	failures/top1465-0667.png	-	-	-
668	Unique	Unique	false	50	12	HiddenSingle,LockedCandidatesPointing,ClaimingBoxLineReduction,NakedTriple,NakedSingle	..3.2..7.8..5..9.......7.8.7......93....4.7....6.1.8....7..5.3...12..5..5..1.....	..3.2..7.87.5..9.......738.71..5..93...34.7....671.8....7..513...12..5..5..1.....	failures/top1465-0668.png	-	-	-
669	Unique	Unique	false	54	7	HiddenSingle,LockedCandidatesPointing,ClaimingBoxLineReduction	......9...3.2.....8.....4.1.....689...3.47..27....2...5...3.....9.6......7...46.8	...4..9...3.2.....8.....4.1...3.6897..3.47..27....2...5...3...9.9.6......7...46.8	failures/top1465-0669.png	-	-	-
670	Unique	Unique	false	55	10	NakedSingle,HiddenSingle,LockedCandidatesPointing,NakedTriple	......4....5.7..1....3.2..7.6..8......9..5....1....2.9........84..6.....3.79...65	......4....5.7..1....3.2..7.6..89.....9..56...1....2.9.......484..6.....3.79..165	failures/top1465-0670.png	-	-	-
671	Unique	Unique	false	52	8	NakedSingle,HiddenSingle,LockedCandidatesPointing	4.27.......7..1.....1.5........7.2.3.....4...6..8..5......1.479.9......5..62...8.	4.27.......7..1.....1.5........7.2.3.....4...6..8..5......1.47919...7625..62..381	failures/top1465-0671.png	-	-	-
672	Unique	Unique	false	54	7	HiddenSingle,LockedCandidatesPointing,NakedTriple	2...8.61..7....4...5..2....4..13.....9.........2..7..93...9...8..7..2......5..1..	2...8.61..7....4...5..2....4..139...79.2....1..2..7..93...9...8..7..2......57.1..	failures/top1465-0672.png	-	-	-
673	Unique	Unique	true	0	76	HiddenSingle,NakedSingle,LockedCandidatesPointing,ClaimingBoxLineReduction,NakedPair,NakedTriple	1.....3.8.6.4..............2.3.1...........758.........7.5...6.....8.2...4.......	125976348369428517784351926253817694416293875897645132978532461631784259542169783	-	-	-	-
674	Unique	Unique	false	59	8	LockedCandidatesPointing,HiddenPair	.6......5..7..4.8.....9.2...2.5...3..8......7..43....15...8.4......71...6.......9	.6......5..7..4.8.....9.2...2.5...3..8......7..43....15...8.4......71...6.......9	failures/top1465-0674.png	-	-	-
675	Unique	Unique	false	55	8	HiddenSingle,LockedCandidatesPointing	.5.6..1......35...67...84..2.....8.......3.1.....7..5......4.6...9.1.3....2.....4	.5.6..1...2..35...67...84.52.....84......3.1.....7..5......4.61..9.1.3....2.....4	failures/top1465-0675.png	-	-	-
676	Unique	Unique	false	51	14	HiddenSingle,LockedCandidatesPointing,ClaimingBoxLineReduction,NakedQuad,NakedTriple,NakedSingle	.2...6.....758......5....34..8.....3..1735.8....9........8..........175.2....3.1.	.2.3.6.....758...1..5....34..8.....3..1735.8...29.8......8..3....3..175.2....3.18	failures/top1465-0676.png	-	-	-
677	Unique	Unique	false	54	9	HiddenSingle,LockedCandidatesPointing,NakedPair,NakedSingle,FinnedXWing	...39.....8...6......14.7..1.....47....5....69...2..8..5....3..32..8...47.1......	.1.39.....8...6......14.7..1..8.947....5....69...2..8..5....3.732..8...47.1......	failures/top1465-0677.png	-	-	-
678	Unique	Unique	false	51	20	HiddenSingle,LockedCandidatesPointing,ClaimingBoxLineReduction,NakedQuad,NakedTriple,FinnedXWing	....12...6..9...3..1.8...761...8...75.93...4.......8....1..5..8.........794....5.	...612.8.6.89...3..1.8...761...8...75893...4.......8....1..5..88........794..8.5.	failures/top1465-0678.png	-	-	-
679	Unique	Unique	false	57	4	LockedCandidatesPointing,FinnedXWing	.....17..5.72.....4...6...23.4....1.......8..2.6.4...5..5....6....3.9..1.4..2..8.	.....17..5.72.....4...6...23.4....1.......8..2.6.4...5..5....6....3.9..1.4..2..8.	failures/top1465-0679.png	-	-	-
680	Unique	Unique	false	52	17	NakedSingle,HiddenSingle,LockedCandidatesPointing,NakedPair,NakedTriple,NakedQuad,ClaimingBoxLineReduction,FinnedXWing,FinnedSwordfish	......3..36.........85...79....8..57..........2...4163..9....4.4..8.2...2..4.1...	.....83..36...9...1485...79....8..57.........82.9.4163..9....4.4..8.2...2..4.1...	failures/top1465-0680.png	-	-	-
681	Unique	Unique	true	0	77	HiddenSingle,LockedCandidatesPointing,NakedQuad,NakedTriple,ClaimingBoxLineReduction,NakedSingle	45.....3....8.1....9...........5..9.2..7.....8.........1..4..........7.2...6..8..	458276931623891475197534286371452698269783154845169327712948563986315742534627819	-	-	-	-
682	Unique	Unique	false	57	7	HiddenSingle,LockedCandidatesPointing,NakedQuad	4..6......73.8.......2...9....8..2.3.35.....18....4.7..1..........5.....9...1..48	4..6......73.8.......2...9....8..2.3.35...4818....4.7..1..........5.....9...1..48	failures/top1465-0682.png	-	-	-
683	Unique	Unique	false	53	20	HiddenSingle,LockedCandidatesPointing,NakedQuad,NakedTriple	1.3.....9..6.......8....54.....49..36......2....1...5...89..2.4..73....1.4.......	1.34....94.6.9.....8....54...5.49..36......2....1...5...89..2.4..73.4..1.4......5	failures/top1465-0683.png	-	-	-
684	Unique	Unique	false	54	5	HiddenSingle,LockedCandidatesPointing	1..2.37......8...5.....412........7..93.1......6..8...3.2..6.....1.3..8.68..5.3..	1..2.37......8...5...5.412........7..93.1......6..8...3.28.6.....1.3..8.68..5.3..	failures/top1465-0684.png	-	-	-
685	Unique	Unique	false	54	7	HiddenSingle,LockedCandidatesPointing,NakedQuad,FinnedXWing	.9.5.2.7...84.........1...6..1.7.5.48..6......3.......1....6..5..2...4...5.9...32	.9.5.2.7..184...5.....1..46..1.7.5.48..6......3.......1....6..5..2...4...5.9...32	failures/top1465-0685.png	-	-	-
686	Unique	Unique	false	51	10	HiddenSingle,LockedCandidatesPointing,ClaimingBoxLineReduction,NakedPair	.6.....7.87.3..59...54..2....9.564.....9...8.2.78.....7....4..2..8...71.........9	.6.....7.87.3..59...54..2...89.5642....9...8.2.78..9..7....4..2..8...71........49	failures/top1465-0686.png	-	-	-
687	Unique	Unique	false	49	13	NakedSingle,HiddenSingle,LockedCandidatesPointing,NakedPair,FinnedXWing	59..2..4....9......4..68......1...72..8...4...1......6..92.3...7......3.25...7...	59..21.4.8..9.....34..68....351...72..8...4...1......61.92.3...7.4...23.253..7...	failures/top1465-0687.png	-	-	-
688	Unique	Unique	false	41	23	HiddenSingle,LockedCandidatesPointing,ClaimingBoxLineReduction,NakedSingle	.75..6..4....7..9.4....1...5....8..6.....9..5..32.........9..1....1..2...48....7.	.75..61.4...4735924....1.675....8..6.....9..5..32.5..1.5..9741....1.425.148..2679	failures/top1465-0688.png	-	-	-
689	Unique	Unique	false	50	24	HiddenSingle,LockedCandidatesPointing,ClaimingBoxLineReduction,NakedTriple,NakedSingle,NakedQuad,FinnedXWing	.672......2...........7.9.5...75.8.9....4..7..8.31..........54.3..8....2..1..3...	.672......2...........7.925...75.8.9....48.7.78.31..5..9.1.75433..8....2..1..3...	failures/top1465-0689.png	-	-	-
690	Unique	Unique	false	56	6	HiddenSingle,LockedCandidatesPointing,FinnedSwordfish	.6.......1...93...5...8.46.4...1......8..6.3...6..5.2....74.9............2..68..7	.6...4...1..693...5...8.46.4...1......8..6.3...6..5.2....74.9............2..68..7	failures/top1465-0690.png	-	-	-
691	Unique	Unique	false	50	13	HiddenSingle,LockedCandidatesPointing,ClaimingBoxLineReduction,NakedTriple	.5.4....8..6....9..4...3..........39..5...8.6..985.....2...4.1.6..1.......8.....2	95.4....8..6..8.9.84...3....8....539..5...8.636985.....2..84.1.6..1...8...8.....2	failures/top1465-0691.png	-	-	-
692	Unique	Unique	false	53	9	NakedSingle,HiddenSingle,LockedCandidatesPointing,NakedQuad	.2..7.93.........87......5.8....4...3..1...6.....9.1..49.8....5.....3....56..2...	.2..7.93.9.......87....9.5.8....4...3..1...6.....9.1..4938....52....3...156.42...	failures/top1465-0692.png	-	-	-
693	Unique	Unique	false	53	8	HiddenSingle,LockedCandidatesPointing,ClaimingBoxLineReduction	..9..6.1..7...13...3...2....5..6.8....1........7...65.9...23.6......954...4.8...3	..9..6.1..7...13..13...2....5..6.8....1........7...65.9.5423.6......954...4.8...3	failures/top1465-0693.png	-	-	-
694	Unique	Unique	false	57	4	NakedSingle,LockedCandidatesPointing,FinnedSwordfish	..7.....2..149.5..6......1....38..2.......4..73...98..48...7...9....3.....5.....6	..7.....2.2149.5..6......1....38..2.......4..73...98..48...7...9....3.....5.....6	failures/top1465-0694.png	-	-	-
695	Unique	Unique	false	51	18	HiddenSingle,LockedCandidatesPointing,NakedTriple,NakedSingle,NakedPair,NakedQuad,UniqueRectangle,FinnedXWing,FinnedSwordfish	.......5...4.3.8......917...9..7...83..5.....8.6..3.4...3......54.7.....9.....62.	..9..7.5.7.4.358......917..49..7...83..5.....8.69.3.4...3......54.7.....9..3..62.	failures/top1465-0695.png	-	-	-
696	Unique	Unique	false	54	4	NakedSingle,FinnedSwordfish	7.2.1.....5...4.....92..58.6....82.....7.....1.5.....65....93..........48.7..2.6.	7.2.1....35...4...4.92..58.6....82.....7.....1.5..3..65....93..........48.7..2.6.	failures/top1465-0696.png	-	-	-
697	Unique	Unique	false	52	16	HiddenSingle,LockedCandidatesPointing,ClaimingBoxLineReduction,NakedTriple,NakedQuad,NakedSingle,FinnedSwordfish	3...5...91.5..3.6..46......41.....5...3..871........4.6...7.........5.31..82.....	3...5.1.91.5..3.6..461.....41.....5...3..871....5...4.6.1.7......4..5.31..82.....	failures/top1465-0697.png	-	-	-
698	Unique	Unique	false	53	11	HiddenSingle,LockedCandidatesPointing,NakedPair,ClaimingBoxLineReduction,FinnedXWing	.8...57......1.....2...71.3.3.84..5.....3..49..2..........6.....41.7...58......7.	18...57......1.5...2..871.3.3.84..5...8.3..494.2..........6.....41.7...58......7.	failures/top1465-0698.png	-	-	-
699	Unique	Unique	false	57	8	HiddenSingle,LockedCandidatesPointing,ClaimingBoxLineReduction	.4...6.5.....8..94.1..3...7283..5.........5......17...4.....2......7...86..3...4.	.4...6.5.....8..94.1..3...7283..5........35......17...4.....2......7...86..3...4.	failures/top1465-0699.png	-	-	-
700	Unique	Unique	false	54	3	HiddenSingle,NakedPair	..3.5.4..7...6.....5.8...6.5....3..4.1..7..8.2..4....7.4...8.5.....4...9..6.1.2..	..3.5.4..7...6.....5.8...6.5....3..4.1..7..8.2..4....7.4...8.5...5.4...9..6.1.24.	failures/top1465-0700.png	-	-	-
701	Unique	Unique	false	53	22	HiddenSingle,LockedCandidatesPointing,NakedSingle,NakedPair,ClaimingBoxLineReduction,NakedTriple,NakedQuad	..3.......6.7.9..1...6......16...8.9.......24.98......5....2.6....5.4.3...9..32..	..3......86.7.9..1...6......163..8.93......24.98......53...2.6....5.4.3...9..32.5	failures/top1465-0701.png	-	-	-
702	Unique	Unique	false	50	9	HiddenSingle,LockedCandidatesPointing,ClaimingBoxLineReduction	..27....49.....7...1...6.5...5..........4.2.7..36879..3..5...7......4...859..2...	5.27....49...5.7...1...6.5...5..........452.7..36879.53..5...7......45..859.72...	failures/top1465-0702.png	-	-	-
703	Unique	Unique	false	56	8	HiddenSingle,LockedCandidatesPointing,ClaimingBoxLineReduction,NakedPair,NakedTriple,FinnedXWing	..2..9....6..31....7.65.4...1.3.....5.......7..8.2...9..19......8..7..95......3.4	..2..9....6..319...7.65.4...1.3.....5.......7..8.2...9..19......8..7..95......3.4	failures/top1465-0703.png	-	-	-
704	Unique	Unique	false	54	12	HiddenSingle,LockedCandidatesPointing	...5.3..........62......97.5..4...........19.78..1....2.16....84...753.......2...	...5.3.........562......97351.4.........5.19.78..1....2.16....84...7532......2...	failures/top1465-0704.png	-	-	-
705	Unique	Unique	false	56	3	LockedCandidatesPointing,ClaimingBoxLineReduction,XWing	...5..94..5.6...8...4.9.3..3...7.1..4........297......6..95...25..2...1..2..8....	...5..94..5.6...8...4.9.3..3...7.1..4........297......6..95...25..2...1..2..8....	failures/top1465-0705.png	-	-	-
706	Unique	Unique	false	56	13	HiddenSingle,LockedCandidatesPointing,ClaimingBoxLineReduction,NakedSingle,NakedQuad,NakedTriple,FinnedXWing	...5...6...7..14..2...3...............1.29.7.52.....18..48.73..98..4.............	...5...6...7..14..2...3.......1.....8.1.29.7.52.....18..48.73..98..4..5..........	failures/top1465-0706.png	-	-	-
707	Unique	Unique	false	52	11	NakedSingle,HiddenSingle,LockedCandidatesPointing,FinnedXWing	.....17.....6....3.6.4.95.1.2.......3.9.7.......56.....1..4.6.........8.7.2.....9	.....17.....6.7..3867439521.2.......3.9.7.....7.56.....1..4.6.........8.7.2..6..9	failures/top1465-0707.png	-	-	-
708	Unique	Unique	false	54	14	HiddenSingle,LockedCandidatesPointing,NakedTriple,NakedSingle,ClaimingBoxLineReduction,HiddenPair,FinnedXWing	.........2..1....7.3.5..1....57..2....9...........2.465....6.93..2.376....8......	.........2..1....7.3.5..1....57..2...29........3..2.465..2.6.93..2.376..368......	failures/top1465-0708.png	-	-	-
709	Unique	Unique	false	56	5	HiddenSingle,LockedCandidatesPointing,ClaimingBoxLineReduction,HiddenPair	8.5.....1.1....7.......1...2..46.9...8.........6.5.2..3..7.6..46......2..243...9.	8.5.....1.1....7.......1...2..46.9...8.........6.5.2..3..726..46......2..243...9.	failures/top1465-0709.png	-	-	-
710	Unique	Unique	false	50	13	NakedSingle,HiddenSingle,LockedCandidatesPointing,ClaimingBoxLineReduction,FinnedXWing	65.48..12...5......4...35....6..8.......2549.7...9...6.....7.2..69......8...3....	65.489.12...5......4...35...96..82.....62549772..9...6.....7.2..69......8...3....	failures/top1465-0710.png	-	-	-
711	Unique	Unique	true	0	82	HiddenSingle,LockedCandidatesPointing,ClaimingBoxLineReduction,NakedTriple,NakedSingle,NakedPair,NakedQuad	3...8.......7....51..............36...2..4....7...........6.13..452...........8..	354186927298743615167952483481527369932614578576398241729865134845231796613479852	-	-	-	-
712	Unique	Unique	false	45	25	HiddenSingle,LockedCandidatesPointing,HiddenPair,HiddenTriple,NakedSingle,ClaimingBoxLineReduction,NakedTriple,NakedPair	.3...4......8..562.........6.......9..1..7..6....2..4...41.2.87.13......8...6.2..	53...49.8...8..562....9.4..6.......9..1..78.6....2..4.9641523872137..6..8...6.2..	failures/top1465-0712.png	-	-	-
713	Unique	Unique	false	53	8	NakedSingle,HiddenSingle,LockedCandidatesPointing,NakedTriple,FinnedXWing	.2.......8.6.9..7.9..35........6...9.7..1.68.........53.1..4.....21.....78...631.	.2.6.....8.6.9..7.9..35........6...9.7..1.68.........53.1..4.....21.....78..26314	failures/top1465-0713.png	-	-	-
714	Unique	Unique	false	54	5	HiddenSingle,LockedCandidatesPointing	..7..3568.6..1874............64..8.......7..9..485.3.....12....2.......4.53......	..7..3568.6..1874............64..8.......74.9..485.3.6...12....2.......4.53......	failures/top1465-0714.png	-	-	-
715	Unique	Unique	false	52	16	NakedSingle,HiddenSingle,LockedCandidatesPointing,NakedQuad,ClaimingBoxLineReduction	..68.3......6....51.2...........13.69....5......9....75.....2..6..1....4.8.74....	.568.3......6....51.259......5..13969....5......9....75..3..2..6..15...4.8.74....	failures/top1465-0715.png	-	-	-
716	Unique	Unique	false	54	20	LockedCandidatesPointing,NakedPair,NakedSingle,HiddenSingle,NakedTriple,NakedQuad,UniqueRectangle	..4.....3...7.1....76.....1..2.........9....8.8.2...5.25.8...9..6...7.4......3...	..46....3..57.1....76.....15.2..8......9.5..8.8.2...5.25.8...97.6...7.4......3...	failures/top1465-0716.png	-	-	-
717	Unique	Unique	false	52	17	HiddenSingle,LockedCandidatesPointing,NakedPair,NakedSingle,NakedTriple,ClaimingBoxLineReduction,FinnedXWing	..2..56...47..1........8.2..1.....49.84....32..9...............3..95..1.....125.3	..2..56...47..13...6...8.2..1.....49.84..9.32..9.......51......3..95..1.....125.3	failures/top1465-0717.png	-	-	-
718	Unique	Unique	false	55	9	HiddenSingle,LockedCandidatesPointing,ClaimingBoxLineReduction,FinnedXWing	...3.8....4......6..6...5.......12...8..4......3..7.9.1....4..8...51.6....2....7.	...368....4.1....6..64..5.......12...8..4......3..7.9.16.7.4..8...51.6....2....7.	failures/top1465-0718.png	-	-	-
719	Unique	Unique	false	50	12	HiddenSingle,LockedCandidatesPointing,FinnedXWing	....5..2....61...92....3..88......74..3.......1....9...96..57.....9.....4....83..	...85..27...612.392....3..88......74..3...8...1..8.9.3.96..578....9.....4....839.	failures/top1465-0719.png	-	-	-
720	Unique	Unique	false	51	13	HiddenSingle,LockedCandidatesPointing,ClaimingBoxLineReduction	......5..87.5.4.9..3..9.....6..5...9.8....746.........4.1....2....4..1.7...8.....	.4..8.5..87.5.4.9..3..9.....64.5..19.8....746.1..4....4.1.7..2...84..1.7...8.....	failures/top1465-0720.png	-	-	-
721	Unique	Unique	false	56	2	ClaimingBoxLineReduction,FinnedSwordfish	1.....68.....6.2...652.1....1.49.8.7........4..7......5..7....8..893....7....2.3.	1.....68.....6.2...652.1....1.49.8.7........4..7......5..7....8..893....7....2.3.	failures/top1465-0721.png	-	-	-
722	Unique	Unique	false	55	6	NakedSingle,LockedCandidatesPointing,ClaimingBoxLineReduction,NakedQuad	.4..2......7.8....1..65.....24..3.1...9....48.5..9.7..........5..6...8919......76	.4..2......7.8....1..65.....24..3.19..9....48.5..9.7..........5..6...8919......76	failures/top1465-0722.png	-	-	-
723	Unique	Unique	false	54	8	HiddenSingle,LockedCandidatesPointing,ClaimingBoxLineReduction,NakedPair	.23..4....76.25..1...7...8..1..6.7....91...62.....2...3.....8..5....9..4.9.....1.	.23..4....76.25..1...7..28..1..6.7....91...62.....21..3.....8..5....9..4.9.....1.	failures/top1465-0723.png	-	-	-
724	Unique	Unique	false	52	11	NakedSingle,HiddenSingle,LockedCandidatesPointing	.19...6.........8..7.25..4.3........9.6.......2.937.....28...9....4.9..1....6...3	.19...6......9..8..7.25..493.7...9..9.6.......2.937.....28.3.9....4.9..1.9..6...3	failures/top1465-0724.png	-	-	-
725	Unique	Unique	false	55	10	HiddenSingle,LockedCandidatesPointing,NakedTriple,ClaimingBoxLineReduction,FinnedSwordfish	..7..1..9.3......2.....24....4..5..8...4...1..8913..5..1..6.............7.59...8.	..7..1..9.3......2.....24..1.4..53.8...4...1..8913..54.1..6.............7.59...8.	failures/top1465-0725.png	-	-	-
726	Unique	Unique	false	54	10	HiddenSingle,LockedCandidatesPointing,NakedPair,ClaimingBoxLineReduction,FinnedSwordfish	..5..91.......36...2....943.......6....7...81.1..9.2..5.7.1...2..8........3.6.8..	..5..91.......36...2....943.......69...7...81.1..9.2..567.1...2..8.....6..3.6.8..	failures/top1465-0726.png	-	-	-
727	Unique	Unique	false	50	13	HiddenSingle,LockedCandidatesPointing,NakedPair,ClaimingBoxLineReduction,NakedSingle,HiddenPair	..3.8.......5.....7.84...3.8.9..6..74..7...6.......1...32...54.5....367.........9	..3.8.......53....7.84...3.8.93.6..74.57...633.....1...32.7.54.5....367.......3.9	failures/top1465-0727.png	-	-	-
728	Unique	Unique	false	44	16	HiddenSingle,LockedCandidatesPointing,ClaimingBoxLineReduction,NakedTriple,NakedSingle	...4.86.387..3.......5......163....73.82..5.......6....21....68..5...7.......3..4	...4.867387463...5.635......163....73.82..5.6.....6.3..21...368.35...7...8...3.54	failures/top1465-0728.png	-	-	-
729	Unique	Unique	false	57	7	HiddenSingle,NakedPair,LockedCandidatesPointing,ClaimingBoxLineReduction,Swordfish,FinnedXWing	9.6.....8.4.8....9.....67...9.......83..5...2..1..75......153.....4.2.1.4........	9.6.....8.4.8....9.....67...9.......83..5...2..1..75......153.....4.2.1.41.......	failures/top1465-0729.png	-	-	-
730	Unique	Unique	false	47	25	HiddenSingle,LockedCandidatesPointing,NakedSingle,ClaimingBoxLineReduction,NakedPair,NakedTriple,UniqueRectangle,FinnedXWing	83.....5....9.1...5....72...8.4...97...5....4....1.6....8......67...2.4.3....5.1.	83....75....9514..5.4..726..8.4...97...5....4....1.6...58....7267...2.4.3.2..5.16	failures/top1465-0730.png	-	-	-
731	Unique	Unique	false	51	19	HiddenSingle,LockedCandidatesPointing,ClaimingBoxLineReduction,NakedTriple,NakedQuad,NakedSingle	3.51..........7...49...2.7.5..........648..........78.......5...2...9..3...86.4..	3751.8........7...49.6.2.7.58.......7.648.....4....78......45...24..9..3.5.86.4..	failures/top1465-0731.png	-	-	-
732	Unique	Unique	true	0	71	HiddenSingle,LockedCandidatesPointing,NakedSingle,NakedPair	15......2......63..8......13.4.69...7...23............2...7..9....8..7........34.	153694872927185634486237951314569287768423519592718463245376198639841725871952346	-	-	-	-
733	Unique	Unique	true	0	68	LockedCandidatesPointing,NakedTriple,NakedSingle,HiddenSingle,ClaimingBoxLineReduction,NakedPair,NakedQuad,UniqueRectangle	.2.5.9.4...5.....19.4.6.3.....695.....6..8...4.......2.3.7...1.....3...67.8......	123589647865347291974261385287695134316428759459173862632754918591832476748916523	-	-	-	-
734	Unique	Unique	false	53	4	NakedSingle,HiddenSingle,LockedCandidatesPointing,FinnedXWing	..2.....51...23.8.9..7....1....3..52..6.....8.9.1..6..7.8.695.........3..4..57...	..2.....51...23.8.9..7....1....3..52..6.....8.9.1..6.37.8.695.4.......3..4..57...	failures/top1465-0734.png	-	-	-
735	Unique	Unique	true	0	69	HiddenSingle,LockedCandidatesPointing,NakedSingle,NakedQuad,ClaimingBoxLineReduction,FinnedXWing,NakedPair	...4...1.42......3..1.6...9..5......2.6..7.......5.7...8..9....7..14....59.6...2.	637429815429581673851763249375916482246837951918254736184392567762145398593678124	-	-	-	-
736	Unique	Unique	false	52	9	HiddenSingle,LockedCandidatesPointing,ClaimingBoxLineReduction,NakedTriple	....8.3.425.1...9......3....4..2..3...6.9.8..7..31...9.......8.6.2....53..4..29..	....8.3.42531...984....3....4..2..3...6.9.8..7..31...9.......8.6.2....53..4..29..	failures/top1465-0736.png	-	-	-
737	Unique	Unique	false	53	13	HiddenSingle,LockedCandidatesPointing,NakedPair,ClaimingBoxLineReduction,NakedSingle,FinnedXWing	....1.....16..7.9..5..2..6......94.....7......42.....528......3..5.6....3..4..8..	.2..1.....16..7.9..5..2..6....2.94.....7......42.....528....6.3..5.6....36.4.285.	failures/top1465-0737.png	-	-	-
738	Unique	Unique	false	55	4	HiddenSingle,LockedCandidatesPointing	........43...6..9..857..6.........4..9...25..1.2.....9.....4..34.75.8.....6.1....	........43...6..9..8574.6.........4..9...25..1.2.....9...6.4..34.75.8.....6.1.4..	failures/top1465-0738.png	-	-	-
739	Unique	Unique	false	49	19	HiddenSingle,LockedCandidatesPointing,ClaimingBoxLineReduction,NakedPair,NakedQuad,UniqueRectangle,NakedSingle	7....2..1...15..8.3........1..94.6.2..4.1..7...78......7..........2...699....3.1.	7..632..1...15..8.3.......61..9476.22.431..7...782.1...7..........2...699....3.1.	failures/top1465-0739.png	-	-	-
740	Unique	Unique	false	57	7	NakedSingle,HiddenSingle,NakedPair,LockedCandidatesPointing,ClaimingBoxLineReduction,FinnedSwordfish	35.6.......4.......2..7.89......5....7..1..2....4......36.9..1.......5.......7.82	35.6.......4......621.7.89....7.5....7..1..2....4......36.9..1.......5.......7.82	failures/top1465-0740.png	-	-	-
741	Unique	Unsolvable	false	10	58	HiddenSingle,LockedCandidatesPointing,ClaimingBoxLineReduction,NakedTriple,NakedSingle,NakedPair,UniqueRectangle	.3..6......4.5...7.5.7...8......1.........7..3.....465.1...7..4..581.....7....29.	237168549864953127159724.8.746581932592..67183812794659136.785442581..7.678..5291	failures/top1465-0741.png	35:NakedSingle:A3:1->2	-	35:NakedSingle:placement:A1:-1
742	Unique	Unique	false	55	5	HiddenSingle,LockedCandidatesPointing	..3...4.....53.68.81......2.......544..8....3..9....7.7...6.....4...52.8.2...9...	..3...4.....53.68.81......2.......544..8...23..9....767...6.....4...52.8.2...9...	failures/top1465-0742.png	-	-	-
743	Unique	Unique	false	56	3	HiddenSingle,LockedCandidatesPointing,ClaimingBoxLineReduction	..2.4.3.86....2.4...8...7..5.......7......9....4371..5...91....4.32...8..6.......	..2.4.3.86....2.4..48...7..5.......7......9....4371..5...91....4.32...8..6.......	failures/top1465-0743.png	-	-	-
744	Unique	Unique	false	56	2	HiddenSingle,LockedCandidatesPointing	..1.......6......73...6.89.8....93...3.4..2..2..8.5......1....4.2..4.........8526	..1.......6......73...6.89.8....93...3.4..2..2..835......1....4.2..4.........8526	failures/top1465-0744.png	-	-	-
745	Unique	Unique	false	50	8	HiddenSingle,FinnedXWing	....7..9......8..4.42..1.7...4.....88..2.5..95.....7...7.6..13.2..8......6..3....	.8..7..9.7....8..4.42..187...4.....88.72.5..95...8.7...786..13.2..8......6..3..8.	failures/top1465-0745.png	-	-	-
746	Unique	Unique	false	52	13	HiddenSingle,LockedCandidatesPointing,ClaimingBoxLineReduction,NakedPair,NakedSingle,FinnedXWing	.....1...9.468...1..6.3...7......6..6....9..44.25...83...8...4.3..19...........78	.....1...9.468...1..6.3...7.....86..6....97.44.25..983...8...493..19...........78	failures/top1465-0746.png	-	-	-
747	Unique	Unique	false	53	14	NakedSingle,LockedCandidatesPointing,ClaimingBoxLineReduction,NakedTriple,HiddenSingle,FinnedXWing,FinnedSwordfish	.......8....78.2....4...6.12.5...13.........9..91.3..6..19....45..........365....	.......8...678.2....4...6.1265...13.........9..91.3..66.19....45......6...365..1.	failures/top1465-0747.png	-	-	-
748	Unique	Unique	true	0	69	HiddenSingle,LockedCandidatesPointing,NakedPair,NakedTriple,ClaimingBoxLineReduction,NakedQuad,NakedSingle	.........2.6.5..4..5...43......4.....7.56.9....9.28.6.6......213.7....85....8....	914836572236157849758294316163749258872561934549328167685973421397412685421685793	-	-	-	-
749	Unique	Unique	false	52	16	HiddenSingle,LockedCandidatesPointing,HiddenPair,NakedTriple	5..3...8.........9.79.28...1......7.....3..2..8..69.5.8....2....46.......9....4.7	5..39..8...8.....9.79.28...1.....97.9...3..2..8..69.5.8....2....46......295...4.7	failures/top1465-0749.png	-	-	-
750	Unique	Unique	false	54	12	HiddenSingle,LockedCandidatesPointing,ClaimingBoxLineReduction,NakedPair	5......9.21...67....63..........1.5.9...........97.346..8.3...1.....8......4..52.	5.....69.21...67....63..........1.599....3......97.346..8.3...1.....8......4..528	failures/top1465-0750.png	-	-	-
751	Unique	Unique	false	50	8	HiddenSingle,LockedCandidatesPointing,FinnedXWing	.92.6.5..8....54.6....98.....5..16...786....36..........9.4.....6..13..2.......3.	.92.6.5..8....5496..6.9832...5..16...786....36..........9.4..6..6..13..2.....6.3.	failures/top1465-0751.png	-	-	-
752	Unique	Unique	false	53	14	HiddenSingle,LockedCandidatesPointing,NakedTriple,NakedQuad	.5.......8....1.2.9..6....1.1..3...6...2...48.....6.39.....58..4.....6....6.73...	.5.....6.86...1.2.9..6...81.1..3...66..2...48.....6.39....658..4.....6....6.73...	failures/top1465-0752.png	-	-	-
753	Unique	Unique	false	52	13	HiddenSingle,LockedCandidatesPointing,NakedPair,FinnedXWing	.2....5......6.34.9..3.....2..........91...64..7.9..1..31.78....4...5.........43.	.2....5......6.34.9..3.....21.........91...64..7.9..1..31478....42935....9....43.	failures/top1465-0753.png	-	-	-
754	Unique	Unique	false	41	23	NakedSingle,HiddenSingle,LockedCandidatesPointing,NakedQuad,NakedTriple,UniqueRectangle,FinnedSwordfish	..8..........6.784...73.9...9...7...6..1........9..45.5.7.......2.....19..12..3..	..8492...239561784...7389...9...7...6..1...9....9..45.5.7319.4..2..7..199.12..37.	failures/top1465-0754.png	-	-	-
755	Unique	Unique	false	33	36	HiddenSingle,LockedCandidatesPointing,ClaimingBoxLineReduction,NakedPair,NakedSingle	..7...4....61......23.5...7..2.....581....2.....6...1....4...........34...8.327..	1572..4...861..52..23.5.1.7.62.....581.3.52..5..62..1...14..6522957..348648532791	failures/top1465-0755.png	-	-	-
756	Unique	Unique	false	46	22	HiddenSingle,LockedCandidatesPointing,NakedSingle,NakedTriple	....8...1..............947.4.9...76.6.......33.....1...8.7.......4.16.3..1...4.27	9...8..51..............947.4.9...76.6.1.....33.8...1..28.7...14794216.3.51.8.4.27	failures/top1465-0756.png	-	-	-
757	Unique	Unique	false	54	6	HiddenSingle,LockedCandidatesPointing,NakedPair	....584..8.473...2.5....7..3.5.7..6..46.1.....9...........8.6.....9...73...1...29	....584..8.473...2.5..9.7..3.5.7..6..46.1.....9...........8.6.....9...73...1...29	failures/top1465-0757.png	-	-	-
758	Unique	Unique	false	50	10	HiddenSingle,LockedCandidatesPointing,ClaimingBoxLineReduction,FinnedSwordfish	96......8....47.......8..63...178...4....21...7.....5.7...2..45..9..4....3...59..	96....4.8...647....4..8..63...178..44....21...7.4...5.7...2..45..9..4....34..59..	failures/top1465-0758.png	-	-	-
759	Unique	Unique	false	56	2	LockedCandidatesPointing	.8...4.2.35..9....7.......5..8..3..7...4...8..9.....12.2.1.5..46.18..........6.7.	.8...4.2.35..9....7.......5..8..3..7...4...8..9.....12.2.1.5..46.18..........6.7.	failures/top1465-0759.png	-	-	-
760	Unique	Unique	false	51	15	NakedSingle,HiddenSingle,LockedCandidatesPointing,NakedPair,NakedQuad,UniqueRectangle	.7..1.8.....8...91.....6..2..2.....8...46....7....5...8.3...4..9...3....1......57	.79.1.8....58...91.....6..2..2.....8.9.46....7....5...8.3...4.99.7.3..861.....357	failures/top1465-0760.png	-	-	-
761	Unique	Unique	true	0	71	HiddenSingle,LockedCandidatesPointing,NakedSingle	.12...6.....8.7......3.....73....4......2...9......5..4..53....8......3........1.	312945687946817352587362941739156428658423179124789563471538296865291734293674815	-	-	-	-
762	Unique	Unique	false	54	17	HiddenSingle,LockedCandidatesPointing,ClaimingBoxLineReduction,NakedTriple,NakedSingle,NakedPair	..43...5...38..2....8...7.....5.........3..4.7...2...1....756..9..1...8.5.....4..	..43..158..38..2....8...7.....5.....8..73..4.7...2...1.8..756..9..1...8.5.....4..	failures/top1465-0762.png	-	-	-
763	Unique	Unique	true	0	74	HiddenSingle,LockedCandidatesPointing,ClaimingBoxLineReduction,NakedPair,NakedSingle,FinnedXWing,XWing,UniqueRectangle	...4...25.....1.8..2..9..7.7.....3..6.3.......8..37.5..9.2.....4..1..8......78.9.	137486925945721683826593471719845362653912748284637159398264517472159836561378294	-	-	-	-
764	Unique	Unique	false	52	24	LockedCandidatesPointing,HiddenSingle,NakedPair,NakedSingle,NakedTriple,NakedQuad,ClaimingBoxLineReduction	87.........53.6..1...2.9...68.......7..1..84....9.......1..42.52.....43..........	87.........53.6..1..62.9..468.......7..1..84....9.8..7.618.42752.....43..........	failures/top1465-0764.png	-	-	-
765	Unique	Unique	false	50	11	HiddenSingle,LockedCandidatesPointing,FinnedXWing	84...9..1....8.2......7..4...1..4....83....6...9.....4...7...3..1.8....5.2..3.4..	84...93.1...48.2......7..4...1..4..3483..7.6...93.8..4...7...3.31.8....5.2..3.4..	failures/top1465-0765.png	-	-	-
766	Unique	Unique	false	50	14	HiddenSingle,LockedCandidatesPointing,NakedSingle,ClaimingBoxLineReduction,NakedPair	7.6...42.8.......7......93....2.5.6442........6..8.2.....5.6.....31.4.....5.7..9.	7.6...42.8.......7......93.3..215.6442.......56.48.2.....5.6.4...31.4....45.7..9.	failures/top1465-0766.png	-	-	-
767	Unique	Unique	false	53	15	HiddenSingle,LockedCandidatesPointing,NakedSingle,ClaimingBoxLineReduction,NakedQuad	621......9......4....51..........9.7.7...94....2...65..4..7.......1...852..36....	621...5739......4....51..........9.7.7...94...92...65..4..7.......1...852..36...4	failures/top1465-0767.png	-	-	-
768	Unique	Unique	false	54	9	HiddenSingle,LockedCandidatesPointing,NakedTriple,ClaimingBoxLineReduction	.9..2....6..1...........3.5...91..2.17.8...4...24.....71.....6.85.3...7..2..8....	.9..2....6..1.....2.....3.5...91..2.17.8.2.4...24.....71.2...6.85.3...7..2..8....	failures/top1465-0768.png	-	-	-
769	Unique	Unique	false	53	11	HiddenSingle,LockedCandidatesPointing,NakedTriple,NakedSingle,ClaimingBoxLineReduction,NakedQuad	.7....4.......2...2.6....98..3...5......8.....419....2...23..6......7..9.3.4.5...	.7....42......2...2.6.4..98..3.2.5......8.9...419....2...23..6......73.9.3.4.52..	failures/top1465-0769.png	-	-	-
770	Unique	Unique	false	49	11	HiddenSingle,LockedCandidatesPointing,ClaimingBoxLineReduction,FinnedXWing	.3.4...6..2...14.9..46.....5.....1..6....895...8..7..4..98...........81.3...4...5	.3.4...6..26..14.9..46.....5....41..64...895...8..7..4..98...4.4.....81.38..4..95	failures/top1465-0770.png	-	-	-
771	Unique	Unique	false	53	13	HiddenSingle,LockedCandidatesPointing,ClaimingBoxLineReduction,NakedQuad,NakedSingle,FinnedXWing	.2....9......164..3..94......23...8..............79..6.918..7...3...5.6...5.....3	426...9......1643.31.94.6....23...8..............79..6.918..7...3...5.6...5.....3	failures/top1465-0771.png	-	-	-
772	Unique	Unique	false	53	19	HiddenSingle,LockedCandidatesPointing,NakedPair,NakedSingle,ClaimingBoxLineReduction,NakedQuad,FinnedSwordfish	.1.........5...9..2...8...5...6...7..4.3...1.5.9..1..8....2.4..1..8.3.6......7...	.1.........5...9..2...8.1.5..16...7..4.3...1.5.92.1..8....2.4..1.48.3.6....4.78..	failures/top1465-0772.png	-	-	-
773	Unique	Unique	false	53	9	HiddenSingle,LockedCandidatesPointing,ClaimingBoxLineReduction	...46....568......3....1....3....96..956........7...4..8.94.3......7..2.1.....89.	...46....568......3....1....3....96..956........7...4..8.94.3..9.3178.2.1.....89.	failures/top1465-0773.png	-	-	-
774	Unique	Unique	false	46	19	HiddenSingle,LockedCandidatesPointing,ClaimingBoxLineReduction,NakedQuad,NakedPair,NakedSingle,FinnedXWing	8..7.............45..9...2.....63...9.1..5.3...51..........72.3.38...6....25...79	8..7....6...3....45..9...2.....63...961..5.3.3.51...6..596.72.3738...6..6.253..79	failures/top1465-0774.png	-	-	-
775	Unique	Unique	true	0	68	HiddenSingle,LockedCandidatesPointing,NakedPair,ClaimingBoxLineReduction,NakedQuad,NakedSingle,NakedTriple	2.9.......8....7...7...15..41.....3..9...2......7....8...6..3.....87..1.....39.4.	239587461185496723674321589417968235893152674562743198928614357346875912751239846	-	-	-	-
776	Unique	Unique	false	55	6	HiddenSingle,LockedCandidatesPointing,ClaimingBoxLineReduction,NakedQuad	1...8...3.534...2.9..........72..16.5......9...1.....7...64........1.2....5.72..8	1...8...3.534...2.9...2......72..16.5......92..1.....7...64........1.2....5.72..8	failures/top1465-0776.png	-	-	-
777	Unique	Unique	false	54	17	NakedSingle,HiddenSingle,LockedCandidatesPointing,NakedQuad,HiddenPair,FinnedXWing,NakedTriple,ClaimingBoxLineReduction,HiddenTriple	...2.49...4.....5...37....88...1..64...3..5...9..8..........74..15......6......2.	...2.49...4.....5...37..4188...1..64...3..589.9..8..........74..15....9.6......2.	failures/top1465-0777.png	-	-	-
778	Unique	Unique	false	50	14	HiddenSingle,LockedCandidatesPointing,NakedQuad,NakedSingle,FinnedXWing	....716.46.72..8............7..5.........6.2..1.....3..4......2....8.3...58..9..1	.2..716946.72..81.......2...7..5..4......6.2..1.....3..4.....82.6..8.3...58..9461	failures/top1465-0778.png	-	-	-
779	Unique	Unique	false	54	7	HiddenSingle,LockedCandidatesPointing,FinnedXWing	9.1...2..5..78..4.........57...4..3.1.8..95.....5....2.4...6......2....12.7.....3	9.1...2..5..78..4.........57...4..3.1.8..95.4...5....2.4...6.2....2....1217.....3	failures/top1465-0779.png	-	-	-
780	Unique	Unique	true	0	64	LockedCandidatesPointing,ClaimingBoxLineReduction,HiddenTriple,NakedPair,NakedSingle,HiddenSingle	4...7.1....19.46.5.....1......7....2..2.3....847..6....14...8.6.2....3..6...9....	496573128381924675275861943153789462962435781847216539714352896529648317638197254	-	-	-	-
781	Unique	Unique	false	53	9	HiddenSingle,LockedCandidatesPointing,FinnedXWing,NakedSingle,ClaimingBoxLineReduction,NakedPair	..6..48..47..3....2.3.1...532...8..7....5.6....7.....4...2...9.......4..1.....3.6	..6.248..47..3..6.2.3.1..4532...8..7....5.6....7.9...4...2...9.......4..1.....3.6	failures/top1465-0781.png	-	-	-
782	Unique	Unique	false	53	10	HiddenSingle,LockedCandidatesPointing	..1.935..2..4.5..8........984..7......68......3......4......9..6.8..9....2....173	.81.935..2..4.5..8........984..7......68......3....8.4......9866.8..9....2....173	failures/top1465-0782.png	-	-	-
783	Unique	Unique	false	52	7	HiddenSingle,LockedCandidatesPointing	...39..72.......95.7...53..............1..2....7.48.1..69....5..3...98..5.87...4.	...39..72..3....9597...53..............1..2..3.7.48.1..69....5..3...982.5.87...4.	failures/top1465-0783.png	-	-	-
784	Unique	Unique	true	0	69	HiddenSingle,LockedCandidatesPointing,NakedTriple,NakedQuad,NakedSingle,NakedPair	....5...1.8.9...6.....8.7.....765..3.2.......6......18..6.1....3..27.5.4..4......	439657281187924365562183749841765923923841657675392418756419832318276594294538176	-	-	-	-
785	Unique	Unique	false	35	35	NakedSingle,HiddenSingle,LockedCandidatesPointing,FinnedXWing,NakedTriple,NakedPair,ClaimingBoxLineReduction,XWing	.......9.....3..51.7..418...13...4......5...37.8....2...1.64....9......2...5.....	13...5.94....3..51.75.41836513...46....45.1.3748316925.51.643...9.1..542...5..61.	failures/top1465-0785.png	-	-	-
786	Unique	Unique	true	0	78	HiddenSingle,LockedCandidatesPointing,NakedPair,ClaimingBoxLineReduction,NakedTriple,NakedSingle	3..5..1.....1..5..1.....329..86.............724........2...3.....5..9.8...9..8.6.	384592176792136548156847329918675432563924817247381695821763954675419283439258761	-	-	-	-
787	Unique	Unique	false	51	9	HiddenSingle,LockedCandidatesPointing	14......6..7...93...3........5.7..9.3..41.5...9.8......2...86.......785....1....4	14......6..7..4931..3..1..5..5.7..9.3..4195...9.8......2...861......785....1....4	failures/top1465-0787.png	-	-	-
788	Unique	Unique	false	54	19	HiddenSingle,LockedCandidatesPointing,NakedQuad	.836.........7..4...........6.1.8..........27...3.....4.2.5....7.....8........1..	.836.........7..48.74.8.....671.8..........27...3.7.814.285....7.....8.....7..1..	failures/top1465-0788.png	-	-	-
789	Unique	Unique	false	46	19	HiddenSingle,LockedCandidatesPointing,NakedTriple,NakedQuad,NakedSingle	.52.......6...9...9...8..53.1.7.2.3.....3.1.7..8....4.....7.89......6.....5.....2	.52....8.86...9.2.9..28.653.167.2.38....3.167..8...24.....7.896....26...6.5.....2	failures/top1465-0789.png	-	-	-
790	Unique	Unique	false	57	4	HiddenSingle,LockedCandidatesPointing,NakedQuad	.2..8...7..6..9.......5.48...3....4.5...6.2..67.1....3..14.........17....8.....6.	.2..8...78.6..9.......5.48...3....4.5...6.2..67.1....3..14.........17....8.....6.	failures/top1465-0790.png	-	-	-
791	Unique	Unique	false	53	8	HiddenSingle,LockedCandidatesPointing,NakedQuad,NakedSingle	.2..8......7..9..1.4......52....8..9...16.....785.....3..4.69....9.1...2.......6.	.2..8......7..9..1.4...1..52....8..9.9.16.....7859....3..4.69....981...2...9...6.	failures/top1465-0791.png	-	-	-
792	Unique	Unique	false	45	18	HiddenSingle,ClaimingBoxLineReduction,NakedSingle,NakedPair,LockedCandidatesPointing,FinnedXWing	..6.5..9.1..6......5...1.8.2....31....5.....27.9.6....4..3....7...4...3...1..5...	8.6.543911.36.....95..31.8.2....31....5.....27.9.62..34..3..5175..41..3...1..5...	failures/top1465-0792.png	-	-	-
793	Unique	Unique	false	54	12	HiddenSingle,LockedCandidatesPointing,ClaimingBoxLineReduction,HiddenPair	..5....6..3.6.7...1.2.....34.......6.....98...8..3.....2.....78....1..5...39...4.	..5....6..3.6.7...162...7.34......363....98..28..3.....2.....78....1..5...39...4.	failures/top1465-0793.png	-	-	-
794	Unique	Unique	false	55	7	HiddenSingle,LockedCandidatesPointing,NakedQuad	6...1..2..1.36..5...7..8...4......19...7..4......34....6..2....12.....4..5.....63	6...1..2..1.36..54..7..8...4......19...7..4......34....6..2....12.....4..5....263	failures/top1465-0794.png	-	-	-
795	Unique	Unique	false	50	20	HiddenSingle,LockedCandidatesPointing,ClaimingBoxLineReduction,NakedPair,NakedSingle,NakedTriple	49.6..........4.8........5....2...1.....167.2.7...3....689.......25..6..3.......7	49.68.27......4.8........5....27..1.....167.2271..3.6..689.......25..6..3..16...7	failures/top1465-0795.png	-	-	-
796	Unique	Unique	false	55	9	NakedSingle,NakedPair,LockedCandidatesPointing,ClaimingBoxLineReduction,HiddenSingle,FinnedSwordfish	37.6.......4.......5..8.19......5....9..1..3....4......85.3..7.......6.......7.42	37.6.1....14.......5..8.19......5....9..1..3....4......8523.971......6.......7.42	failures/top1465-0796.png	-	-	-
797	Unique	Unique	false	54	20	HiddenSingle,LockedCandidatesPointing,NakedPair,NakedTriple,ClaimingBoxLineReduction,NakedQuad	1..3..5..5..9......6....4.8.4..7..2..32....5...5............8.6....43.......597..	1..3..5..5..9......6....4.8.4..7..2..32.9..5...5.3..8..5....8.6....43..5....597..	failures/top1465-0797.png	-	-	-
798	Unique	Unique	false	53	11	HiddenSingle,LockedCandidatesPointing,ClaimingBoxLineReduction,NakedQuad,NakedSingle,NakedTriple,NakedPair	1.....4...65.7..9...7....63..19.......4..5...5..1..83.....9...6.3...7..2...8.6...	1.36..4...65.7..9..47....63..19.......47.5...5..1..83.....9...6.3...7..2...8.6...	failures/top1465-0798.png	-	-	-
799	Unique	Unique	true	0	67	HiddenSingle,LockedCandidatesPointing,NakedQuad,NakedSingle,NakedPair	.96....73....76.4.......8...6..........5.4...5..281.........1..2.......8.7.94..3.	196428573385176942724359816468793251912564387537281469659837124243615798871942635	-	-	-	-
800	Unique	Unique	true	0	71	HiddenSingle,LockedCandidatesPointing,ClaimingBoxLineReduction,NakedPair,NakedTriple,NakedSingle,NakedQuad	.3..7...4....25.......9..3.87.......14....6.......4..1......3...89....2...2689...	531876294497325168268491735876512943145938672923764851614257389789143526352689417	-	-	-	-
801	Unique	Unique	false	50	9	HiddenSingle,LockedCandidatesPointing,FinnedSwordfish	..4..3...8...9..6......8..1.135.......9...5.7.....6.1..6.72..59...3..1...7...92..	..4..3...8...9..6...6..8..1.135..69.6.9...5.7...9.6.1..6.72..59...3..17..7...92..	failures/top1465-0801.png	-	-	-
802	Unique	Unique	false	56	7	HiddenSingle,LockedCandidatesPointing,NakedQuad,ClaimingBoxLineReduction	..1.8...7...1.5..3.5.6.9.1.16..2..8.......6....5...7.....8..2....9.57...84.......	..1.8...7...1.5..3.5.6.9.1.16..2..8.......6....5...7..5..8..2....9.57...84.......	failures/top1465-0802.png	-	-	-
803	Unique	Unique	false	43	23	NakedSingle,ClaimingBoxLineReduction,NakedPair,LockedCandidatesPointing,NakedTriple,HiddenSingle	...5.........7.1.3...1.3.74..2.6...95....4....74....1..5.8..6.......9.25...3...9.	...54.9.....67.1.3...193.74..2761..95....4....74..5.1..5.8276.1...419.25...356.9.	failures/top1465-0803.png	-	-	-
804	Unique	Unique	false	55	15	HiddenSingle,LockedCandidatesPointing,ClaimingBoxLineReduction,NakedTriple,NakedPair,XWing,NakedSingle,UniqueRectangle	.....7.....8...5..1...4987.2....46..4.9.2.7.38........7.3....1....6.1.......9....	.....7....78...5..1..34987.2....46..4.9.2.7.38........7.3....1....6.1.....1.9....	failures/top1465-0804.png	-	-	-
805	Unique	Unique	false	54	12	HiddenSingle,LockedCandidatesPointing,NakedTriple,ClaimingBoxLineReduction	..........6....312....85.7..57..3..69...1.2...3.......6...9.8..3....17...9...7..1	7.........6....312....85.7..57..3..69...1.2...3.......671.9.8..3....17...9...7..1	failures/top1465-0805.png	-	-	-
806	Unique	Unique	false	55	9	HiddenSingle,LockedCandidatesPointing,NakedPair,NakedTriple,ClaimingBoxLineReduction	93......1.67....2.8.....3...2..7....6...3.9......2.46.4..6......9..5...3.....4...	93......1.67....2.8.....3...2..76.3.6...3.9.2....2.46.4..6......9..5..43.....4...	failures/top1465-0806.png	-	-	-
807	Unique	Unique	false	51	12	HiddenSingle,LockedCandidatesPointing,Swordfish	.9...71....8...26........5...6..3..27.1.95......6......738.........4...66.2...7..	.9..671....8...267.67....5...6..3..27.1.956.....6......738.6......74...66.2...7..	failures/top1465-0807.png	-	-	-
808	Unique	Unique	false	51	13	HiddenSingle,LockedCandidatesPointing,ClaimingBoxLineReduction,NakedSingle,NakedQuad,NakedPair,FinnedXWing,FinnedSwordfish	.6...13...9.5.........4...52...549.........7....9..5147.14..8..3...6.1.......8.3.	.6...13...9.5....11...4...521..549.........7....9..5147214..8..38..6.1.......8.3.	failures/top1465-0808.png	-	-	-
809	Unique	Unique	false	49	15	HiddenSingle,LockedCandidatesPointing,FinnedSwordfish,NakedSingle	.2.....4..4...62717.3........2.....9..8...7...9...5.1...61.9..4...6...9......21.5	.2.....43.4...62717.3........2.....9..8...7...9...5.1.5.61.9.242..65..97.....2165	failures/top1465-0809.png	-	-	-
810	Unique	Unique	true	0	75	HiddenSingle,LockedCandidatesPointing,NakedTriple,ClaimingBoxLineReduction,NakedPair,NakedSingle,NakedQuad,FinnedXWing,XWing,UniqueRectangle	..8....54...25.8.64..8....3.......2...9...7..71..4.5....798.........5...16...7...	928763154371254896456891273584379621639512748712648539247986315893125467165437982	-	-	-	-
811	Unique	Unique	true	0	71	NakedSingle,LockedCandidatesPointing,NakedPair,ClaimingBoxLineReduction,NakedTriple,UniqueRectangle,HiddenSingle,FinnedSwordfish	..5...987.4..5...1..7......2...48....9.1.....6..2.....3..6..2.......9.7.......5..	135426987846957321927381465213748659598163742674295813351674298482539176769812534	-	-	-	-
812	Unique	Unique	false	56	5	LockedCandidatesPointing,ClaimingBoxLineReduction	..4....89...1.2.6...6...7..2..8.4.1..4....5...3......8....7.......5.1....154398..	..4....89...1.2.6...6...7..2..8.4.1..4....5...3......8....7.......5.1....154398..	failures/top1465-0812.png	-	-	-
813	Unique	Unique	true	0	66	HiddenSingle,LockedCandidatesPointing,NakedSingle,ClaimingBoxLineReduction,NakedPair	...7.6.....1.9.52..9..2.........4...35......69..5....8.8.......6.3..5....42...1..	238756491761498523495123867817634952354289716926571348189342675673915284542867139	-	-	-	-
814	Unique	Unique	false	50	16	HiddenSingle,LockedCandidatesPointing,NakedTriple,NakedSingle,HiddenPair,NakedQuad	...68.......9..4....2.....7.7....1.9..45..2..6......5.8...9..2.9.5..3....1...6..5	...68.5.2.5.9..4....2.5...757....1.9..45..2..62.....5.8...95.2.9.5..3...21...6..5	failures/top1465-0814.png	-	-	-
815	Unique	Unique	false	56	5	NakedTriple,LockedCandidatesPointing,FinnedXWing,FinnedSwordfish	...58......7...6..3..6.42..97..2.5.3..1.5..4.5.....7..4.59...2........6.....1.3..	...58......7...6..3..6.42..97..2.5.3..1.5..4.5.....7..4.59...2........6.....1.3..	failures/top1465-0815.png	-	-	-
816	Unique	Unique	true	0	74	HiddenSingle,LockedCandidatesPointing,NakedSingle	...2.5.9..47.........6.....5..9.1.......8.1........3..2.......6....3.8..7...4....	381275694647398512952614783573961248429583167816427359238159476194736825765842931	-	-	-	-
817	Unique	Unique	false	53	14	NakedSingle,HiddenSingle,LockedCandidatesPointing,ClaimingBoxLineReduction,NakedTriple,NakedPair,NakedQuad,HiddenPair,Swordfish	84..1...27.....8.....5.........5..3.65...9.....2.7...1.....628...6.....523....4..	84..1...27.....8.....5.........5..3.65...972...2.7...151...628...6.....523...54..	failures/top1465-0817.png	-	-	-
818	Unique	Unique	false	46	15	NakedSingle,HiddenSingle,LockedCandidatesPointing,ClaimingBoxLineReduction	1...9............1.3.6...7.......5.259..6..3.....7.89.6..7...4.94...8..6......2.5	1...9............1.3.6...7......956259..6.137....7.8946..7...4.94...8716...946285	failures/top1465-0818.png	-	-	-
819	Unique	Unique	false	50	8	NakedSingle,HiddenSingle,FinnedXWing,LockedCandidatesPointing	.2..316.......938.9.35....1......8...1.6...4.2.6.97....9....56..........5....2.38	.2..316.......938.9.35....1......8.6.1.6...4.2.6.97153.9....56........1.5....2.38	failures/top1465-0819.png	-	-	-
820	Unique	Unique	false	47	9	HiddenSingle,LockedCandidatesPointing,NakedTriple,NakedSingle	..75...311......4.9..4..68....7.8....9.14..53..4.5......58...2..8.2.51..7........	..75...311......4.9..4..68.5..7.84...9.14.753.74.5..1...58..32..8.2.517.7........	failures/top1465-0820.png	-	-	-
821	Unique	Unique	false	51	18	HiddenSingle,LockedCandidatesPointing,NakedQuad,ClaimingBoxLineReduction,HiddenPair,NakedSingle,FinnedXWing	..5...4.23..............1.6....73....1...95...4...137..6.9.....8...3.7.....24....	..5...4.232...4..7.....21.6....73...713..95...4...137..6.9....38...3.7...3.24....	failures/top1465-0821.png	-	-	-
822	Unique	Unique	false	52	10	HiddenSingle,LockedCandidatesPointing,NakedTriple	..34.....5......47.871.......6.1.8.......2.9.....6...2..9.....1.3.7...5..5.98.3..	..34.....5...38.474871.......6.1.8.......2.9.....6...2..9.53..1.3.7...5..5.98.3..	failures/top1465-0822.png	-	-	-
823	Unique	Unique	false	52	13	NakedTriple,NakedSingle,HiddenSingle,LockedCandidatesPointing,ClaimingBoxLineReduction,FinnedSwordfish	...7.........62..53......274.5.1.7..61............3.9...1..4.....625.....7....8..	...7.........62..53......274.5.1.7.261..27.......43.9...1.742....625..7..7....8..	failures/top1465-0823.png	-	-	-
824	Unique	Unique	false	53	14	LockedCandidatesPointing,ClaimingBoxLineReduction,NakedSingle,HiddenSingle,NakedQuad	...1..5.....3....6..7..9.3..16.32..9..5......38.4..............84...71........8.2	.3.1..5.....3....6..7..923.716.324.94.57.....38.4..............84...71........8.2	failures/top1465-0824.png	-	-	-
825	Unique	Unique	false	54	6	HiddenSingle,LockedCandidatesPointing,NakedPair,FinnedXWing	.....7..9....2.3....3915.7......2.......8.7..725.9..1..........8.9.3.4.7.5.....63	...3.7..9....2.3....3915.7......2.......8.7..725.93.1..........8.9.3.4.7.5.....63	failures/top1465-0825.png	-	-	-
826	Unique	Unique	false	51	13	HiddenSingle,LockedCandidatesPointing,FinnedXWing,FinnedSwordfish	8..7....4.5....6............3.97...8....43..5....2.9....6......2...6...7.71..83.2	8..7....4.5....6............3.97...8....43..5....2.9363.62.7...2..36...7.71..8362	failures/top1465-0826.png	-	-	-
827	Unique	Unique	false	21	44	NakedSingle,HiddenSingle,LockedCandidatesPointing,NakedPair,NakedTriple	6............5..3..31...2....7.19.6..8.5.64.......8....5..4..71...6.2.4..........	6723.415.894251736531.672.4327419.6.189536427465728.1.25..43.71.1.6.2.4..4.1.5..2	failures/top1465-0827.png	-	-	-
828	Unique	Unique	false	54	2	HiddenSingle,ClaimingBoxLineReduction	.7.6..3..96...3...1..58...6..9.5.........21.........54...1....8.91.6..2.43..7.6..	.7.6..3..96...3...1.358...6..9.5.........21.........54...1....8.91.6..2.43..7.6..	failures/top1465-0828.png	-	-	-
829	Unique	Unique	false	52	8	HiddenSingle,LockedCandidatesPointing	.4.2.6.7...1..........34....1..2.5..27.8.9.1..8........3..5.7..........89......61	.4.2.6.7...1....3.....34....1..2.58.2758.9.13.8........3..5.7.........5895.....61	failures/top1465-0829.png	-	-	-
830	Unique	Unique	false	52	17	HiddenSingle,LockedCandidatesPointing,NakedPair,NakedSingle,ClaimingBoxLineReduction,FinnedXWing,FinnedSwordfish	.3..4.98..6..3.7..9.......25...9....6..4.3.1....8.......1.....7...9.......7.5.2.3	.3..4.98..6..397..9......325...9....6..4.3.1....8.5.....13....73.69.......7.5.2.3	failures/top1465-0830.png	-	-	-
831	Unique	Unique	false	55	5	HiddenSingle,LockedCandidatesPointing,Swordfish	.3....2..9.4.7.5.11...5.3.....4.5.........7.96...3...5.9....6...8...2...4..1.7..3	.3....2..9.4.7.5.11...5.3.....4.5.........7.96..73...5.9....6...8...2...4..1.7..3	failures/top1465-0831.png	-	-	-
832	Unique	Unique	true	0	64	LockedCandidatesPointing,HiddenSingle,NakedQuad,NakedSingle,NakedTriple	.1...5.....68....189....5.....79..46...14..8.......9.....2...5.47..3....3....7..9	713425698546879231892361574258793146967142385134658927689214753475936812321587469	-	-	-	-
833	Unique	Unique	false	51	23	HiddenSingle,LockedCandidatesPointing,ClaimingBoxLineReduction,NakedTriple,NakedSingle,HiddenPair,FinnedSwordfish	..748.3....4.65.........9.6.8.......1...5.6....5.48.7........2..7.......39.17....	..748.3....4.65..7......94678.......14..5.6....5.4817.......72..7.......39.17..6.	failures/top1465-0833.png	-	-	-
834	Unique	Unique	false	51	19	HiddenSingle,LockedCandidatesPointing,NakedTriple,ClaimingBoxLineReduction,NakedSingle,FinnedXWing	..72......5...1..34....8...84............2.596...7.3..3...2.....2.6....7...3..4.1	..72.....25...1..34....8...845...........2.59692.753..3...2.....2.6...37...3..421	failures/top1465-0834.png	-	-	-
835	Unique	Unique	false	58	12	LockedCandidatesPointing,NakedTriple,ClaimingBoxLineReduction,NakedSingle,NakedQuad,FinnedSwordfish	..7..2.....53...7...69..1......2.........46...9.5....35.3...8...8......4.1..6.5..	..7..2.....53...7.8.69..1......2.........46...9.5....35.3...8...8......4.1..6.5..	failures/top1465-0835.png	-	-	-
836	Unique	Unique	false	53	10	HiddenSingle,LockedCandidatesPointing,ClaimingBoxLineReduction	..4.93.8..68..............9.3..4.6.....6.5..2.8....7..6..71.....179............4.	..4.93.86968..............9.3..4.6.....6.5..2.86...7..6..71.....179...6.......147	failures/top1465-0836.png	-	-	-
837	Unique	Unique	false	54	8	HiddenSingle,LockedCandidatesPointing,NakedQuad,ClaimingBoxLineReduction,HiddenPair,NakedPair	..19...3..3...2..78..........3.6..4.2........4.53....1.1..49.....4.1.86....5..9..	..19...3..3...2..78........1.3.6..4.2........4.53....1.1..49.....4.1.86....5..914	failures/top1465-0837.png	-	-	-
838	Unique	Unique	true	0	67	HiddenSingle,LockedCandidatesPointing,ClaimingBoxLineReduction,NakedPair,NakedSingle	...6..9...4521...6.....7...5.......2..8....5..32.....4.2.....1.8..369.........8..	173654928945218736286937541591743682468192357732586194629875413814369275357421869	-	-	-	-
839	Unique	Unique	true	0	68	HiddenSingle,LockedCandidatesPointing,ClaimingBoxLineReduction,NakedSingle	...45...9........3..9.....1.6...87....8..2.6.9.46.5......83....6....1.....1...54.	123457689456189273789263451265398714318742965974615832597834126642571398831926547	-	-	-	-
840	Unique	Unique	false	52	11	NakedSingle,HiddenSingle,LockedCandidatesPointing,NakedTriple,FinnedSwordfish	....9.......3...7..8...24..4...6.....175.4..3...7....593....2.....1..6....5.....4	....9.......3...7..8.6.24..45.96.....175.4963...7...4593....2.....1..6....52....4	failures/top1465-0840.png	-	-	-
841	Unique	Unique	false	50	15	LockedCandidatesPointing,NakedTriple,NakedSingle,HiddenSingle,ClaimingBoxLineReduction,FinnedXWing	....2....6....48.....9....7....7....8.5.1...3..18....9.5....34.4.2..36...8.....5.	....2....6...348.5...9....7...37518.8.5.19..3..18..5.9.5....34.4.2..36...8.....5.	failures/top1465-0841.png	-	-	-
842	Unique	Unique	false	55	6	HiddenSingle,LockedCandidatesPointing,NakedPair,ClaimingBoxLineReduction	.4....1....265..4..8....5..6.......1..1..9...9.82....3.63..8.2....4.7......5..8..	.4....1....265..48.8....5..6.......1..1..9...9.82....3.63..8.2.8..4.7......5..8..	failures/top1465-0842.png	-	-	-
843	Unique	Unique	false	57	4	HiddenSingle,LockedCandidatesPointing,Swordfish	..7..8.6.1...5...8...6.....7...6..35..4..7....9.2......5.4...2..7....3......16.4.	..7..8.6.1...5...8...6.....7...6..35..4..7....9.2......5.4...2.47....3......16.4.	failures/top1465-0843.png	-	-	-
844	Unique	Unique	false	52	6	NakedSingle,HiddenSingle,LockedCandidatesPointing,ClaimingBoxLineReduction	..2...3...3...92.11......79.8..54.....9...5...7.....13.......6.7..82......56.7.2.	..2...3...37..92.11......79.8..54.9...9...5..57.....13.......6.7..82..3...56.7.2.	failures/top1465-0844.png	-	-	-
845	Unique	Unique	false	55	5	HiddenSingle,LockedCandidatesPointing,NakedPair	....6...1.3.2..6..8..49.....5....1.72........7.4....3.6...7.5.......2..8..28.476.	....6...1.3.2..6..8..49.....5....1.72........7.4....3.6...7.5.....6.2..8..28.476.	failures/top1465-0845.png	-	-	-
846	Unique	Unique	false	51	11	HiddenSingle,LockedCandidatesPointing,ClaimingBoxLineReduction,NakedPair,NakedSingle	..........46.5.9...5.4.1.6..1.7......3...58..7.8.63.....1....9.......4.2....27.56	..........46.5.9...5.4.1.6..1.7..63963...58..7.8.63.....1...79.......4.2....27.56	failures/top1465-0846.png	-	-	-
847	Unique	Unique	false	57	8	HiddenSingle,LockedCandidatesPointing,NakedPair,NakedTriple,FinnedXWing	8.72......4....1.2.5.....9..1...39..4...5.6.8..56............2....37.......8.9..4	8.72......4....1.2.5.....9..1...39..4...5.6.8..56..2.........2....37.......8.9..4	failures/top1465-0847.png	-	-	-
848	Unique	Unique	false	42	33	HiddenSingle,LockedCandidatesPointing,NakedQuad,ClaimingBoxLineReduction,NakedTriple,NakedPair,FinnedXWing,NakedSingle	7.......4...29....6...8..5....7..8...8...1.9...4.3.2...2.3....6176....2.4........	7.2..3.848..29....6.3.8..52...7..8...87..1.9...483.2...2.3.8..61769..328438...5.9	failures/top1465-0848.png	-	-	-
849	Unique	Unique	false	51	8	HiddenSingle,FinnedXWing,LockedCandidatesPointing	.3.....82..2.9......4..67......43....1....5..7..6.5.2..9.2....6..65....9......31.	.3..5..82..2.9......4.267......43....1...25..7..6.5.2..9.2....6..65..2.9....6931.	failures/top1465-0849.png	-	-	-
850	Unique	Unique	false	53	9	HiddenSingle,LockedCandidatesPointing	...3...9..2..71.......863..6....2.3.5.1.....97.....4.......3.7....5.81.3.18....6.	...3...9..23.71.......863..6....2.3.5.1.....97.2...4.......3.7....5.81.3318....6.	failures/top1465-0850.png	-	-	-
851	Unique	Unique	false	48	29	HiddenSingle,LockedCandidatesPointing,ClaimingBoxLineReduction,FinnedXWing,NakedPair,NakedQuad,NakedTriple	......9......45..2514...8..2...3.....65..1.7.7.......4...5.......69.....1.9..35..	6..1..9459...45..2514...8.72...3..5.465..1.7.7...5...4...5......569.....1.9..35..	failures/top1465-0851.png	-	-	-
852	Unique	Unique	false	53	16	LockedCandidatesPointing,HiddenSingle,ClaimingBoxLineReduction,NakedTriple,NakedSingle,Swordfish,HiddenPair	6..7....3.8..3.........26..8.........1..2.59....45.12.5..3.9..77.........9.....1.	6..7....3.8..3.........26..8.......4.1.82.596...45.1285..3.9..77.........9..7..1.	failures/top1465-0852.png	-	-	-
853	Unique	Unique	false	50	20	HiddenSingle,LockedCandidatesPointing,ClaimingBoxLineReduction,NakedPair,NakedSingle,NakedTriple,UniqueRectangle	15...47..8..........47.....2..8....5......2.85.1.6.....1...3..9...4..3...39.58.1.	15...47..8..........47.....2..8..1.5......2.8581.62.7..1..73..9.2.4..3...39.58.1.	failures/top1465-0853.png	-	-	-
854	Unique	Unique	false	53	9	HiddenSingle,LockedCandidatesPointing,ClaimingBoxLineReduction,FinnedXWing	.7......69..73....8.2.5.9..5........4...96....8.4..2......8.15...35....4...9.....	.7...9..69..73....8.265.9..5........4...96....8.4.52......8.15...35....4.589.....	failures/top1465-0854.png	-	-	-
855	Unique	Unique	false	55	4	HiddenSingle,LockedCandidatesPointing,FinnedXWing	.2.........6..4.7.1...8.69........2.5..........91.7.56.....6...781..95....5.1...3	.2...1.....6..4.7.1...8.69........2.5..........91.7.56.....6...781..956...5.1...3	failures/top1465-0855.png	-	-	-
856	Unique	Unique	false	55	10	HiddenSingle,LockedCandidatesPointing,NakedTriple,ClaimingBoxLineReduction,NakedSingle,FinnedXWing	..63...........1..82...1..79...4..1.3..297.........5.....51..8...4..8.3......26..	..63...........1..82..51..79...45.1.3..297......1..5.....51..8...4..8.3......26..	failures/top1465-0856.png	-	-	-
857	Unique	Unique	false	54	7	HiddenSingle,LockedCandidatesPointing,NakedTriple,FinnedXWing	..2.5..1.....6....4..1.7...8....5.....7.3.56.......2.75...936.....5...4.19...48..	..2.5..1.....6....4..1.7...8....51....7.3.56.......2.75...936.1...5...4.19...48..	failures/top1465-0857.png	-	-	-
858	Unique	Unique	false	54	5	HiddenSingle,LockedCandidatesPointing,NakedTriple	...6.......8.9..1...6.154........97152..7...4...8..2..7..3........56...246...7...	...6.......8.9..1...6.154......5.97152..7...4...8..2..7..3........56.7.246...7...	failures/top1465-0858.png	-	-	-
859	Unique	Unique	false	53	8	NakedSingle,NakedPair,ClaimingBoxLineReduction,HiddenSingle,FinnedXWing	....97...8..3....1...86.3....16...9....9.26.35........3.2...4.7.5.7..8..7........	..3.97...8..3....1...86.3..2316...9.4..9.26.35........3.2...4.7.5.7..8..7........	failures/top1465-0859.png	-	-	-
860	Unique	Unique	false	55	8	HiddenSingle,LockedCandidatesPointing,ClaimingBoxLineReduction	....49...15.6.....7......3.5......262...3..8...7...4.....85...1.7.1.....68......7	....49...15.6.....7......3.5......262...3..8...7...4.....857..1.751.....681.....7	failures/top1465-0860.png	-	-	-
861	Unique	Unique	false	55	12	LockedCandidatesPointing,NakedTriple,ClaimingBoxLineReduction,NakedSingle,NakedQuad	....3.9.1.28.9....7..5......8.......5.49.....91..5..7.......6.4...6.....3...7..5.	....3.9.1128496.3.7..5......8.......5.49.....91..5..7.......6.4...6.....3...7..5.	failures/top1465-0861.png	-	-	-
862	Unique	Unique	false	56	5	NakedSingle,HiddenSingle,LockedCandidatesPointing	.......2.......8...15.6.3..1.2.9.5....9.....44...5......45...7....8.6.1..3...2.5.	.......2.......8...15.6.3..1.2.9.5....9.....44...5......45...7...78.6.1..31..2.5.	failures/top1465-0862.png	-	-	-
863	Unique	Unique	true	0	62	HiddenSingle,LockedCandidatesPointing,NakedQuad,ClaimingBoxLineReduction,NakedSingle	9...8.7...52...8...7.....9.6.9..8.....5496..2....7.....1..5....4..........714...3	963584721152937846874621395639218457785496132241375968316859274428763519597142683	-	-	-	-
864	Unique	Unique	false	51	8	HiddenSingle,LockedCandidatesPointing,NakedPair	1...9....82..75..3......67.5.3.....1.1.....2.9.....7.6.58.........26..57....1...8	1...9....82..75..3......67.5.3.....1.1.....2.9.2.5.7.6.58........1268.57...51...8	failures/top1465-0864.png	-	-	-
865	Unique	Unique	false	52	15	HiddenSingle,LockedCandidatesPointing,NakedQuad	.8......9...1..6.....7.9..5.6.5.....42..3.8.....2.7...59....34...1....2.....4....	.8.4.3..9...1.86.....7.9.85.6.5.4...42..3.8.....2.7.6.59....34..41....2.....4....	failures/top1465-0865.png	-	-	-
866	Unique	Unique	false	53	16	HiddenSingle,LockedCandidatesPointing,NakedPair,ClaimingBoxLineReduction,HiddenPair,NakedSingle	.3...2..6........16.7.9..35.1..7...8..35.8...4...........6.5.......2.1..9...3.4..	.3.7.2..6...3.6..16.7.9..35.1..7...8..35.8..44...........645.......2.1..9...3.4..	failures/top1465-0866.png	-	-	-
867	Unique	Unique	false	55	9	LockedCandidatesPointing,NakedTriple,NakedSingle,NakedQuad,HiddenSingle	.1..85.6.4..3........1..9...3......18.14...5.6.....2..25..9..4..6...7..........86	.1..85.6.4..3...1....1..9...3......18.14..65.6.....2..25..9..4..6...7..........86	failures/top1465-0867.png	-	-	-
868	Unique	Unique	true	0	65	HiddenSingle,LockedCandidatesPointing,ClaimingBoxLineReduction,NakedPair,NakedSingle	...68..9........259.4...8..2.1965...........3....7....31..............5.7.91.2.3.	152687394873491625964523871231965748547218963698374512315746289426839157789152436	-	-	-	-
869	Unique	Unique	false	53	11	NakedSingle,HiddenSingle,LockedCandidatesPointing,NakedPair	....3..8....4....1..5.81....1....9..3.....26...7.2............9..29.5.147..6..85.	....3..8....4....1..5.81...21....9..3..1..26...7.2.1..........9..2975.147..6..85.	failures/top1465-0869.png	-	-	-
870	Unique	Unique	false	56	15	HiddenSingle,LockedCandidatesPointing,NakedPair,ClaimingBoxLineReduction,NakedQuad,FinnedXWing	...........67....9.2..164...4....9...8.13...........25.179....4....8..6...3.2....	...........67....9.2..164...4....9...8.13..4........25.179....4.9..8..6...3.2..9.	failures/top1465-0870.png	-	-	-
871	Unique	Unique	false	53	11	NakedSingle,HiddenSingle,LockedCandidatesPointing,NakedQuad,NakedPair,FinnedXWing	39.6.......7.......6..9.12......5....2..1..6....4......85.6..9.......4.......7.32	39.6.......7......56.79.123.....5....2..1..6..5.4.6....85.6.791......4.......7.32	failures/top1465-0871.png	-	-	-
872	Unique	Unique	false	49	15	HiddenSingle,ClaimingBoxLineReduction,NakedPair,NakedSingle,FinnedXWing	.7..............8...98.4.6...61.....5...4.2...4..9..7.....316.26.....5....42....3	.7.....2..6.....8...98.4.6...61...5.5...4.23..4..9..7.....316426..4.951...42...93	failures/top1465-0872.png	-	-	-
873	Unique	Unique	false	55	5	LockedCandidatesPointing,NakedQuad,NakedSingle,HiddenSingle	...6....4..53.9..1....8.73..1...6...6.3..8...7..91....2..........7...58..9....6.3	...6....4..53.9..1....8.73..1..36...6.3..8...7..91.3..2..........7...58..9....6.3	failures/top1465-0873.png	-	-	-
874	Unique	Unique	true	0	69	HiddenSingle,LockedCandidatesPointing,ClaimingBoxLineReduction,NakedSingle	...45...9........3..9.....1.6...87....8..2.6.9.46........83....6....1.....1...54.	123457689456189273789263451265398714318742965974615832597834126642571398831926547	-	-	-	-
875	Unique	Unique	false	51	14	HiddenSingle,LockedCandidatesPointing,NakedTriple,ClaimingBoxLineReduction,FinnedXWing,NakedSingle	....4.......6.23..83......9.7.264.1.......4......37.2...1......69....75.5..8....6	....4.5...5.6.23..83......9.75264.1.......4......37.25..1..6...69....75.5..8..1.6	failures/top1465-0875.png	-	-	-
876	Unique	Unique	false	19	46	LockedCandidatesPointing,ClaimingBoxLineReduction,NakedTriple,NakedSingle,HiddenSingle	....3.8......2....9....163...581...92.4.......8.5..........61....2.4....63....5..	146.358..85362.4..927481635765812349214.6.7583895742..498.561..57214.9..631.9.5.4	failures/top1465-0876.png	-	-	-
877	Unique	Unique	true	0	68	HiddenSingle,LockedCandidatesPointing,ClaimingBoxLineReduction,NakedPair,NakedSingle	.....7.....8.5.....6....475....2.....3..9.64..94...3...5.....6....8..9.1..71.6...	523417896478659123169283475716324589835791642294568317351942768642875931987136254	-	-	-	-
878	Unique	Unique	false	53	8	NakedSingle,HiddenSingle,LockedCandidatesPointing,FinnedXWing,ClaimingBoxLineReduction	.....6..7..2.......5.9...863...9.....8.....912..7..8....3..5.7.4...3.2.9...1..4..	.....6.27..2.......5.9...863...9...2.8.....912..7..8....3..5.784...3.2.9...1.94..	failures/top1465-0878.png	-	-	-
879	Unique	Unique	false	49	6	HiddenSingle,LockedCandidatesPointing	9..7..1...2..1...7...5..6........56......32..1...5...824..813...1542...6..9.....2	9..7..1...2..1...7..15..6........56......32..1...5...824..813..31542...6..9..5412	failures/top1465-0879.png	-	-	-
880	Unique	Unique	false	48	21	HiddenSingle,LockedCandidatesPointing,NakedTriple,NakedSingle,NakedQuad,ClaimingBoxLineReduction,NakedPair	89.5.........983.6..3..1....3......29.6.8......8.4...7..7...4...5...97......1...3	89.5...74....983.6..3.71....3......29.638..4...8.4..37..7...4...5...97....9714..3	failures/top1465-0880.png	-	-	-
881	Unique	Unique	false	49	9	HiddenSingle,LockedCandidatesPointing	38.5...29..5.4..3.......5...2.4............8.4.9.8.2...7...6......2.....864.9.3..	38.5..429..5.4..3..4....5...284............844.9.8.2...7.8.6.4....2.4...864.9.3.2	failures/top1465-0881.png	-	-	-
882	Unique	Unique	false	47	28	HiddenSingle,LockedCandidatesPointing,ClaimingBoxLineReduction,NakedPair,NakedSingle,NakedTriple,UniqueRectangle	3..1...7....9..8....95.....7.......9.2..3.7....8..4.5.......5..1..7.8.........247	3..1..97....9..8....95.....7...15..9.2..397....8.74.5....4..5..142758.9....3.1247	failures/top1465-0882.png	-	-	-
883	Unique	Unique	false	31	45	NakedSingle,LockedCandidatesPointing,NakedPair,ClaimingBoxLineReduction,HiddenSingle,NakedTriple,NakedQuad,UniqueRectangle	1.....3.....2.6......8.7..2..748....94.5..2..5.1.......1......9.69..8.3...5...4.7	1729543.....2.6......8.7..2.27481...94.57321.5.1692...714325..9269748.3...5169427	failures/top1465-0883.png	-	-	-
884	Unique	Unique	false	54	6	HiddenSingle,LockedCandidatesPointing	.69.1.7....1.2...63.....9....5..7....4.....7....9.6..5..3...54..7...3.6.8.6.....2	.69.1.7....1.29..63.....9....5..7....4.....7....9.6..5..3...547.7...3.6.8.6.....2	failures/top1465-0884.png	-	-	-
885	Unique	Unique	false	51	9	NakedSingle,HiddenSingle,LockedCandidatesPointing,FinnedXWing	.6..9..1..4......83.5.8.........7...1..26..7....9..365.89...43....74...6.....9..1	.6..9..13.4..7...83.5.8.........71..1..26..7....91.365.89...43....74...6.....9..1	failures/top1465-0885.png	-	-	-
886	Unique	Unique	false	53	9	NakedSingle,HiddenSingle,LockedCandidatesPointing,ClaimingBoxLineReduction	.6..5.7..1......85..4.9..6...5.6.....1..2.3.......31...3.7..6..4..6....2..89.....	.6..5.7..1....6.85..4.9.26.3.5.6.....1..2.3.......31...3.7..6..4..6....26.89.....	failures/top1465-0886.png	-	-	-
887	Unique	Unique	false	55	7	HiddenSingle,LockedCandidatesPointing,ClaimingBoxLineReduction,FinnedXWing	.3.6.........87.....6.1..54.....8.....2..6..14...7.2..7..8.......9..5.3.6.1.9...2	.3.6.........87.....6.1..54.....8.....2..6..14...7.2.37.38.......9..5.3.6.1.9...2	failures/top1465-0887.png	-	-	-
888	Unique	Unique	false	53	5	HiddenSingle,LockedCandidatesPointing,XWing	.3.5.......4.3..2....8.6....2..49..66..25.1....1..8.9...3..58.........7.59......4	.3.5.4.....4.3..2....8.6....2.149..66.925.1....1..8.9...3..58.........7.59......4	failures/top1465-0888.png	-	-	-
889	Unique	Unique	false	51	15	HiddenSingle,LockedCandidatesPointing,NakedPair,NakedSingle,ClaimingBoxLineReduction,NakedTriple,FinnedSwordfish	.3..9...18.....6...17..6...7..2.1.4.......87......3....6...235.4..3.......8.....9	.3..987218..1.76...17..6...7..2.1.4.......87......3....6...235.4..3.9...3.8.....9	failures/top1465-0889.png	-	-	-
890	Unique	Unique	false	53	8	NakedSingle,HiddenSingle,LockedCandidatesPointing,ClaimingBoxLineReduction	.2...9.8.......29...5...4......7.3..3.71.....4.............69..69...4.327...3.5.6	12...9.8.8.....29.9.5...4......7.3..3.71.....4.............69..69...4.327..93.5.6	failures/top1465-0890.png	-	-	-
891	Unique	Unique	false	53	18	HiddenSingle,LockedCandidatesPointing,NakedPair,NakedSingle,NakedTriple,ClaimingBoxLineReduction,UniqueRectangle,FinnedXWing	..14.....57......429.1..3.....5...62....69.57...........795....4...2....13....7..	..14.....57......42941..3.....5...62..2.69.57..........2795....4...2....13....72.	failures/top1465-0891.png	-	-	-
892	Unique	Unique	false	51	10	HiddenSingle,LockedCandidatesPointing,ClaimingBoxLineReduction,NakedTriple,FinnedXWing	...47....8.....491.....1..3....1..39..982....5....36..41....7.6..5..........6..1.	1..47..6.8.....491.....1.73....1..39..982.1..5.1..36..41....7.6..51.........6..1.	failures/top1465-0892.png	-	-	-
893	Unique	Unique	false	55	8	HiddenSingle,LockedCandidatesPointing,ClaimingBoxLineReduction,NakedPair	......3....9..7.1.78.4.....3..5..2.....32..8.....81........64.........914.5.....6	......3....9..7.1.78.4.....3185..2.....32.18.....81........64......4..914.5.....6	failures/top1465-0893.png	-	-	-
894	Unique	Unique	false	52	7	HiddenSingle,ClaimingBoxLineReduction,NakedQuad,FinnedXWing,NakedSingle	..........5724...98....947...9..3...5..9..12...3.1.9...6....25....56.....7......6	..........5724...98....947...9.23...5..9..123..3.159...6....25....56.....75.....6	failures/top1465-0894.png	-	-	-
895	Unique	Unique	false	55	4	HiddenSingle,LockedCandidatesPointing	9..7...6..12.4.......3..29...6....58.7...........5.43..2753........64...1..9....5	9..7...6..12.49......3..29...6....58.7...........5.43..2753........64...1..9....5	failures/top1465-0895.png	-	-	-
896	Unique	Unique	false	58	7	HiddenSingle,LockedCandidatesPointing,HiddenPair	6..89..1.....5..........8...274......3......54....7...2..6......85..4..21......39	6..89..1.....5........4.8...274......3......54....7...2..6......85..4..21......39	failures/top1465-0896.png	-	-	-
897	Unique	Unique	true	0	62	NakedSingle,HiddenSingle,LockedCandidatesPointing,ClaimingBoxLineReduction	3...6...5.9...7.....6.....32..69.5.......1..2.4......69...1..7...43...8......8...	371869425492537168856124793218693547769451832543782916985216374124375689637948251	-	-	-	-
898	Unique	Unique	false	53	7	HiddenSingle,LockedCandidatesPointing	..72.....9..3..82.....8...6.8...43....1....5..2.51..48....962............1..5..83	8.72.....9..3..82.1.2.8...6.8...43....1....5..2.51..48....962............1..5..83	failures/top1465-0898.png	-	-	-
899	Unique	Unique	true	0	72	HiddenSingle,LockedCandidatesPointing,NakedSingle,ClaimingBoxLineReduction,NakedPair,UniqueRectangle	...569...........7.69.2..14..8....4.3.4.71......4.....5..6.......7...18......2..9	471569328235184967869327514918236745354871296726495831592618473647953182183742659	-	-	-	-
900	Unique	Unique	false	32	31	HiddenSingle,LockedCandidatesPointing,FinnedXWing,NakedPair,NakedSingle	...52.....9...3..4......7...1.....4..8..453..6...1...87.2........8....32.4..8..1.	47.52...3895..3.2432....7.5517....4.289645371634.1..587.2......1.8....32943286517	failures/top1465-0900.png	-	-	-
901	Unique	Unique	false	46	18	NakedSingle,HiddenSingle,LockedCandidatesPointing,FinnedXWing	.......42581.........86.......4..9.5.....3....68..7....53.2..84........72.....1..	6....5842581....96...869......4..9.5..5..3..8.68..7....53.2168481......72.....1.9	failures/top1465-0901.png	-	-	-
902	Unique	Unique	false	47	11	HiddenSingle,LockedCandidatesPointing	9...8.3.2.3.6..7..14.2....6...9......26.34.......2.....93.47..56.1.....7........3	96748.3.2.3.6..7..14.273..6...9......26.34..9..9.2.....93.47..56.13....7........3	failures/top1465-0902.png	-	-	-
903	Unique	Unique	false	54	14	HiddenSingle,LockedCandidatesPointing,NakedTriple,ClaimingBoxLineReduction,NakedSingle,NakedQuad	67...8......4..7...2...76....2....4...3.8..91...17.8.......1.5..3..5......5.....2	67...8......4..7...2...76....2....47763.84.91...17.8.......1.5..3..5......5.....2	failures/top1465-0903.png	-	-	-
904	Unique	Unique	false	43	20	HiddenSingle,LockedCandidatesPointing,NakedPair,NakedQuad,UniqueRectangle,NakedSingle	53........79..2.....25..9.....2..68.7.......1.8..9.2....17.........38..2...96.17.	53..1972..79..2.....25..9.....2..68.72.....91.8..9.2...6172...9..7138.622..96.17.	failures/top1465-0904.png	-	-	-
905	Unique	Unique	false	57	3	HiddenSingle,LockedCandidatesPointing,ClaimingBoxLineReduction	.6...75.9....43.......5......3...48.....6...5.12....6..9..72..44......2...8...1..	.6...75.9....43.......5....6.3...48.....6...5.12....6..9..72..44......2...8...1..	failures/top1465-0905.png	-	-	-
906	Unique	Unique	false	51	17	HiddenSingle,LockedCandidatesPointing,ClaimingBoxLineReduction,NakedQuad,NakedSingle,FinnedXWing,FinnedSwordfish	.4....37...3.7.49...7.8......16............2359...2...........96.51.........3.51.	.4....37...3.7.49.9.7483.....16.7..........235983.2...........96.51.......9.3.51.	failures/top1465-0906.png	-	-	-
907	Unique	Unique	false	56	3	HiddenSingle,LockedCandidatesPointing	.2...34.75...74......6.........1.8...81.....2.....9.7383....9.........6.4..9.2.3.	.2...34.75...74......6.........1.8...81.....2.....917383....9.........6.4..9.2.3.	failures/top1465-0907.png	-	-	-
908	Unique	Unique	false	54	7	HiddenSingle,NakedSingle,LockedCandidatesPointing	..2..8.....37..4..9....5..15....2..96.4...8.....1.....2....4......91.6...9......7	..2..8...8.37.14..9....5.815....2..96.4..98....91.....2....4......91.6...9......7	failures/top1465-0908.png	-	-	-
909	Unique	Unique	true	0	65	NakedSingle,HiddenSingle,LockedCandidatesPointing,NakedPair,HiddenPair	...6.378.......5.1.......3..8..5..9.59..4.2...46........98...15..........28.1..7.	152693784963784521874521936381256497597148263246937158439872615715369842628415379	-	-	-	-
910	Unique	Unique	false	50	13	HiddenSingle,LockedCandidatesPointing,NakedQuad,ClaimingBoxLineReduction	...25....65....4..3.9......4.....13..8....6.9....835.......1.4..91.7.3..5...9....	...25...365....4..3.9......4.5...138.83...6.99...835.4.....194..91.7.3..5...9....	failures/top1465-0910.png	-	-	-
911	Unique	Unique	false	49	16	HiddenSingle,LockedCandidatesPointing,NakedPair,NakedTriple,FinnedSwordfish	.....9.8.....4.....271.............7..6..29...7185......89..6...5.62...8......25.	.....9.8.....4.....271..5..5.2.9.8.7..6..29.597185....2.89.56...5.62...8......25.	failures/top1465-0911.png	-	-	-
912	Unique	Unique	false	55	4	NakedSingle,HiddenSingle,LockedCandidatesPointing	.....8.7..13..............4...1.45...9...73....82....65..6..9...2..43.6..6..1....	.....8.7..13..6........1..4...1.45...9...73....82....65..6.29...2..43.6..6..1....	failures/top1465-0912.png	-	-	-
913	Unique	Unique	false	54	9	HiddenSingle,LockedCandidatesPointing,NakedSingle,NakedTriple	8.7..46...3..6.9.....7....3.69.....55....973...3.2....7.1..6......51...........2.	8.7..46...3..6.9.....7....3.69.....55...4973..73.25...7.1..6......51...........2.	failures/top1465-0913.png	-	-	-
914	Unique	Unique	false	53	9	HiddenSingle,LockedCandidatesPointing,HiddenPair,HiddenTriple	3....4..6....2..7..658....113.5..9..6..2.1.....9.........9..7.48...........46..32	3....4..6....2..7..658....113.5..9..6..291.....9.........9..7.484...2......46..32	failures/top1465-0914.png	-	-	-
915	Unique	Unique	false	55	9	HiddenSingle,LockedCandidatesPointing,NakedPair,NakedSingle,ClaimingBoxLineReduction,NakedTriple,NakedQuad	1.....9.78..4....6..23.............8.8.5..73.6.498.......1.9..2..5......4...5..7.	1.....9.78..4..3.6..23.............8.8.5..73.6.498.2.....1.9..2..5......4...5..7.	failures/top1465-0915.png	-	-	-
916	Unique	Unique	false	55	7	HiddenSingle,LockedCandidatesPointing,FinnedSwordfish	.9...4....1.6...4.....9...7.....5...4....152..57...8....8.3.......56..1..7...86.3	.9...4....1.6...4.....9...7.....5...4....152..57..68....8.3.......56..18.7...86.3	failures/top1465-0916.png	-	-	-
917	Unique	Unique	true	0	70	HiddenSingle,LockedCandidatesPointing,NakedPair,NakedSingle,ClaimingBoxLineReduction,NakedTriple,NakedQuad	...87..2..945..1....34....7..6.5.........7..2.7.....6...9.........326..1.4...8...	165873429794562183283419657936254718418637592572981364329145876857326941641798235	-	-	-	-
918	Unique	Unique	false	52	13	HiddenSingle,LockedCandidatesPointing,NakedTriple,NakedQuad,Swordfish,FinnedSwordfish,ClaimingBoxLineReduction	...7....2...2.1.4.9...4..7..97..6....1....23.3........73.4...2.5....3..9...15....	1..7....2.7.2.1.4.9...4..7.297..6....1.9..23.3........73.4...2.5....3..9..915....	failures/top1465-0918.png	-	-	-
919	Unique	Unique	false	54	7	HiddenSingle,LockedCandidatesPointing,NakedTriple	...1...9......6.1..2...34.7..79....2....6.9....8.741..6...3..2..5.7..3...4.......	...1.7.9......6.1..2...34.7..79....2....6.97...8.741..6...3..2..5.7..3...4.6.....	failures/top1465-0919.png	-	-	-
920	Unique	Unique	false	56	5	HiddenSingle,LockedCandidatesPointing,ClaimingBoxLineReduction	....2...8....64.1...4..73.....5..4.1...7....92.74..........3....8....5...69.....3	....2..48....64.1...4..73.....5.2471...7....92.74..........3....8....5...69.....3	failures/top1465-0920.png	-	-	-
921	Unique	Unique	false	55	13	HiddenSingle,LockedCandidatesPointing,ClaimingBoxLineReduction,NakedTriple,NakedQuad	2.4...8.......8.36...9..4.5..7...6.....3.7...16........7...1...4...8..9..82..93..	2.4...8..7....8.36...9..4.5..7...6.....367...16........7...1...4...8..9..82..93..	failures/top1465-0921.png	-	-	-
922	Unique	Unique	false	48	14	HiddenSingle,ClaimingBoxLineReduction,NakedTriple,NakedSingle,LockedCandidatesPointing,FinnedSwordfish	1...9......4.63.9...7.....8..2..6...59.18..2............1...8...7...2.6....91.7..	1...9..7...4763.9.9.7..1..8..2..69..59.18..2......9.....16..8.9.79..2.6....91.7.2	failures/top1465-0922.png	-	-	-
923	Unique	Unique	false	43	25	HiddenSingle,NakedSingle,LockedCandidatesPointing,NakedTriple,ClaimingBoxLineReduction,UniqueRectangle	1...5.6...5.1.9.2.................6437...4.1.8............618.3..7......9....5...	1...5.6.94561893277....6..........6437.6.4.18864.1..3..4..618.36.7......9....5..6	failures/top1465-0923.png	-	-	-
924	Unique	Unique	false	55	9	HiddenSingle,LockedCandidatesPointing,NakedQuad,XWing,FinnedXWing	.3.64..2.1.2.5..3..........8..3...793.9.....6..4....1.....7...3...8.9....57....4.	.3.64..2.1.2.5..3..........8..3...793.9.....6..4...31.....7...3..38.9....57....4.	failures/top1465-0924.png	-	-	-
925	Unique	Unique	false	52	13	HiddenSingle,LockedCandidatesPointing,NakedPair,NakedSingle	.3....4......8.2..1.4....9..7.....2..156.7........2....93...81....1....7...85..6.	.3....4......8.2..1.4....9..7...8.2.2156.7........2...593...81....1..5.77.185..6.	failures/top1465-0925.png	-	-	-
926	Unique	Unique	false	52	11	NakedSingle,HiddenSingle,LockedCandidatesPointing,NakedTriple,XWing	.29..........4....7..1593.......573..........17..835.92.4..6..1...5..8..9........	.29..........4.69.7..1593......1573..........17..835.92.4..69.1...59.8..9........	failures/top1465-0926.png	-	-	-
927	Unique	Unique	false	50	16	HiddenSingle,LockedCandidatesPointing,ClaimingBoxLineReduction,NakedQuad	..8......9.....1...1...74.........25....28...73.1.........5......3.42.8.5.4.1.7.6	..8..1...9.....1...1...74......7..25....28...7321.58......5......3.4258.52481.7.6	failures/top1465-0927.png	-	-	-
928	Unique	Unique	false	51	22	HiddenSingle,LockedCandidatesPointing,NakedQuad,NakedTriple,FinnedXWing,ClaimingBoxLineReduction	..4......2..45..1..6......3..7.6...9...12.38....5..........7.6.....9...28.....5..	..4.....52..45..1..6......3..736..59...12.387...57.........796.....95.328.....57.	failures/top1465-0928.png	-	-	-
929	Unique	Unique	true	0	74	HiddenSingle,LockedCandidatesPointing,NakedPair,ClaimingBoxLineReduction,NakedSingle,NakedTriple,HiddenPair	....4...1..4.6..3....9....6...5.....986.7....5.......2..2..73..693....5....4.....	269743581154268937378915426421596873986372145537184692842657319693821754715439268	-	-	-	-
930	Unique	Unique	false	54	7	HiddenSingle,LockedCandidatesPointing,ClaimingBoxLineReduction	8.....4..16.3....2....2...1.3...92....9.....7..85...6..5..4..1.49...78........7..	8.....4..16.3....29...2...1.3...92.8..9.....7..85...6..5..4..1.49...78...8....7..	failures/top1465-0930.png	-	-	-
931	Unique	Unique	true	0	64	HiddenSingle,NakedSingle,LockedCandidatesPointing,ClaimingBoxLineReduction,HiddenTriple	7...5.......784.3......1....4.....71..7.....9.294...5.8...16....3....6.5......2..	713652984965784132284931567648295371357168429129473856892516743431827695576349218	-	-	-	-
932	Unique	Unique	false	53	20	HiddenSingle,LockedCandidatesPointing,ClaimingBoxLineReduction,NakedPair,NakedSingle,NakedTriple,NakedQuad	7.....1.8.1..9..3..4...5.....64.......18..39....6..8.1.2.5...........7......43.5.	7..3.41.8.1..9..3..4...5.....64.....4.18..396...6..841.2.5...........7......43.5.	failures/top1465-0932.png	-	-	-
933	Unique	Unique	false	55	3	HiddenSingle,LockedCandidatesPointing	.62.....5....4.8..8...21...67.....3...1.73...3..1...48...7..9.6.....5..329.......	.62.....5....4.8..8...21...67.....3...1.73...3..1..748...7..9.6.....5..329.......	failures/top1465-0933.png	-	-	-
934	Unique	Unique	false	54	6	HiddenSingle,LockedCandidatesPointing,HiddenPair	.4..7....7.3....928....14...672....99..1.......1..7.54...3.....4....5.8.......5.1	.4..7....7.3....928....14...672....99.41.......1.97.54...3.....4....5.8.......5.1	failures/top1465-0934.png	-	-	-
935	Unique	Unique	false	56	6	HiddenSingle,NakedTriple,LockedCandidatesPointing,ClaimingBoxLineReduction,XWing	..3....7..192....6.4....1...9.7.4...6.....4......36.8..7.6.3.5.......8..2..59....	..3....7..192....6.4.3..1...9.7.4...6.....4......36.8..7.6.3.5.......8..2..59....	failures/top1465-0935.png	-	-	-
936	Unique	Unique	false	50	18	HiddenSingle,LockedCandidatesPointing,ClaimingBoxLineReduction,NakedSingle,NakedPair,NakedTriple,FinnedXWing	....7..8..7..2...1..6...5..3..9..8.......7..4....1.26...1.58....9....3..5.....61.	....7..86.7..2..31..6...5..31.9..8.......7194....1.263..1.587.9.9....3..5.....61.	failures/top1465-0936.png	-	-	-
937	Unique	Unique	false	51	10	NakedSingle,HiddenSingle,LockedCandidatesPointing,FinnedSwordfish	....62...4.73..........137...9.2......1..68......8..32.8...5..36.....1..79.....5.	...762...4.73..........137.8.9.2......1..68..5..18..3218...5..36.....1..79..1..5.	failures/top1465-0937.png	-	-	-
938	Unique	Unique	false	54	12	HiddenSingle,LockedCandidatesPointing,FinnedXWing	.....5.3..6....84...51..6.....2...5..9..1...7..47...9......8...9.........27...4.6	.....5.31.6....845..51..6.....2...54.9..1..67..47...98.....8...9.........27...4.6	failures/top1465-0938.png	-	-	-
939	Unique	Unique	false	51	17	HiddenSingle,LockedCandidatesPointing,NakedPair,NakedSingle,ClaimingBoxLineReduction,NakedTriple,UniqueRectangle	......3..84.....9...9..652...8.1.7.......2.4.16........9..3...7.......1.6..7.98..	..6...37.84.....9...9..652...8.1.7.......2.4.16.....8..9..3...7.8...5.1.6.17498..	failures/top1465-0939.png	-	-	-
940	Unique	Unique	false	52	13	HiddenSingle,LockedCandidatesPointing,HiddenPair,FinnedXWing,XWing,NakedTriple,Swordfish	9.7.5..8..2.........57.3..1....72.........812..398..5.......46..9.......6.83...7.	9.725..8..2.........57.3..1....72.....9.3.8122.398..5.......46..9.......6.83...7.	failures/top1465-0940.png	-	-	-
941	Unique	Unique	false	53	10	HiddenSingle,LockedCandidatesPointing,ClaimingBoxLineReduction,NakedPair	..5...4..7.8.....3....6...1.....5.2....73..1.1...2.8....4..2..6...4....93.2.7....	..5...4.27.8.....3....6...1.....5.2....73..1.1...2.8....4..2..6..14..2.93.2.7..48	failures/top1465-0941.png	-	-	-
942	Unique	Unique	false	39	34	HiddenSingle,NakedSingle,LockedCandidatesPointing,ClaimingBoxLineReduction,NakedTriple,NakedPair,NakedQuad	...9....7....1.38....5..2..8.7.6...9...1..7....4.....5.1..8....32.....6.6........	283946..7..6.1.384..15382968.7.6...9.621..7.81.48..6.5.1.68....32.....616....1...	failures/top1465-0942.png	-	-	-
943	Unique	Unique	false	56	12	NakedSingle,HiddenSingle,LockedCandidatesPointing,NakedPair,ClaimingBoxLineReduction,NakedQuad,HiddenPair,XWing	...49....8..1...5..1............24...5.8.72..3...4...79....6..3..6....8.....7...9	...49....8..1.3.5..1.7..........24...5.8.72..3...4...79...86..3..6....8.....7...9	failures/top1465-0943.png	-	-	-
944	Unique	Unique	false	53	18	HiddenSingle,LockedCandidatesPointing,ClaimingBoxLineReduction,NakedPair,NakedSingle	....85........96..96......2.1.3....9.5..27...48...............4....1..5.7.2....3.	.24685....7.2.96..96......221.3....9.5..27...48...............4....1..577.2....3.	failures/top1465-0944.png	-	-	-
945	Unique	Unique	false	57	14	HiddenSingle,LockedCandidatesPointing,NakedTriple,ClaimingBoxLineReduction,NakedQuad,NakedSingle,FinnedXWing	....8...2.6...4....7....8.9..4.2...8.....1.35..3...6....6.......5.79....1....6.5.	....8...2.6...4....7....8.9..4.2...8.....1.35..3...6....6.......5279...61....6.5.	failures/top1465-0945.png	-	-	-
946	Unique	Unique	false	52	15	NakedSingle,LockedCandidatesPointing,HiddenSingle,ClaimingBoxLineReduction,NakedTriple,FinnedXWing,HiddenPair	.........97.64....1......9.51..7..43...1......96.5.17......753...2.6.41....8.....	.........97.64....1......9.518.7..43..71......96.58172.....753...2.6.41....8.....	failures/top1465-0946.png	-	-	-
947	Unique	Unique	false	50	10	HiddenSingle,LockedCandidatesPointing,FinnedSwordfish	.........8..2..37.9.24....5..698.5..7...4.....3...6..4.........3..8.9.1...9.6.4..	..36...4.8..2..37.9.24....54.698.5..79..4.....3...6..46....4...3..8.9.1...9.6.4..	failures/top1465-0947.png	-	-	-
948	Unique	Unique	false	56	4	HiddenSingle,LockedCandidatesPointing,ClaimingBoxLineReduction	8...7....1..6...82........1..6...2....724.5.....73..6...9.64......5..4...2......3	8...7....1..6...82........1..6...2....72465.....73..6...9.64.2....5..4...2......3	failures/top1465-0948.png	-	-	-
949	Unique	Unique	false	44	25	HiddenSingle,LockedCandidatesPointing,NakedTriple,NakedQuad,NakedSingle,ClaimingBoxLineReduction,FinnedSwordfish	4.....53.81...26......3.....5.9.............4..18..36...2.1......8...2...9..6...8	4...8.53.8135.26.9....3....35.9......8.35...49.18..365..2.18.....8.952...9.263..8	failures/top1465-0949.png	-	-	-
950	Unique	Unique	false	53	6	HiddenSingle,LockedCandidatesPointing	3...4..6...592...1.8.6.....97.....45......2....6.3..9.2..4.......1..5.....789....	3...4..6...592...1.8.6.....97.....45.....92....6.34.9.2..4.......13.5.....7892...	failures/top1465-0950.png	-	-	-
951	Unique	Unique	false	55	8	HiddenSingle,LockedCandidatesPointing,ClaimingBoxLineReduction,NakedQuad	16...89.....7.46.1..........87...3.......2.....9....5..5.......7.8.3.24..3....8.6	16...89.....7.46.1.7....5...87...3.......2.....9....5..5.......7.8.3.245.3....8.6	failures/top1465-0951.png	-	-	-
952	Unique	Unique	false	54	7	HiddenSingle,LockedCandidatesPointing,FinnedXWing	.6...9.4...4....1.2.......7..2..65..69..1........78.9.3.8..5....5.1....3....2.8..	.6...9.4...4....1.2....1..7..2..65..69..1........78.9.328..5....5.18...3....2.8..	failures/top1465-0952.png	-	-	-
953	Unique	Unique	false	48	13	HiddenSingle,LockedCandidatesPointing,ClaimingBoxLineReduction,NakedSingle	.4.6.8.5.6...4.9..1....5....9....3.6..1......4..8...7...89.......7..62..2.......3	74.6.81526...4.9..1....5....9....3.6.71.6....4.68..57...89.....9.7..62..2.4....93	failures/top1465-0953.png	-	-	-
954	Unique	Unique	false	54	8	NakedSingle,HiddenSingle,LockedCandidatesPointing,NakedQuad	.3....8.42...4.5......2.....15.9....6....8....24.53..7......49....1.......793...6	.3....8242...4.5......2.....15.9....6...18....24653..7......49....1.......793...6	failures/top1465-0954.png	-	-	-
955	Unique	Unique	false	52	8	NakedSingle,HiddenSingle,LockedCandidatesPointing,NakedPair	.2.......7..6...1.....8.6.9.9......4......5.25..17..9.....5....3.7.49...4..7....3	.2.......7..6...1.1...876.9.9....174.71...5.25..17..9.....5....3.7.49...4..7....3	failures/top1465-0955.png	-	-	-
956	Unique	Unique	false	55	12	HiddenSingle,LockedCandidatesPointing,NakedPair,ClaimingBoxLineReduction	..3..8..........75...4..96.........7..1.5..3.9...2..5...46......6.1....47.2.3....	..3..8.4....2...75...4..96.....4...7..1.5..3.9...2..5...46......6.1....47.2.34...	failures/top1465-0956.png	-	-	-
957	Unique	Unique	true	0	66	HiddenSingle,LockedCandidatesPointing,NakedQuad,NakedTriple,NakedSingle	...4..62..16.7.........8......2....8..4...5.75..3..............4....9.8...8.6.13.	857431629216975843943628751679254318324186597581397462162843975435719286798562134	-	-	-	-
958	Unique	Unique	false	41	24	NakedSingle,HiddenSingle,LockedCandidatesPointing,FinnedXWing,NakedQuad,ClaimingBoxLineReduction,NakedTriple,XWing	....6...4..6.3....1..4..5.77.....8.5...8.....6.8....9...2.9....4....32....97..1..	9...6.3.4.46.379..12348956773.9.68.529.8.....6.83...9...2.9....4....32.9..97..1..	failures/top1465-0958.png	-	-	-
959	Unique	Unique	false	48	20	HiddenSingle,LockedCandidatesPointing,NakedSingle,ClaimingBoxLineReduction,HiddenPair,UniqueRectangle	.....94...15....3...92......4..5.....8....64..61.....8........2.2.78..1...3.6.7..	..6..94...15....3...92......4..5.....8....64..61.....87.8....6262478..1.1.3.62784	failures/top1465-0959.png	-	-	-
960	Unique	Unique	false	49	12	HiddenSingle,LockedCandidatesPointing,NakedTriple,NakedSingle,FinnedSwordfish	.......52..7..18...9.....7...2.4......3.28.6.7..1.....6..4.5..32.576..4..........	....7..52.27..18...9.....7...2.47.....3.28.677..1..2..6..4.57232.576..4..7.......	failures/top1465-0960.png	-	-	-
961	Unique	Unique	true	0	75	HiddenSingle,LockedCandidatesPointing,NakedSingle,ClaimingBoxLineReduction	4.....8.5.3..........7......2.....6.....5.4......1.......6.3.7.5..2.....1.9......	417369825638125947952748316825437169791856432346912758284693571573281694169574283	-	-	-	-
962	Unique	Unique	false	53	4	HiddenSingle,LockedCandidatesPointing	35.1..6...4..6..2....4....3..2......9.....7.25...8..1..9.6..........94.761...5.3.	35.1..6...4..6..2....4....3..2......9.....7.25...8..1..9.6.......5.1946761...5.3.	failures/top1465-0962.png	-	-	-
963	Unique	Unique	true	0	74	HiddenSingle,NakedSingle,LockedCandidatesPointing,ClaimingBoxLineReduction,NakedPair,NakedTriple	1.....3.8.6.4..............2.3.1...........958.........5.6...7.....8.2...4.......	124597368369428517587361924293815746416273895875946132958632471631784259742159683	-	-	-	-
964	Unique	Unique	false	51	10	HiddenSingle,LockedCandidatesPointing,XWing,FinnedSwordfish	..4.....69..7..8...86..4.5...9..3.7....8..2..2.8..6.4..1...8.....5.....9...2.....	..4.8...69..76.8.4.86..4.52..9.23.78...8..2..2.8..6.4..1...8.....5.....9.9.2.....	failures/top1465-0964.png	-	-	-
965	Unique	Unique	false	54	4	HiddenSingle,LockedCandidatesPointing	...4.6..7..2.9...6......15......892.5......7...7.5.4..63.1.........89....19...5.2	...4.62.7..2.9...6......15......89255......7...7.5.4..63.1.........89....19...5.2	failures/top1465-0965.png	-	-	-
966	Unique	Unique	false	57	4	HiddenSingle,LockedCandidatesPointing,NakedQuad	...2.9...9......7..746..........35...48.6...3..68..2.........3.8..1....5.17.9....	...279...9......7..746..........35...48.6...3..68..2.........3.8..1....5.17.9....	failures/top1465-0966.png	-	-	-
967	Unique	Unique	false	53	8	HiddenSingle,LockedCandidatesPointing,FinnedXWing	48.3.......9.7......5.6.41.1.......2.5........63..7..9.....36....2.8..45...4...9.	48.3..9....9.74.....5.6.41.1.......2.5......4.63.47..9.....36....2.8..45...4...9.	failures/top1465-0967.png	-	-	-
968	Unique	Unique	false	52	8	HiddenSingle,LockedCandidatesPointing,ClaimingBoxLineReduction	1...7.6..8.5.....3..74...51......7....4.2....5..1.6.2....6.93..69............4...	1...7.6..8.5....73..74...51..6...7....4.2....57.1.6.2.4..6.93.769.......7....4...	failures/top1465-0968.png	-	-	-
969	Unique	Unique	false	56	6	NakedSingle,HiddenSingle,LockedCandidatesPointing,FinnedXWing	...7..4....6.8..3..1....2.51....6.9....5.73.6....3....8....9.........7.2..7..4.5.	...7..4....6.8..3..1...32.51....6.9....5.73.6....3....8...79.........7.2..7..4.5.	failures/top1465-0969.png	-	-	-
970	Unique	Unique	false	53	20	HiddenSingle,LockedCandidatesPointing,ClaimingBoxLineReduction,NakedQuad,FinnedXWing,FinnedSwordfish,NakedPair,NakedSingle	...6..7.8..........4.2.1..........5.5..7..8.683...6..17..5...3......9....628.....	...6..7.8..........4.2.1..........5.5..7..8.683..562717..56..3......968..628.....	failures/top1465-0970.png	-	-	-
971	Unique	Unique	true	0	72	HiddenSingle,LockedCandidatesPointing,ClaimingBoxLineReduction,NakedPair,NakedSingle,NakedQuad,FinnedXWing	...5..9.....8.1.258.......1.4......3.1.6.......5.7......9.6........136...3.9.4..7	173526984964831725852497361746152893318649572295378416429765138587213649631984257	-	-	-	-
972	Unique	Unique	false	38	30	HiddenSingle,LockedCandidatesPointing,NakedSingle,ClaimingBoxLineReduction,NakedPair	963......1....8......2.5....4.8......1....7......3..257......3...9.2.4.7......9..	963......152398674874265....4587.....18.5.74.697.3.8257......3.5.9.2.4.74.....9..	failures/top1465-0972.png	-	-	-
973	Unique	Unique	false	50	6	NakedSingle,HiddenSingle	9..4.3.....2..7....4.2...9...4...56.5.......86.....4.3.7.315.....9..21......76...	9..4.3.....2.97....4.2...9...4...56.5....4..86.....4.3.7.315...3.98421.....976...	failures/top1465-0973.png	-	-	-
974	Unique	Unique	false	53	7	HiddenSingle,LockedCandidatesPointing,ClaimingBoxLineReduction	8.63......4.6....9..5..74..1..7..8............84.1.6..5.......8.....37.4.39..2...	8.63......4.6....9..5..74..1..7..8............84.1.6..5.......8..8..37.4439872...	failures/top1465-0974.png	-	-	-
975	Unique	Unique	true	0	68	HiddenSingle,LockedCandidatesPointing,ClaimingBoxLineReduction,NakedTriple,FinnedXWing,NakedSingle	1..5....4.64...39...5...2..........8.5.1.........6.12..3...6..96....7...7...38...	123589764864721395975643281216374958358192647497865123532416879681957432749238516	-	-	-	-
976	Unique	Unique	false	55	8	LockedCandidatesPointing,ClaimingBoxLineReduction,NakedTriple,NakedSingle,HiddenSingle,NakedPair	.2.5...8...5..9....7......1.......13.....39..3..296..743.8......5..4..7...2...6..	.2.5...8...5..9....7......1.......13..7..39..3..296..743.8......5..4..7.7.2...6..	failures/top1465-0976.png	-	-	-
977	Unique	Unique	false	53	18	HiddenSingle,LockedCandidatesPointing,ClaimingBoxLineReduction,NakedTriple,NakedQuad,HiddenPair,NakedSingle	..3.8.5.......9.7......12..2..7......8..5.16....1..84..4.8.5...6......3.7...3....	..3.8.5.......9.7......12..2..7.8.5..8..5316..3.1..84.34.8.5...6......3.7...3....	failures/top1465-0977.png	-	-	-
978	Unique	Unique	false	57	3	HiddenSingle,LockedCandidatesPointing,ClaimingBoxLineReduction	.....13...7...3..1......4....9......5...4...228...7.5...2....3.3...75..9.9..8.6..	.....13...7...3..1......4....9......5...4...228...7.5...2....3.3...75..9.9.38.6..	failures/top1465-0978.png	-	-	-
979	Unique	Unique	true	0	74	NakedSingle,LockedCandidatesPointing,HiddenSingle,ClaimingBoxLineReduction,NakedPair,UniqueRectangle	.......34.....5.87....2.1....9......7..3..89686........1.6.......24..3...4.9....1	157896234293145687684723159439268715725314896861579423518637942972451368346982571	-	-	-	-
980	Unique	Unique	true	0	67	HiddenSingle,LockedCandidatesPointing,NakedSingle,NakedTriple,FinnedXWing	..61.8....4.....7........2.6...9...58.....3....7..1...5....3...98....6..3...2..59	236178594145239876798645123613492785829756341457381962574963218982514637361827459	-	-	-	-
981	Unique	Unique	false	50	16	HiddenSingle,LockedCandidatesPointing,NakedTriple,ClaimingBoxLineReduction,NakedSingle	...6...4.......918..8..7.....5....6.86...2.....93.8...3..1....7.5..4...19...3....	.9.68.74.....5.918..8..7.....5...86.86.5.2.....9368...3..12...7.5..4...19...3....	failures/top1465-0981.png	-	-	-
982	Unique	Unique	true	0	75	HiddenSingle,LockedCandidatesPointing,NakedQuad,NakedSingle,NakedPair	...3..25.....4..3.1.........38....2.....6...4..5.......2.8........5..7..6.....1..	846397251572641839193285476438159627219763584765428913921874365384516792657932148	-	-	-	-
983	Unique	Unique	true	0	61	LockedCandidatesPointing,HiddenSingle,NakedSingle	....41...9..5...81.7...96.....4.....3..6..14..8.1....3......83579.........2....1.	865741392924536781173289654216493578357628149489157263641972835798315426532864917	-	-	-	-
984	Unique	Unique	false	53	6	HiddenSingle,LockedCandidatesPointing,ClaimingBoxLineReduction	.....7....7...8456.1...4..326...9...8.1.....5..4.1.8.........2....496....4..7.5..	4....7....7.1.8456.1...4..326...9...8.1.....5..4.1.8.........24...496....4..7.5..	failures/top1465-0984.png	-	-	-
985	Unique	Unique	false	51	8	HiddenSingle,LockedCandidatesPointing,FinnedXWing	718..2.6.........45...7....29...36.......9.5....4....83..7..8.5....1..9...92.8...	718.42.6.9.......45...7....29...36.......9.5....4.79.83..79.8.5....1..9...92.8...	failures/top1465-0985.png	-	-	-
986	Unique	Unique	false	54	17	HiddenSingle,LockedCandidatesPointing	6..3.2....1.....5..........7.26............843.........8.15........8.2........7..	6..3.28...1.....52.2.......7.26.8..........843.8....2728.15........8.2.5......7.8	failures/top1465-0986.png	-	-	-
987	Unique	Unique	false	51	5	NakedSingle,HiddenSingle,LockedCandidatesPointing	1.5.8.......4.6......7...82..6..29..392...8.1.1.......62...749.........57..9....3	1.528....2..4.6......7...82..6..29..392...8.1.1.......62...7498........575.9....3	failures/top1465-0987.png	-	-	-
988	Unique	Unique	false	53	9	HiddenSingle,LockedCandidatesPointing,NakedPair	.7..6..45.....18..4..8.....62.1........5....1......237..3..4.....2.5.3...9...6.5.	.7..6..45...4.18..4..8.5...62.1..5.....5....1...6..237..3..4.....2.5.3...9...6.5.	failures/top1465-0988.png	-	-	-
989	Unique	Unique	false	24	45	NakedSingle,HiddenSingle,LockedCandidatesPointing,ClaimingBoxLineReduction,NakedTriple,FinnedXWing,XWing,NakedPair,UniqueRectangle	.58.....4..9..7.5...1....6...743.1....35..........1.2.....4.3...7.19...8...7.5...	.5861..344693.7.51..1.54.6...74361.51435..6.75.6.71423915.4.376672193548..4765.1.	failures/top1465-0989.png	-	-	-
990	Unique	Unique	true	0	64	HiddenSingle,LockedCandidatesPointing,NakedTriple,NakedSingle	..7.4..9...83..1..3..1........23...6......8.......67...6..1...2..2..79..41.......	127645398598372164346189275971238456654791823283456719769814532832567941415923687	-	-	-	-
991	Unique	Unique	false	53	20	HiddenSingle,LockedCandidatesPointing,NakedPair,NakedSingle,ClaimingBoxLineReduction,XWing,FinnedXWing	..2..6..........31.7.28.5..5...7........1...3..8..26...5...47..3......9.4.7......	..2..6..7..5...231.7.28.5..5...7........1..737.8..26...5...47..3......9.4.7...3..	failures/top1465-0991.png	-	-	-
992	Unique	Unique	false	54	6	HiddenSingle,LockedCandidatesPointing,NakedTriple,ClaimingBoxLineReduction	...84..9.....512.....6...815.......776..9.8....3...4...7..63...83.4.5....2....1..	...84..9.....512.....6...815.......776..9.8....3...4...7..63..883.4.5....2....1..	failures/top1465-0992.png	-	-	-
993	Unique	Unique	false	49	14	HiddenSingle,LockedCandidatesPointing	.....2.8..7.6......1.....92....263.99..7.......8.156......61.4.........35...97...	...1.2.86.7.6.9.3..1.....92...8263.99..7.......89156.4....61.47........35...97...	failures/top1465-0993.png	-	-	-
994	Unique	Unique	true	0	62	HiddenSingle,LockedCandidatesPointing,NakedTriple,NakedSingle	9..6..8...53.8.2..........5..4.1..2..3...4........2.....1..97.3....5...9..87.....	947625831153487296826391475684513927235974168719862354561249783372158649498736512	-	-	-	-
995	Unique	Unique	true	0	66	HiddenSingle,LockedCandidatesPointing,NakedQuad,HiddenPair,NakedSingle	9......4....4...9..3..9.521..9......6..53.4.........5...2..8....1.6.4..2..7..3...	975321846126485397834796521259847163681532479743169258362958714518674932497213685	-	-	-	-
996	Unique	Unique	false	48	18	NakedSingle,HiddenSingle,LockedCandidatesPointing,NakedPair,FinnedSwordfish	1..........6.2.....4....98..5......6.....74....758...3..4..5.9....8..1.27...1....	1.....62...6.2.....4..5.98..5....876.....7459..758.213.14..5.9....87.1.27...1....	failures/top1465-0996.png	-	-	-
997	Unique	Unique	true	0	63	NakedSingle,HiddenSingle,LockedCandidatesPointing,ClaimingBoxLineReduction	.2.3......63.....58.......15....9.3....7........1....8.879..26......6.7...6..7..4	925371486163498725874562391542689137618753942739124658487915263351246879296837514	-	-	-	-
998	Unique	Unique	false	52	15	LockedCandidatesPointing,ClaimingBoxLineReduction,NakedPair,NakedSingle,HiddenSingle	.2..8.1...9....7..5..7...32...2.....1..4..3..98...15.....5..9.......3..6.7.....4.	.2..8.1...9.1..7..5187...32...2.....1..4..3..98...15..8..5..9.......3..6.7..16.4.	failures/top1465-0998.png	-	-	-
999	Unique	Unique	false	53	9	HiddenSingle,LockedCandidatesPointing,NakedPair,NakedSingle,FinnedXWing	..635....8..4......3..2..5.37..8.6.4....3..9.4.......8....67......5...4..8....7.2	..635....8..4......3..2..5.37..8.6.4..8.34.9.4.......8....67......5...4..8..437.2	failures/top1465-0999.png	-	-	-
1000	Unique	Unique	false	53	7	HiddenSingle,LockedCandidatesPointing,NakedSingle,Swordfish	..2.3...7.57......9..4...2..7.3.....3......1858...96...1..9.8........1..7..5....4	..2.35..7.57......9..4..52..7.3.....3...5.71858...96...1..9.8........1..7..5....4	failures/top1465-1000.png	-	-	-
1001	Unique	Unique	false	27	53	HiddenSingle,LockedCandidatesPointing,NakedSingle,NakedPair,UniqueRectangle	...6.13..85.............4......7..523.1.............8..2.....7....1..6.....9.....	.4.651398856349217...728465..4873152381295746.7.416983.2.5.487....1..6.....9..5..	failures/top1465-1001.png	-	-	-
1002	Unique	Unique	true	0	81	HiddenSingle,LockedCandidatesPointing,ClaimingBoxLineReduction,NakedQuad,NakedPair,NakedSingle,XWing,FinnedSwordfish	....3..824.1..................4.65...8.....3....7........5..7..6.....4...3..2....	957134682421869357863275941392416578786952134145783296219548763678391425534627819	-	-	-	-
1003	Unique	Unique	true	0	70	HiddenSingle,LockedCandidatesPointing,NakedSingle	6.....7.3.4.8.................5.4.8.7..2.....1.3.......2.....5.....7.9......1....	618459723342867519579123468296534187784291635153786294927648351861375942435912876	-	-	-	-
1004	Unique	Unique	false	53	12	NakedSingle,HiddenSingle,LockedCandidatesPointing,ClaimingBoxLineReduction	39.6.......6.......4..2.81......5....7..1..2....4......85.4..7.......3.......7.42	39.6...5...6......547.2.816.....5....7..1..2..5.4......85.4..7.7.4...3.......7.42	failures/top1465-1004.png	-	-	-
1005	Unique	Unique	false	54	4	HiddenSingle,LockedCandidatesPointing	.56...3...7.....8.8.3..1..7.1.78.9.....9............432856.........2...5.6...91..	.56...3...7.....8.8.3..1..7.1.78.9.....9........1...4328561........2...5.6...91..	failures/top1465-1005.png	-	-	-
1006	Unique	Unique	true	0	84	HiddenSingle,LockedCandidatesPointing,NakedTriple,NakedSingle,ClaimingBoxLineReduction,NakedPair	.47..........5..2.....1.......3..7.98...........4........7.36..51.....8.2........	147239568398657421652814973421368759839572146765491832984723615513946287276185394	-	-	-	-
1007	Unique	Unique	false	53	9	HiddenSingle,LockedCandidatesPointing,ClaimingBoxLineReduction	..7..69.....73..1....8..6......51..4.3.2..86..........17..9.4...25....8...9....3.	..7..69.....73..1....8..6......51..49312..865.........17..9.4...25....89..9....3.	failures/top1465-1007.png	-	-	-
1008	Unique	Unique	false	55	5	HiddenSingle,ClaimingBoxLineReduction,NakedTriple	..2.....5.1...36.......4.296.9..7.4..2...1..65..4.......6.9.7.2..8....9....3.....	..2.....5.1...36.......4.296.9..7.4..2...1..65.14.......6.9.7.2..8....9....3...6.	failures/top1465-1008.png	-	-	-
1009	Unique	Unique	false	57	9	HiddenSingle,LockedCandidatesPointing,NakedTriple,NakedQuad,FinnedXWing,FinnedSwordfish	...869...1......2..4....7...67..43..9.....2...5.1....8...9..6......17.....5....37	...869...1......2..4...17...67..43..9.....2...5.1....8...9..6......17.....5....37	failures/top1465-1009.png	-	-	-
1010	Unique	Unique	true	0	66	HiddenSingle,LockedCandidatesPointing,NakedSingle,ClaimingBoxLineReduction,NakedTriple	....2..19..16..5.....73.8.4.67....5.3...5........9.....89.......5....4.2.......3.	678524319431689527925731864867412953392856741514397286189243675753168492246975138	-	-	-	-
1011	Unique	Unique	false	44	23	NakedSingle,HiddenSingle,LockedCandidatesPointing,NakedPair,NakedQuad,UniqueRectangle	7.96.8...8..2.5.....6.4......8.1.6.3....2..5......4.1...2.....75.......9.3....8..	7.9638...8142.53.63.6.4..8.24851.6.31.3.2..5...53.4.1...2.....75.......9.3....8..	failures/top1465-1011.png	-	-	-
1012	Unique	Unique	false	52	14	HiddenSingle,ClaimingBoxLineReduction,NakedPair,LockedCandidatesPointing,FinnedXWing	4...5.....81..2..6.............4...2...1...5.....953.7.3.72.8...5...3.6...7..6.3.	4...5.....81..2..6.............4...2...1...5....2953.7.3.72.8.5.5...376...75.623.	failures/top1465-1012.png	-	-	-
1013	Unique	Unique	true	0	73	HiddenSingle,LockedCandidatesPointing,NakedTriple,ClaimingBoxLineReduction,FinnedXWing,NakedPair,NakedSingle	1.5....2..2...5....8..9........8..6.35...4......3...5..1...9..6.......948.2..7...	135748629729635148684291537971582463356914782248376951413859276567123894892467315	-	-	-	-
1014	Unique	Unique	true	0	65	HiddenSingle,LockedCandidatesPointing,NakedTriple,NakedQuad,NakedSingle	.9..3.........826.....7.4...1.7.2......8....3.....697..7........4....5..2..5...8.	492631758753948261861275439316792845927854613584316972175489326648123597239567184	-	-	-	-
1015	Unique	Unique	false	53	16	HiddenSingle,LockedCandidatesPointing	.834.........7..5...........4.1.8..........27...3.....2.6.5....5.....8........1..	.834.52......7..58....8.....4.1.8......5...27...3.7.812.685....5.....8.2......1.5	failures/top1465-1015.png	-	-	-
1016	Unique	Unique	false	50	7	HiddenSingle,ClaimingBoxLineReduction	.673.4.....4..8..78..2....36.....9...5.8......7...9.4.....2..1..4.5....8..64...3.	.673.4.....4..8..78..2..4.36...4.9..4598......7...9.4.....2..14.4.5....8..648..3.	failures/top1465-1016.png	-	-	-
1017	Unique	Unique	false	56	6	HiddenSingle,LockedCandidatesPointing,ClaimingBoxLineReduction	...9.6..44......72..1.......8.37.4..62...8..7....9....73....51...8.5...39........	...9.6..44......72..1.......8.37.4..62...8..7...69....73....51...8.5...39........	failures/top1465-1017.png	-	-	-
1018	Unique	Unique	false	49	15	HiddenSingle,LockedCandidatesPointing,ClaimingBoxLineReduction,NakedTriple,NakedQuad	...1..........84.9..139...5...9.61.....8..9.346.......2.....7...13...2..95.6..3..	.9.1...3......8419..139...5...9.61..1..8..963469...5..2.....7...13...2..95.6..3..	failures/top1465-1018.png	-	-	-
1019	Unique	Unique	false	46	20	HiddenSingle,LockedCandidatesPointing,NakedPair,NakedSingle,ClaimingBoxLineReduction,NakedTriple	.....5.47...3........28.5....352..6...8......6....4.5.24...6..........7..9....1.3	.....5.47...34......428.53...352..6...8..3...6..8.435.24..36..5.....2.7..964.8123	failures/top1465-1019.png	-	-	-
1020	Unique	Unique	false	50	14	HiddenSingle,LockedCandidatesPointing,NakedTriple,NakedSingle,FinnedXWing,NakedPair	8.......9..71..6...3...5......8.6.2.......7..4.3.7...69..2......78.....3..6...9.8	8.......9..71..6...3...5...7..8.632.......7..4.3.72..69..2...67.78...2.3326...9.8	failures/top1465-1020.png	-	-	-
1021	Unique	Unique	false	49	15	HiddenSingle,LockedCandidatesPointing,ClaimingBoxLineReduction,NakedTriple,NakedSingle,FinnedXWing	39....1.............648....5.8.....1.7..2..562..7....3...9.3.6.......2......57..8	39..7.18.......6....648....5.8...721.7..2..562..7.58.3...9.3.6.......2..6..257..8	failures/top1465-1021.png	-	-	-
1022	Unique	Unsolvable	false	39	45	HiddenSingle,LockedCandidatesPointing,ClaimingBoxLineReduction,NakedPair,NakedQuad,NakedTriple,NakedSingle,XWing,UniqueRectangle	28..3.......5...4..........3.....8.2...4.7......1......64....7.....1.3....5......	28..347.....5.824.45.271.8.347...812...4.7.3....1.34.7.643.2.7....81.3.4.3574..2.	failures/top1465-1022.png	35:NakedSingle:D9:7->8	44:LockedCandidatesPointing:A5:-8	35:NakedSingle:placement:D8:-7
1023	Unique	Unique	true	0	76	HiddenSingle,LockedCandidatesPointing,ClaimingBoxLineReduction,NakedTriple,NakedSingle,NakedPair	2......89....57........3..1.....563..2.14....8............9....9.8.3......7....45	253416789681957423794283561419875632326149857875362194562794318948531276137628945	-	-	-	-
1024	Unique	Unique	false	51	9	NakedSingle,HiddenSingle,LockedCandidatesPointing	.4..56...59.1..2....18.........324.6.8.4.....9.......7.....1.3.......7...65....9.	.4..56...59.1..2....18.....157932486.8.4.....9.4.....7.....1.3..1....7...65....9.	failures/top1465-1024.png	-	-	-
1025	Unique	Unique	true	0	64	HiddenSingle,LockedCandidatesPointing,ClaimingBoxLineReduction,HiddenPair,NakedSingle	.4.....8.8....63....9......1...2..393.65.....49...8...5..7.2.9..2..59.........1..	743215986815946327269837415158624739376591248492378561531782694624159873987463152	-	-	-	-
1026	Unique	Unique	false	45	16	HiddenSingle,ClaimingBoxLineReduction,NakedQuad,LockedCandidatesPointing	.36....4...75.........3......49...6.7...4.8..6.....37..59.........1..7594..6.....	.36....4..4756.......43.6....49...6.7...4689.69....374.59...4.6.6.1.475947.6.....	failures/top1465-1026.png	-	-	-
1027	Unique	Unique	false	55	9	HiddenSingle,LockedCandidatesPointing,ClaimingBoxLineReduction,FinnedXWing	.3.....1.69..........593...2....13.............76..28..8.7..19.7..2..6.......5..4	.3.....1.69........7.593...2....13.............76..28..8.7..1927..2..6...2...5..4	failures/top1465-1027.png	-	-	-
1028	Unique	Unique	false	53	12	NakedSingle,HiddenSingle,LockedCandidatesPointing,ClaimingBoxLineReduction,NakedPair	..93.7...2..9....4...8..6....36..41.....1....6....2..913....7.5..6.......7.4.....	..93.7...2..9....43..8..69...36..41.....1....6....2..913.2..7.5..617.....7.4.....	failures/top1465-1028.png	-	-	-
1029	Unique	Unique	false	50	23	HiddenSingle,LockedCandidatesPointing,NakedPair,ClaimingBoxLineReduction,NakedQuad,NakedSingle,FinnedXWing	..6...8..8.......29.7.6......3..4......2..5.14..97........1.6....5.9..84...3....9	5.6.2.8..8......62927.6....2.3..4......2..5414..97........1.6....5.92.84.8.3....9	failures/top1465-1029.png	-	-	-
1030	Unique	Unique	false	54	6	NakedSingle,HiddenSingle,LockedCandidatesPointing,ClaimingBoxLineReduction	..5....1...4..3...2..7.4...5....26....1.6.5...9..7814...9....8...8.2...6......3..	..5..6.1...4..3...2..7.4...5....26....1.695...9.57814...9....8...8.2...6......3..	failures/top1465-1030.png	-	-	-
1031	Unique	Unique	true	0	70	HiddenSingle,LockedCandidatesPointing,NakedQuad,NakedSingle,ClaimingBoxLineReduction,NakedPair	...6.5..........4.857...9...1.9.8...7...361...8....6..3.......4.6.8..5..2.......3	942675381136289745857341926613958472729436158584712639398567214461823597275194863	-	-	-	-
1032	Unique	Unique	false	49	17	HiddenSingle,LockedCandidatesPointing,NakedSingle,ClaimingBoxLineReduction,NakedTriple	....576...4.....1....3...85.8.........4165...6.....2.7..6..9..8.786..........2...	....576...4...6.1.96.3...85.89......7241658..6....82.7..6..9..8.786......9...2...	failures/top1465-1032.png	-	-	-
1033	Unique	Unique	false	54	3	HiddenSingle,LockedCandidatesPointing,NakedQuad	1..5..2.7.5.2....6....7.8......3.98.5....9..3..9....1.3...86...4..9......9..4..68	1..5..2.7.5.2....6....7.8......3.98.5....9..3.39....1.3...86...4..9......9..4..68	failures/top1465-1033.png	-	-	-
1034	Unique	Unique	false	41	25	HiddenSingle,LockedCandidatesPointing,NakedPair,ClaimingBoxLineReduction,NakedQuad,NakedSingle,FinnedXWing	1......9....3.1..4....6.......8.67.9.69......78....4..4....3.575...176.......48..	1......9....3.1..4....6....2..856739369..2...7851394..4..6839575.8.1764....5.48..	failures/top1465-1034.png	-	-	-
1035	Unique	Unique	true	0	63	HiddenSingle,LockedCandidatesPointing,NakedSingle,NakedQuad	.97.68.......741...5.......91.....8...2..1..5.........4...9..7..8.4.....72..8..6.	197568243263974158854312796915236487672841935348759621431695872586427319729183564	-	-	-	-
1036	Unique	Unique	false	52	11	HiddenSingle,LockedCandidatesPointing,NakedQuad,FinnedXWing	..49....25....4....7......8......6.3..1...5.795.......7..5..8.....4.1..9.6.82....	..49...5259...4....7....948......6.3..1...5.795.......7..5..8....54.1..9.6.82...5	failures/top1465-1036.png	-	-	-
1037	Unique	Unique	false	48	20	HiddenSingle,LockedCandidatesPointing,ClaimingBoxLineReduction,NakedPair,NakedTriple,FinnedXWing	..3..8..2.7..4...1..4...9...18.23..57....6.2...6.17........483.3.......75........	..3..8..2.72.4...1..4...9...18.23..57.5..612...6517.98....548393.......75........	failures/top1465-1037.png	-	-	-
1038	Unique	Unique	false	53	20	HiddenSingle,LockedCandidatesPointing,ClaimingBoxLineReduction,NakedPair,NakedSingle,HiddenPair,UniqueRectangle	..2..9.6..4...1.....6.3.4......2......97....3..3...1.5......68.3..5.7...4..1.....	.324.9.6..4.6.1.....6.3.4....4.2...6..971...3..3...1.5......68.3..5.7...4..1.....	failures/top1465-1038.png	-	-	-
1039	Unique	Unique	false	55	8	LockedCandidatesPointing,NakedTriple,NakedSingle,FinnedXWing,HiddenSingle,NakedPair	..2...6..4..9.......5..6.81.8......5.1.........3.79.4.........6....2..73..73.15..	..2...6..46.9.......5..6.81.8......5.1.........3.79.4.....9...6....2..73..73615..	failures/top1465-1039.png	-	-	-
1040	Unique	Unique	false	55	6	HiddenSingle,NakedTriple,NakedSingle,LockedCandidatesPointing	....8.64......5..3.2.9.........49....3......14..7...687.8....2.......5..6...5..8.	.7..8.64......5..3.2.9.........49....3....4.14.57...68758....2.......5..6...5..8.	failures/top1465-1040.png	-	-	-
1041	Unique	Unique	false	53	18	HiddenSingle,LockedCandidatesPointing,FinnedSwordfish	6..3.2....4.....8..........7.26............543.........8.15........8.2........7..	6.83.25...4.....82.2.......7.26.....8......543.4....2728.15........8.2.5......7.8	failures/top1465-1041.png	-	-	-
1042	Unique	Unique	false	34	36	HiddenSingle,LockedCandidatesPointing,ClaimingBoxLineReduction,NakedPair,NakedSingle,UniqueRectangle	1.2.......6.....9..7..41...2..9..6.5....8..4...8..4.....6.2...7...5.....5..8....3	1.2.9857.86.752.9.975.41...2..9..6856...8574.758.64..93.6429.574..5..9..5..8..4.3	failures/top1465-1042.png	-	-	-
1043	Unique	Unique	false	50	10	NakedSingle,HiddenSingle,LockedCandidatesPointing,NakedPair	.8.71.......4...1...9..2.5.3.46.1.........3..2.....6...9...32.7..28..1..6...2....	.8.71.....2.4...1.1.93.2.5.3.46.1...9..2..3..2...3.6..89...32.7..28..1..6...2....	failures/top1465-1043.png	-	-	-
1044	Unique	Unique	false	49	16	HiddenSingle,LockedCandidatesPointing,ClaimingBoxLineReduction,NakedTriple,NakedSingle	.2.7..........13......8.2.1.1..589.3.5..9....4..........8.1...9...932.5.7........	.2.7.........213......8.2.1.1..589.3.5..9....4.9.7.....38.17..9...932.5.79.8..13.	failures/top1465-1044.png	-	-	-
1045	Unique	Unique	false	55	11	HiddenSingle,LockedCandidatesPointing,NakedQuad	.2.....3....1..7...83.6......6.2857...9..7.........46.5...7....4....1..2.....4...	.2.....3....1..7...83.6......6.2857...96.7.......1.46.5...76...4....1..2.....4..7	failures/top1465-1045.png	-	-	-
1046	Unique	Unique	true	0	72	NakedSingle,HiddenSingle,LockedCandidatesPointing,ClaimingBoxLineReduction,XWing,NakedTriple,NakedQuad,FinnedSwordfish	..8.1..2...4689..1..7........9..8.5.8....2.......7.9..3..2...7......74......3...2	698713524524689731137425689419368257875942316263571948341296875982157463756834192	-	-	-	-
1047	Unique	Unique	false	50	11	HiddenSingle,LockedCandidatesPointing,XWing	..8...4.6..2..3.7.....5.2....7192..4..........3.........62....9..154...2.4...98..	..8.2.4.6..2..3.7.....5.2....7192..4.2.3......3.....2...623..49..154...224...98..	failures/top1465-1047.png	-	-	-
1048	Unique	Unique	false	55	3	HiddenSingle	9...5..4......86....5....9.2......3...8..7......1.6...7..6....4..28.9..7.9.....23	9...5..4......86....5.6..9.2......3...8..7......1.6...7..6..9.4..28.9.67.9.....23	failures/top1465-1048.png	-	-	-
1049	Unique	Unique	true	0	63	HiddenSingle,LockedCandidatesPointing,ClaimingBoxLineReduction,NakedPair,NakedSingle	.7...93..............483.618....2....1.....5.3......2.4...9.....69.75.3....6...1.	178569342643721985925483761854312697712946853396857124431298576269175438587634219	-	-	-	-
1050	Unique	Unique	false	50	14	NakedSingle,HiddenSingle,LockedCandidatesPointing,NakedTriple,FinnedXWing,NakedPair	.6.4...8.9.7.3...6....9....5.......4.....37...3.5..16.4......5..8.......35.2.6..9	.6.4..98.9.7.3...68..69....5.......4.....37.5.3.5..1684......5..8.......3512.68.9	failures/top1465-1050.png	-	-	-
1051	Unique	Unique	false	57	2	HiddenSingle,LockedCandidatesPointing	.6.....7....2.85..9....1..2.9....13...65......38.......4..37.6...71....8......7..	.6.....7....2.85..9....1..2.9....13...65.3....38.......4..37.6...71....8......7..	failures/top1465-1051.png	-	-	-
1052	Unique	Unique	false	51	17	HiddenSingle,LockedCandidatesPointing,NakedTriple,ClaimingBoxLineReduction	.6.....4.1......72.5.78........6.9.....5..8..9.3..1.....1......28.3....1.7...4...	.6.....481.8....72.5.78.1..8.5.6.9.....5..8..9.38.1.....1..8...28.3....1.7...4.8.	failures/top1465-1052.png	-	-	-
1053	Unique	Unique	false	55	11	LockedCandidatesPointing,ClaimingBoxLineReduction,NakedPair,HiddenSingle,NakedTriple	.5.24...3.6.....2.8.......94..812.....5........83.5.....6...1..3...792.5...1..7..	.5.24...3.6.9...2.8.......94..812.....5........83.5.....6...1..3...792.5...1..7..	failures/top1465-1053.png	-	-	-
1054	Unique	Unique	false	50	10	NakedSingle,HiddenSingle,NakedPair,FinnedXWing	.5....6...4..7.8....14......8..........15.78.1...2......5..1.2.2..76.5.369.......	.5..1.6...4..7.8....14.....58..........15.78.1...2......5..1.2621.76.5.369....178	failures/top1465-1054.png	-	-	-
1055	Unique	Unique	false	53	18	HiddenSingle,LockedCandidatesPointing,ClaimingBoxLineReduction,NakedTriple,NakedSingle,NakedQuad,XWing	.5......2...9......76..4.9...8..6...1......5...2..31....5.....34.......1...87.6.9	95......2...9......76..4.9...8..69..1......5...2..31....5..1..34.....5.1...875649	failures/top1465-1055.png	-	-	-
1056	Unique	Unique	false	54	9	NakedSingle,HiddenSingle,LockedCandidatesPointing,NakedPair,FinnedXWing	.456...9..........9.3...2.5...29..........7...3.8.4..2.5.38........1.8.6..6.7..1.	.456...9..........9.3.4.2.5...297.........7...3.8.4..2.5.386.......1.8.6..6.7..1.	failures/top1465-1056.png	-	-	-
1057	Unique	Unique	true	0	76	HiddenSingle,LockedCandidatesPointing,HiddenPair,ClaimingBoxLineReduction,NakedSingle,NakedPair	..82.......9..5..771...86.........4.48....9..1...6............1...5.2..39.5.3..7.	658279314349615827712348659597823146486157932123964785234786591871592463965431278	-	-	-	-
1058	Unique	Unique	false	50	14	HiddenSingle,LockedCandidatesPointing,FinnedXWing,NakedTriple,NakedSingle,ClaimingBoxLineReduction,NakedQuad	....7..8...6...5...2...3.61.1...7..2..8..534.2..9.......2......58...6.3.4...1....	...67..8...6...5...2...3.61.14..7.52..812534.2..9.4.....2......58..46.3.4...1....	failures/top1465-1058.png	-	-	-
1059	Unique	Unique	true	0	69	HiddenSingle,LockedCandidatesPointing,NakedSingle	....327...1...........5....1......294.78......6.......5.....43.2..9........1.....	945632718713498265826751394158374629497826153362519847589267431271943586634185972	-	-	-	-
1060	Unique	Unique	false	55	6	HiddenSingle,LockedCandidatesPointing,ClaimingBoxLineReduction,XWing	.....3.5...875...27.3.4...6.9.........1...8.....2.5...9...64..1..7...6...8......4	..9..3.5...875...2753.42..6.9.........1...8.....2.5...9...64..1..7...6...8......4	failures/top1465-1060.png	-	-	-
1061	Unique	Unique	false	40	25	HiddenSingle,LockedCandidatesPointing,NakedQuad,NakedSingle,ClaimingBoxLineReduction	9....34.....6....5.27..9.685....29.....3......7.....52.3.56.........7.4...89.....	9...834.....6.1.951274593685....29.....3.56...7.8.6152.3.568........784..189.45..	failures/top1465-1061.png	-	-	-
1062	Unique	Unique	false	47	25	HiddenSingle,LockedCandidatesPointing,NakedPair,NakedSingle,ClaimingBoxLineReduction,NakedTriple,FinnedSwordfish,UniqueRectangle,FinnedXWing	4...8.....7...2..4..5....1.9....46...32..8......7....338...........4.29...96....7	4...86....7...2.646.54...1.9....46...32.68....647....338..........84329.2496....7	failures/top1465-1062.png	-	-	-
1063	Unique	Unique	false	51	8	HiddenSingle,LockedCandidatesPointing,NakedSingle	.3....6.7.7.....24..4..1....9......3....1..8.....5.7..6.2..4.....32.8.6..4....5..	.3....6.7.7.....24..4..1....9......3....1..8.....5.7..6125.4....532.8461.4.1..5.2	failures/top1465-1063.png	-	-	-
1064	Unique	Unique	false	53	11	HiddenSingle,LockedCandidatesPointing,NakedTriple,NakedSingle,NakedQuad,ClaimingBoxLineReduction,XWing	.2..58..3.........9.5...6..21..9.......7....44...1..6.53..4..2.6.2....35.9.....1.	.2..58..3.........9.5...6..21..9.......7..1.44...1..6.531.4..2.6.2....35.9.....16	failures/top1465-1064.png	-	-	-
1065	Unique	Unique	false	51	14	HiddenSingle,LockedCandidatesPointing,NakedTriple,ClaimingBoxLineReduction,FinnedXWing,FinnedSwordfish	..2..4......8..3..3.5..2.4.4.........8..15..6..7...519...4..6......7...1.....6.5.	8.2..4......8..3..3.5..2.4.451.......8..154.6..7.48519...4..6......7...1.....6.54	failures/top1465-1065.png	-	-	-
1066	Unique	Unique	false	55	8	HiddenSingle,LockedCandidatesPointing,FinnedSwordfish	....2.5..3..8...1......1..261.5......9....87......4....2..9..6.........3861....2.	1...2.5..3.28...1......1..261.5......9....87..3...4....23.9..6.........3861....2.	failures/top1465-1066.png	-	-	-
1067	Unique	Unique	false	54	6	NakedSingle,HiddenSingle,LockedCandidatesPointing,NakedQuad	.7......16....32.....7.269......9..3...5.....5..3.67....8.1.9.4.1.....2.9....5...	.7......16..1.32.....7.269......9..3...5.1...5..3.67....8.179.4.1.....2.9....5...	failures/top1465-1067.png	-	-	-
1068	Unique	Unique	true	0	63	HiddenSingle,LockedCandidatesPointing,ClaimingBoxLineReduction,NakedSingle	.476...5.8.3.....2.....9......8.5..6...1.....6.24......78...51...6....4..9...4..7	947628351863751492125349678734895126589162734612473985478236519256917843391584267	-	-	-	-
1069	Unique	Unique	false	49	11	HiddenSingle,LockedCandidatesPointing,ClaimingBoxLineReduction,FinnedXWing	..96...2.1......3.4.3...6.9.8..1......2.5..91.....7....9....3.2....917....6....8.	..96..12.16.....3.4231..6.9.8..1......2.5..91..1..7....9....312....917...16...98.	failures/top1465-1069.png	-	-	-
1070	Unique	Unique	false	51	8	HiddenSingle,LockedCandidatesPointing,NakedSingle	...9.746..96.5...1.3........21....9......4....75.....2.....2.....36...1.2...8...9	..29.746..9645..21.34...9...21....9......4....75.....2.....2.....36..21.2.7.8...9	failures/top1465-1070.png	-	-	-
1071	Unique	Unique	false	57	5	LockedCandidatesPointing,NakedTriple,ClaimingBoxLineReduction	...3...798.....3...6...1.....4..5.2.....3..9..8.2....523........5.98.6..6..51....	...3...798.....3...6...1.....4..5.2.....3..9..8.2....523........5.98.6..6..51....	failures/top1465-1071.png	-	-	-
1072	Unique	Unique	false	57	4	HiddenSingle,LockedCandidatesPointing,FinnedXWing	...2.3..14....83......9......6.....2..5...8..79.....6.5...4.2....1.....79...65.8.	...2.3..14....83......9...8..6.....2..5...8..79.....6.5...4.2....1.....79...65.8.	failures/top1465-1072.png	-	-	-
1073	Unique	Unique	false	53	12	HiddenSingle,NakedSingle,LockedCandidatesPointing,NakedPair,ClaimingBoxLineReduction,NakedQuad	.....9.8..1........724...6....9.8.4.5...32..........35.3.6..4....9..3..6....1..7.	.....9.8..1........7248156....958.4.5...32..........35.3.69.4....9..3..6....1..7.	failures/top1465-1073.png	-	-	-
1074	Unique	Unique	false	55	4	HiddenSingle,LockedCandidatesPointing,ClaimingBoxLineReduction,NakedSingle	......7..8..3....19.5.8....2...7..4.3...4...6..9..3.5......48..6.89...1...2.5....	1.....7..8..3....19.5.8....2...7..4.3...4...6..9..3.5.5....48..6.89...1...2.5....	failures/top1465-1074.png	-	-	-
1075	Unique	Unique	false	53	15	HiddenSingle,LockedCandidatesPointing,NakedTriple,ClaimingBoxLineReduction,NakedQuad	8.......49...2.1..74......9......41..5...9.7...3...2.8...4......9...5.3....6.1...	8..9....49...241..74......9..9...415.5...9.7...3...298...4......9...5.3....6.1.4.	failures/top1465-1075.png	-	-	-
1076	Unique	Unique	false	50	18	NakedSingle,HiddenSingle,LockedCandidatesPointing,ClaimingBoxLineReduction,NakedPair,UniqueRectangle,FinnedXWing	4.8.....2.....3.....19..8......3.......1...4...5..2....3.546..91....9..67.....4..	4.8.....25....3...3.19..8....7.3.....831...4...5..2...832546..9154..9..67.....4..	failures/top1465-1076.png	-	-	-
1077	Unique	Unique	false	48	19	HiddenSingle,LockedCandidatesPointing,ClaimingBoxLineReduction,NakedTriple	.89.1..3...43.9..6..2...9...9....3.1...8.......572.......9....56.3..41...........	.89.1..3...43.9..6362...91..9....3.1..689......572......193...56.3..41..9..1....3	failures/top1465-1077.png	-	-	-
1078	Unique	Unique	false	51	8	NakedSingle,HiddenSingle,LockedCandidatesPointing	.7..6...59..21..3.......6.42...3.........6..8.1.7.9.5...4.5.2..1.73..........1...	.7..6...59..21.837......6.42...3....7...26..8.1.7.9.52..4.5.2..1.73.2........1...	failures/top1465-1078.png	-	-	-
1079	Unique	Unique	false	51	13	NakedSingle,HiddenSingle,NakedPair,LockedCandidatesPointing,ClaimingBoxLineReduction,NakedTriple,NakedQuad,FinnedXWing,FinnedSwordfish	.3.56...7....4.....59..81......7.8......9.4...2...6.7.3.......1.189.3.....7..5...	.3.56...7....4.....59.381......7.8......9.4...2..56.7.3...8...1.189237....7.15...	failures/top1465-1079.png	-	-	-
1080	Unique	Unique	false	42	28	NakedSingle,HiddenSingle,LockedCandidatesPointing,NakedTriple,ClaimingBoxLineReduction	..7..2...9..3..4..........6.8..7..2..13....4......9.1.7..9.6.....1...8..2....5...	..7..2...9..3..4..........6489173625.13..8947.72..93187.89.6...3.1...8.929.8.5...	failures/top1465-1080.png	-	-	-
1081	Unique	Unique	false	55	7	HiddenSingle,LockedCandidatesPointing,NakedQuad,HiddenTriple	..7...6..8......53.6.4...9775....1....1.3.....9......6...7.2..8.256..........4...	..7...6..8......53.6.4...9775....1...81.3.....9......6...7.2..8.256......78..4...	failures/top1465-1081.png	-	-	-
1082	Unique	Unique	false	49	10	NakedSingle,HiddenSingle,LockedCandidatesPointing	..3..4..2....6..8....1..69718.4.......75.........71...23.8..4.............1...578	..3..4152.1..6.384...1..69718.4..7....75.........718..23.8.74.............1...578	failures/top1465-1082.png	-	-	-
1083	Unique	Unique	false	54	8	HiddenSingle,LockedCandidatesPointing,NakedQuad	.......7...65.1....9.....6.3...8......2.7.4...649....81.....2....9...54..5...3..9	.......7...65.1....9.....6.3...8....982.7.4...649....81...592....9...54..5...3..9	failures/top1465-1083.png	-	-	-
1084	Unique	Unique	false	54	10	HiddenSingle,LockedCandidatesPointing,ClaimingBoxLineReduction	5...8..13.1....7..8..4........8...94....23...9.......7..6.54.39..2..6.....5.....1	5...8..13.1....7..8..4........8...94...923...9...4...7..6.54.39..2..6.....5..8..1	failures/top1465-1084.png	-	-	-
1085	Unique	Unique	true	0	65	HiddenSingle,NakedSingle,LockedCandidatesPointing,NakedPair,ClaimingBoxLineReduction,FinnedSwordfish	.634.....9...........9..25.........96.9...54........7..176....5.8.2.3.6.....74.2.	163425798925867314748931256432756189679182543851349672217698435584213967396574821	-	-	-	-
1086	Unique	Unique	false	54	17	HiddenSingle,LockedCandidatesPointing,NakedPair,NakedSingle,ClaimingBoxLineReduction,NakedTriple	..58.19.........2..6.7...3.9.7..6.........14.8.......3...61......4..7...62..9...4	.358.19......6..2..6.7...3.9.7..6....5....14.8.......3...614.....4..7...62..9...4	failures/top1465-1086.png	-	-	-
1087	Unique	Unique	false	56	5	HiddenSingle,LockedCandidatesPointing,NakedTriple,FinnedSwordfish	..1.......2..8.3.1..4.63......4...3.....95...9....16.2.6....4.7..57.....7....98..	..1.......2..8.3.1..4163......4...3.....95...9....16.2.6....4.7..57.....7....98..	failures/top1465-1087.png	-	-	-
1088	Unique	Unique	false	54	8	HiddenSingle,LockedCandidatesPointing,FinnedXWing	...9.....9.3..18.2....3.5....7....688...6..3..4...5...2.......3..175.........41..	...9..3..9635.18.2....3.5....7....688...6..35.4...5...2.......3..175.........41..	failures/top1465-1088.png	-	-	-
1089	Unique	Unique	false	52	12	HiddenSingle,LockedCandidatesPointing,NakedSingle,ClaimingBoxLineReduction,NakedTriple,NakedQuad	....1...3.7...2..5..5697...7.93..8..6..1...9.....7.2..5......6...894....1........	....1..73.7..32..5..5697...7.93..8..6..1...9.....792.65...8..6...894....1........	failures/top1465-1089.png	-	-	-
1090	Unique	Unique	false	50	10	NakedSingle,HiddenSingle,ClaimingBoxLineReduction,FinnedXWing	..4.3....5...........9.47...1..758.4.6....2..24...1...9......1..2...6..7..1.5...8	..453....5...........9.47..319275864.6....2.124...1...95.....1..2...6..7..1.5...8	failures/top1465-1090.png	-	-	-
1091	Unique	Unique	false	55	11	HiddenSingle,LockedCandidatesPointing,NakedPair,NakedSingle,ClaimingBoxLineReduction	....1..8.......5..6..348..1.7......6...96....42....9...4..72...7.1....3....8...5.	....1..8.......5..6..348..1.7......6...96....426...9...4..72...7.1....3..6.83..5.	failures/top1465-1091.png	-	-	-
1092	Unique	Unique	false	38	32	HiddenSingle,NakedQuad,LockedCandidatesPointing,ClaimingBoxLineReduction,NakedSingle,NakedPair	.....9..319.....758...7..6....4.1...4...2.....7......8..7..51..2......37.16......	76...9..319..4..758...7.96....4817..48..273...7......8347.651..258..463791673.5..	failures/top1465-1092.png	-	-	-
1093	Unique	Unique	true	0	64	HiddenSingle,LockedCandidatesPointing,ClaimingBoxLineReduction,NakedPair,NakedSingle	.....1...84...75....5....8......9.23...26.7......7..5.7....24....8....35.21.....8	967581342842397561135624987674159823513268794289473156756832419498716235321945678	-	-	-	-
1094	Unique	Unique	false	48	18	HiddenSingle,LockedCandidatesPointing,NakedPair,ClaimingBoxLineReduction,NakedSingle,FinnedSwordfish	.........9.....2.4645.......16..2..3...9..7.2.....8.6....5...1...73.....3....95.6	......6..9..6..2.4645.......16.52..3...9..7.2.9..38.6..695..31.1573.....3....95.6	failures/top1465-1094.png	-	-	-
1095	Unique	Unique	false	54	7	HiddenSingle,LockedCandidatesPointing,NakedQuad,FinnedXWing	7.4.6.8..25..4...1.....7......8...5..6..251.7...1..28......3.6.9.........25...4..	7.4.6.8..25..4...1.....7.....28...5..6..251.75..1..28......3.6.9.........25...4..	failures/top1465-1095.png	-	-	-
1096	Unique	Unique	false	53	9	HiddenSingle,LockedCandidatesPointing	7.....3..1...5.9..4..6....1.....98..264.........7...5.6....8.....2.6..9..3..4...2	7.....3..1...5.9..4..6....1...4.98..264.....9...7.6.5.6..2.8.....2.6..9..3..4.6.2	failures/top1465-1096.png	-	-	-
1097	Unique	Unique	false	54	18	HiddenSingle,LockedCandidatesPointing,NakedQuad	6..3.2....4.....1..........7.26............543.........8.15........4.2........7..	6..3.2....4.....12.2.4.....7526.4..........543.4....2728.15........4.2..4.....7..	failures/top1465-1097.png	-	-	-
1098	Unique	Unique	false	58	9	HiddenSingle,LockedCandidatesPointing,NakedTriple,NakedQuad	.4.5.2...........1....9..6..5.43..7..62...........1..321.8....4.......5..98.7....	.4.5.2...........1....9..6..5.43..7.362...........1..321.8....4.......5..98.7....	failures/top1465-1098.png	-	-	-
1099	Unique	Unique	false	50	12	HiddenSingle,LockedCandidatesPointing,ClaimingBoxLineReduction,NakedPair	.364.2...8......4...278.....2...873.6....49.87..6..........7.1....1..3..2....6..5	.364.2...8...6..4...278.....2..187366...749.87..6.....3....7.1....1..3..2....6..5	failures/top1465-1099.png	-	-	-
1100	Unique	Unique	false	44	23	NakedSingle,HiddenSingle,LockedCandidatesPointing,NakedPair,UniqueRectangle	..2..4....46...8.11.......4..5..8..6...9..5...8.41.......7..2..9......6....3....8	8.21.46...465..8.11.968...4.952.8..6...9..58.68.415..2..87..2..9..8...6....3....8	failures/top1465-1100.png	-	-	-
1101	Unique	Unique	false	47	20	HiddenSingle,LockedCandidatesPointing,NakedTriple,ClaimingBoxLineReduction,NakedPair,NakedSingle,NakedQuad	......2..1...34...4..9.5......2..98...4.1....5.....3..65.......9..7.......14....6	...1..2..1...34...4..925...71.24.985..451....5.....3..65.3..4..94.76....2.145...6	failures/top1465-1101.png	-	-	-
1102	Unique	Unique	true	0	75	HiddenSingle,LockedCandidatesPointing,NakedPair,NakedSingle,NakedQuad,HiddenPair,UniqueRectangle,ClaimingBoxLineReduction,NakedTriple	.579......9......42.......6.....9.7..3.7...8..1..3.96.....24.5...3..........68...	457916823396285714281473596825649371639751482714832965178324659563197248942568137	-	-	-	-
1103	Unique	Unique	false	51	13	HiddenSingle,LockedCandidatesPointing,ClaimingBoxLineReduction,NakedPair,NakedSingle	.56.7........91.579........28....3......1.......2.4.9...16.9.2.3.....5....9....4.	.56.7.9......916579........28.9..3...9..1.......2.4.9...16.9.2.3..1..5.9..9...14.	failures/top1465-1103.png	-	-	-
1104	Unique	Unique	false	49	20	LockedCandidatesPointing,NakedSingle,HiddenSingle,ClaimingBoxLineReduction,NakedPair,NakedTriple,FinnedXWing,FinnedSwordfish	.5....1.....16..7....5.9.3.5.9..........3.2.72..4...6..4...1.....7.4...8.6.3.8...	.5....1...9.16..7....5.9.3.579..........352.72..4.7.6..4...1.2...7.4..5896.3.87..	failures/top1465-1104.png	-	-	-
1105	Unique	Unique	false	47	13	NakedSingle,HiddenSingle,LockedCandidatesPointing	.1.....4...9..2...26...7..972.5..8....1...5......1..2....42.....368..1..........3	.1....24...9..2...26.1.73.972.5..8....12..5......1..2.1..423...4368..1.2..2..14.3	failures/top1465-1105.png	-	-	-
1106	Unique	Unique	true	0	80	HiddenSingle,LockedCandidatesPointing,ClaimingBoxLineReduction,NakedTriple,NakedSingle	...5..28.74.......6...........3.2.5.1.......4...8......2....3......6...7....1....	319574286748629531652138749467392158183756924295841673926487315831265497574913862	-	-	-	-
1107	Unique	Unique	true	0	64	HiddenSingle,LockedCandidatesPointing,ClaimingBoxLineReduction,NakedPair,NakedSingle	...45......1....5..93..6..8...64..1.......8..7..3.2.....9.3...6...8....21.6....73	867459321421783659593126748935648217612975834748312965279531486354867192186294573	-	-	-	-
1108	Unique	Unique	false	57	6	HiddenSingle,LockedCandidatesPointing	37.6.......9.......2..8.65......5....6..1..8....4......98.2..4.......3.......7.12	3756.....689.......2..8.65......5....6..1..8....4......98.2..4.......3.......7.12	failures/top1465-1108.png	-	-	-
1109	Unique	Unique	false	43	21	HiddenSingle,LockedCandidatesPointing,FinnedXWing,NakedTriple	.6.184.9...8...4.....5.9...7.........4.......9.6.5...1......84.4...237.......8..6	.6.184.9..98...4....45.9..87..8....484.......9.6457.816...1584.48.6237......48..6	failures/top1465-1109.png	-	-	-
1110	Unique	Unique	false	48	19	HiddenSingle,LockedCandidatesPointing,ClaimingBoxLineReduction,NakedPair,NakedSingle,NakedTriple	8..3....19.2.........56...4..8..4.65...7....32.6..........1........8.5427........	8..3....19.2......13756...43.8..4.65..17.6..32.6..........1....6139875427........	failures/top1465-1110.png	-	-	-
1111	Unique	Unique	false	55	10	NakedSingle,LockedCandidatesPointing,NakedPair,ClaimingBoxLineReduction	37.6.......9.......2..8.16......5....9..1..8....4......58.6..9.......3.......7.42	3716...2...9.......2..8.16......5....9..1..8....4......58.6.791......35......7.42	failures/top1465-1111.png	-	-	-
1112	Unique	Unique	false	42	27	HiddenSingle,LockedCandidatesPointing,NakedPair,ClaimingBoxLineReduction,NakedTriple,NakedSingle,FinnedSwordfish	2.3..............8...5.4.6.9.1..........4...653.9...8.....3.......1.76.4.57.9.1..	2.3..9..5..5..3..8...5.4.6.9.1.5.......34159653.9...81....358793..1.7654.57.9.1..	failures/top1465-1112.png	-	-	-
1113	Unique	Unique	false	42	25	HiddenSingle,LockedCandidatesPointing,ClaimingBoxLineReduction,NakedPair,NakedSingle,XWing,FinnedSwordfish	2.....9.6...7...4......93....4......3.....5.959.6...7....4.76...4...5.....1.3..2.	2..3419.6...7...4.4..2.93.7..459....3..8745.959861..7....4.76.1.4.1.5.....193..2.	failures/top1465-1113.png	-	-	-
1114	Unique	Unique	false	29	46	HiddenSingle,LockedCandidatesPointing,NakedSingle,NakedQuad,NakedPair,XWing	.5..4.3..2......7.............6.2.8..31.........7.....6..2...........4.3....1.5..	15..4.3..2.4..3.7.3.9.2..4.495632.8.7314892568..7519346432.5.1.51....4.39.831456.	failures/top1465-1114.png	-	-	-
1115	Unique	Unique	true	0	67	HiddenSingle,LockedCandidatesPointing,ClaimingBoxLineReduction,NakedTriple,NakedSingle,NakedPair	..5.9..4...7....8....2.8..36..3...2.......7.4..1..........4795....8.....8.......6	285193647937465281164278593678354129523981764491726835312647958756839412849512376	-	-	-	-
1116	Unique	Unique	false	53	23	HiddenSingle,NakedSingle,LockedCandidatesPointing,ClaimingBoxLineReduction,NakedPair,NakedTriple,NakedQuad,HiddenPair,UniqueRectangle,XWing,FinnedXWing	......7.2..7.5.....3..69...5..6....8.....413..1........768......5..9.42..9..3....	......7.2..7.5.....3.769...52.6..9.8.....413..1....2...768......5.19.42..9..3....	failures/top1465-1116.png	-	-	-
1117	Unique	Unique	false	48	14	HiddenSingle,FinnedXWing,LockedCandidatesPointing,NakedSingle	.......9..6...17..9.....2...1.3.26......7...87...4..1.2...39.6..8.......4..82....	1......96.6...17..9...6.2.1.1.3.26.....175..87...4..1.2.1.3986..8..1....4..82.1..	failures/top1465-1117.png	-	-	-
1118	Unique	Unique	false	53	10	HiddenSingle,LockedCandidatesPointing,ClaimingBoxLineReduction	..........2..1.63....4..2...8..7...5.....4..7..68...4.9..........425.7....1693...	.4........2..1.634...4..2..48..7...5.....4..7..68...4.9...4......425.7....16934..	failures/top1465-1118.png	-	-	-
1119	Unique	Unique	false	55	15	HiddenSingle,LockedCandidatesPointing,ClaimingBoxLineReduction,FinnedSwordfish,NakedTriple	1...3.8.....9...2....2.5.6...63....5.8..9......7...1....5......6298.......8.6.4..	1.2.3.8.....9...2....2.5.6...63....5.81.9......7...1....5......6298...1...8.6.4..	failures/top1465-1119.png	-	-	-
1120	Unique	Unique	true	0	69	LockedCandidatesPointing,NakedTriple,NakedSingle,HiddenSingle,ClaimingBoxLineReduction,NakedPair,UniqueRectangle	.5....8......4..2.6...8...1...........6.....7.1.4325.....3...9..421.93....58...7.	251697843378541629694283751483765912526918437719432586167354298842179365935826174	-	-	-	-
1121	Unique	Unique	true	0	71	HiddenSingle,LockedCandidatesPointing,NakedTriple,ClaimingBoxLineReduction,NakedQuad,NakedSingle	...74...8.96..........2..4.....576..8......21..34........3.....124....5.......7..	251746938496831275738529146942157683875963421613482597567394812124678359389215764	-	-	-	-
1122	Unique	Unique	false	53	16	NakedSingle,HiddenSingle,LockedCandidatesPointing,ClaimingBoxLineReduction,NakedPair,NakedQuad,FinnedXWing	39.6.......6.......4..8.52......5....2..1..9....4......18.6..4.......9.......7.32	39.6.......6...3.9.4..8.526.....5....2..1..9....4...5..18.6.745......96......7.32	failures/top1465-1122.png	-	-	-
1123	Unique	Unique	true	0	78	HiddenSingle,LockedCandidatesPointing,NakedSingle,NakedPair	2.3.8....8..7...........1...6.5.7...4......3....1............82.5....6...1.......	273681495891754263546392178169537824485269731327148956734916582958423617612875349	-	-	-	-
1124	Unique	Unique	false	50	19	HiddenSingle,LockedCandidatesPointing,NakedTriple,ClaimingBoxLineReduction,NakedQuad,XWing	.8....1.9.7..54......9....3..2...8......87..1.9...5...259...........9.1.3......4.	.8....1.997..54....2.9.84.3..2.9.8......87.91.9...5..4259.4.........9.1.3.....94.	failures/top1465-1124.png	-	-	-
1125	Unique	Unique	false	46	23	HiddenSingle,LockedCandidatesPointing,NakedTriple,ClaimingBoxLineReduction,NakedSingle,FinnedXWing,NakedPair	.6..7....2...4.......5.14...8..1.....1.3..247..7...9.......8.968.....3...562.....	.6..72...2...4......85.14...82.1....61.38.247..762.9...23.58.968.....3...562....4	failures/top1465-1125.png	-	-	-
1126	Unique	Unique	true	0	62	HiddenSingle,LockedCandidatesPointing,ClaimingBoxLineReduction,NakedSingle	.5..2.3.66.93..42.2............1...4.46....89.1..........8........1...7.5..46...8	158724396679381425234596817892613754346275189715948263967832541483159672521467938	-	-	-	-
1127	Unique	Unique	false	56	4	LockedCandidatesPointing,HiddenSingle,NakedQuad	..1.3..2.....7.6...5.6.1...7...4..3...4..51.8.8...6.........8.2.3...7...5..4...9.	..1.3..2.....7.6...5.6.1...7...4..3...4..51.8.8...6........38.2.3...7...5..4...9.	failures/top1465-1127.png	-	-	-
1128	Unique	Unique	false	51	13	NakedSingle,HiddenSingle,LockedCandidatesPointing,ClaimingBoxLineReduction,NakedQuad,HiddenPair	...8....974..6.8.........3...841..5...925...............7..86...6....2.45.......1	...8....974..6.812.......3...841..5...925...8....8..2...7..8695.6....2.45.....3.1	failures/top1465-1128.png	-	-	-
1129	Unique	Unique	true	0	68	HiddenSingle,LockedCandidatesPointing,NakedPair,NakedSingle,ClaimingBoxLineReduction,NakedTriple	......7..2...........5.9.1...9.5..46...8....7..5..3...87.4..65..2......86..3.....	596128734218734965347569812789251346132846597465973281871492653923615478654387129	-	-	-	-
1130	Unique	Unique	false	52	16	HiddenSingle,LockedCandidatesPointing,ClaimingBoxLineReduction,NakedQuad,NakedSingle,NakedPair	........673.8....1..8.1.9....42.....9...5....2..3..7..39..4.........5...84...3.62	....3...673.82...1..8.1.9....42.....9.3.5....2..3..7..39..42.......85...84...3.62	failures/top1465-1130.png	-	-	-
1131	Unique	Unique	false	39	27	NakedSingle,HiddenSingle,LockedCandidatesPointing,ClaimingBoxLineReduction,NakedPair,NakedQuad,UniqueRectangle,FinnedXWing	38....1...6..9......2....9.41....9....8.....29.......8.....3.57....86......1.4.2.	389...1...64.9.28...2....9.41....9..6.8..9..292......884192365729..86..1.361.4829	failures/top1465-1131.png	-	-	-
1132	Unique	Unique	false	52	13	HiddenSingle,LockedCandidatesPointing	1.9.....8.4...9.....6..5.2.........1....62.45.6..74...82.........13...........519	1.9.....8.4...91....6.1592.........1.1..62.45.6.174...82...1.....13...........519	failures/top1465-1132.png	-	-	-
1133	Unique	Unique	false	57	3	HiddenSingle,LockedCandidatesPointing	.8.3.......2......6....1..4..7..4...5.......6.1.2.9.7.....5..87.3...7.9...14.....	.8.3.......2......6....1..4..75.4...5......46.1.2.9.7.....5..87.3...7.9...14.....	failures/top1465-1133.png	-	-	-
1134	Unique	Unique	false	49	15	HiddenSingle,LockedCandidatesPointing,ClaimingBoxLineReduction,NakedTriple	.4...2...3.....7..8......215...3.1...29....5...1..9......5......6..8.3.5...9..6..	.4...2.3.3.2...7..8..3...215..23.1.9.29....53.31.59......5.....26..8.395...9..6..	failures/top1465-1134.png	-	-	-
1135	Unique	Unique	false	42	23	NakedSingle,LockedCandidatesPointing,HiddenSingle,ClaimingBoxLineReduction,NakedPair	..2..9.3.8.......4..95....8..........8365....46..71..3.18.3.2.7.........7......1.	6.2..9.318.......4..95....8....9.4..983654172465271..3518936247.........7......1.	failures/top1465-1135.png	-	-	-
1136	Unique	Unique	false	51	16	HiddenSingle,LockedCandidatesPointing,NakedTriple,NakedSingle,NakedPair,HiddenPair	......8....6.1.....8.5...6.....2.4.....4.9..37.....5..82....3...417....9.5..3...4	......8....6.1.....8.5...6.....274..2.8459..37.4...5..82....3..3417....965..3...4	failures/top1465-1136.png	-	-	-
1137	Unique	Unique	false	52	7	HiddenSingle,XWing	7......6.12..........28.31..4.6..8..9.5..42............5..4........75....7.3..4.8	7......6212.....8.5..28.31..4.6..8..9.5..42.........4..5..4....4...75....7.3..458	failures/top1465-1137.png	-	-	-
1138	Unique	Unique	false	56	14	HiddenSingle,LockedCandidatesPointing,NakedTriple,ClaimingBoxLineReduction,FinnedXWing,FinnedSwordfish	2..81.....48..9..5...........1....3..9...2..7...13.4....624.........67........95.	2..81.....48..9..5...........1....3..9...2..7...13.4..9.624.........67.......1956	failures/top1465-1138.png	-	-	-
1139	Unique	Unique	false	55	11	HiddenSingle,LockedCandidatesPointing,FinnedXWing,FinnedSwordfish	1..5...2....28..6...7...8..2..7.5..34.............39....6..8.....9.7.5.....4.9..7	1..5...2....28..6..27...8..2..7.5..34.............39....6..8.....9.725....24.9..7	failures/top1465-1139.png	-	-	-
1140	Unique	Unsolvable	false	16	59	NakedSingle,HiddenSingle,LockedCandidatesPointing,NakedPair,NakedTriple,HiddenPair,UniqueRectangle,NakedQuad,FinnedXWing,FinnedSwordfish,ClaimingBoxLineReduction	..85...6..........9...184......2....8.714...214.8..65.6....3....3..8.......2.71..	218574.6..643925..97361842.3967258..857146..21428396576219537..739481..54852671..	failures/top1465-1140.png	26:HiddenSingle:E7:5->9	22:NakedQuad:G7:-5	22:NakedQuad:elimination:G7:-5
1141	Unique	Unique	true	0	67	HiddenSingle,LockedCandidatesPointing,ClaimingBoxLineReduction,NakedSingle,NakedPair,FinnedXWing	..8.6.........9...36..12.....7....51.35.....91...8...2.....34..95.6.1..3.......9.	528367914741859236369412578287934651435126789196785342812593467954671823673248195	-	-	-	-
1142	Unique	Unique	false	50	17	HiddenSingle,LockedCandidatesPointing,NakedSingle,NakedTriple,ClaimingBoxLineReduction	..2...358.....7...86...........8.2.47...1.....59......5..6....3.8.13..6......98..	.724..358...8.7...86...........852.47.8.1..3..59....8.5..6.8..3.8.13..6......98..	failures/top1465-1142.png	-	-	-
1143	Unique	Unique	false	45	17	HiddenSingle,LockedCandidatesPointing,NakedSingle,NakedPair	...627.....3...1..95.......8.......7.3..19....6.3.8...5......9..97....86..6.....4	...627...673..5142952...6788.......7.34.19865.6.3.8...5......9..97....86..6.....4	failures/top1465-1143.png	-	-	-
1144	Unique	Unique	false	52	11	HiddenSingle,ClaimingBoxLineReduction,NakedQuad,HiddenPair,UniqueRectangle,NakedSingle,FinnedXWing	63......4..5......74..3..6..2.4.5........19......6...7..4.2..9.25.9.8......5..1..	63..5...4..5......74..3..6..2.4.5...4....195.5...6.4.7..4.2..9.25.9.8......5..1..	failures/top1465-1144.png	-	-	-
1145	Unique	Unique	false	51	14	HiddenSingle,LockedCandidatesPointing,NakedTriple,FinnedXWing	...7...6.83....7....9...8......4.68..71......6....2.1.59.4......4..73........69..	...7...6.83....7..769...8.....14768..71......6...92.1759.4......4.973........69..	failures/top1465-1145.png	-	-	-
1146	Unique	Unique	false	20	48	HiddenSingle,LockedCandidatesPointing,NakedSingle,NakedPair,ClaimingBoxLineReduction,UniqueRectangle,FinnedSwordfish	...5....7.6..21..5....8...1.41..........92...57....2..41..6.8...........7.5..4.62	1.254..87867.21.45.54.87.21241.5379....79251457941.23.413265879.2.17.4537.5.34162	failures/top1465-1146.png	-	-	-
1147	Unique	Unique	false	49	11	HiddenSingle,LockedCandidatesPointing,FinnedSwordfish	...4.........61.7.....984....16.9..2.5...39..3..7....57.3..6.8..18...7....4.....9	...4...9.....61.7...7.9845..71659..2.5...39.73..7....57.3..6.8..18...7....4.....9	failures/top1465-1147.png	-	-	-
1148	Unique	Unique	false	41	25	HiddenSingle,LockedCandidatesPointing,NakedSingle,NakedTriple,NakedQuad,FinnedSwordfish	...27...98...........4.8..132...69.......9.3.7..1....2..........948....6.789...2.	...27...98..39....9..468..132...69......29.3.7.91.3..22..6.7.9..94832..66789.4.23	failures/top1465-1148.png	-	-	-
1149	Unique	Unique	false	54	4	HiddenSingle,FinnedSwordfish,LockedCandidatesPointing	.7.6..4..9.2....71....2.......3.9..83..4....7....6.2..7.19..5...93..5...5...4....	.7.69.4..9.2....71....2.......3.9..83..4.2..7....6.2..7.19..5...93..5...5...4....	failures/top1465-1149.png	-	-	-
1150	Unique	Unique	true	0	72	HiddenSingle,LockedCandidatesPointing,ClaimingBoxLineReduction,NakedPair,NakedSingle,UniqueRectangle	.6....7.....4.1..3.7..289....6.....2...38......7..4..5.91.6.3...5.........41.....	162953748589471263473628951946517832215386479837294615791865324358742196624139587	-	-	-	-
1151	Unique	Unique	false	39	28	HiddenSingle,LockedCandidatesPointing,NakedSingle,ClaimingBoxLineReduction,NakedPair,NakedTriple,FinnedSwordfish	.32....6....6.9...9..2...437...849....4.....6.5..1.....9.8......2...37..5......9.	132..85698456392..9..2518437...849..384...1.6259.16....9.8......2...37..5......9.	failures/top1465-1151.png	-	-	-
1152	Unique	Unique	false	52	9	HiddenSingle,LockedCandidatesPointing,ClaimingBoxLineReduction,HiddenPair,FinnedSwordfish	.3...1...8....2.....279...5....7...8.1..8..2......397..574...1..8...9.....6.....4	.3...1...87...2.....279...5....7...871..8..2.5.8..397..574...1..8...9.....6..7..4	failures/top1465-1152.png	-	-	-
1153	Unique	Unique	true	0	60	HiddenSingle,LockedCandidatesPointing,NakedTriple,NakedSingle	..43.1.7...2...3..8.......1....9..2..2...8.6...5.7.1...4..5..9......76...9...67..	954381276172469385863725941417693528329518467685274139746152893538947612291836754	-	-	-	-
1154	Unique	Unique	false	56	4	HiddenSingle,LockedCandidatesPointing,NakedQuad	....7....2..8....7.....6.5.....9.43...9.....8..41....65..7...6...7.1...33..6...8.	....7....2..8....7.....6.5.....9.43...9.6...8..41....65..7...6...7.1...33..6..78.	failures/top1465-1154.png	-	-	-
1155	Unique	Unique	false	48	19	HiddenSingle,LockedCandidatesPointing,ClaimingBoxLineReduction,NakedQuad	.....534.3849...............15.3.9........1.2....2..8.....8..139.7.........6...5.	..9..534.3849............9.215.3.9.....59.132.93.2..8.....89.139.7.5.......6...59	failures/top1465-1155.png	-	-	-
1156	Unique	Unique	true	0	71	LockedCandidatesPointing,NakedPair,ClaimingBoxLineReduction,NakedTriple,NakedSingle,HiddenSingle	.....46...9..2......13.9...........87..6....1.3.59...........7...2....5.6..1..83.	357814629896725413241369785965271348728643591134598267513486972482937156679152834	-	-	-	-
1157	Unique	Unique	true	0	65	NakedSingle,HiddenSingle,LockedCandidatesPointing,ClaimingBoxLineReduction,NakedPair	8...9...7...6..9.....3...8.....5..3........527.1..6...4........3...798...9.....13	825491367173685924946327581289754136634918752751236498418563279362179845597842613	-	-	-	-
1158	Unique	Unique	false	49	8	HiddenSingle,LockedCandidatesPointing,FinnedXWing	8....1......4.8..3.6..5.2.1.....79...19..5..42...8....5.8...3.2.3......8.2..3.7..	8....1......4.8..3.6..5.281.8...79...19..58.42...8....5.8...3.2.3.5.2..8.2.83.7..	failures/top1465-1158.png	-	-	-
1159	Unique	Unique	false	53	11	HiddenSingle,LockedCandidatesPointing,HiddenPair	7..1.......9..3.5.......824....451..3.....4...7.2...9.2...8...6.3.7.....4.6......	7..1.......9..3751..3...824....451..3.....4...742...9.2.7.8...6.3.7.....4.6......	failures/top1465-1159.png	-	-	-
1160	Unique	Unique	false	54	7	HiddenSingle,LockedCandidatesPointing	.6.9......1...4..5.....539....581.....17.3.4...8........2...81.....2...763.......	.6.9......1...4..5.....539...6581.....17.3.48..8........2...81.18..2...763.......	failures/top1465-1160.png	-	-	-
1161	Unique	Unique	false	54	11	HiddenSingle,LockedCandidatesPointing,ClaimingBoxLineReduction,NakedTriple,HiddenPair	.6...........5182.2.....5.9.7...3......1.....9..7682.....6...3...49...5..12.....4	.6...........518262....65.9.7...3....2.1.....9..7682.....6...3...49...5..12.....4	failures/top1465-1161.png	-	-	-
1162	Unique	Unique	false	54	8	HiddenSingle,LockedCandidatesPointing,NakedTriple	.2.....8....87....5....2.6........5..6.2..4....1..3......9.6.3..4...5.78..5..7..9	.2.56..8....87....5....2.6........5..6.25.4...51..3......9.6.3..4...5.78..5..7..9	failures/top1465-1162.png	-	-	-
1163	Unique	Unique	false	53	11	HiddenSingle,LockedCandidatesPointing,FinnedXWing,FinnedSwordfish	..3.......5..8...7874..5.........796.18.9.......2.......63....24.16........8.43..	..3.......5..8...7874..5........8796.18.9.......2......863....24316........8.436.	failures/top1465-1163.png	-	-	-
1164	Unique	Unique	false	57	6	NakedSingle,LockedCandidatesPointing	2..3..1.4..6...5.2.7.2.....8....23......4.6..7..9........65...........1..394.7...	2..3..1.4..6...5.2.7.2.....8....23......4.6..7..9........65.......8...1..394.7...	failures/top1465-1164.png	-	-	-
1165	Unique	Unique	false	51	15	HiddenSingle,LockedCandidatesPointing,NakedPair,ClaimingBoxLineReduction,NakedSingle	2....8.5...3....6..7...2..4..6..73.....24...7.8.6...........4.....19....91......3	2....875...3...268.7...2.34..6..73.....24.687.8.6...........4.....19...691...6..3	failures/top1465-1165.png	-	-	-
1166	Unique	Unique	false	50	13	HiddenSingle,LockedCandidatesPointing,NakedPair,FinnedSwordfish	.95..3...3..16....71.9.4....2....87.1..4....3.........8.....3.7....9...4.32....6.	295..3...3..16.7..7169.4.38.2....87.1..4....3.........8.....3.7...39..84.32....6.	failures/top1465-1166.png	-	-	-
1167	Unique	Unique	true	0	76	NakedSingle,HiddenSingle,LockedCandidatesPointing,NakedTriple,FinnedSwordfish	.89.2.......4..5...........16...7......5...89.......2.7.....3..4..6.........9....	589726134217439568643851972162987453374512689958364721795248316421673895836195247	-	-	-	-
1168	Unique	Unique	false	40	38	HiddenSingle,LockedCandidatesPointing,NakedPair,ClaimingBoxLineReduction,NakedQuad,NakedSingle,UniqueRectangle,NakedTriple,FinnedXWing	.53.......765......8...1.69..1.....8....562.....2.4....3.8..7....79...8.........1	.53.......765......8.731569..1397.58..81562....5284....3.8127...179.3.8.8...75..1	failures/top1465-1168.png	-	-	-
1169	Unique	Unique	false	51	10	NakedSingle,HiddenSingle,LockedCandidatesPointing,ClaimingBoxLineReduction	......35.....78...........1.186...7.64.........5.9..2...9.8.....7...64..2..4....7	..7...35.....78.........7.19186..57.642......735.9..2.4.9.8.....7...64..2..4....7	failures/top1465-1169.png	-	-	-
1170	Unique	Unique	false	51	17	NakedSingle,LockedCandidatesPointing,NakedPair,ClaimingBoxLineReduction,HiddenSingle	8...1...6.23..9.........78......84..2......3.....5...96784..1.....5.....4....6...	8...1...6723..95......4578.5....84..2......35....5...967849.15....5.....4....6...	failures/top1465-1170.png	-	-	-
1171	Unique	Unique	false	46	19	NakedSingle,HiddenSingle,LockedCandidatesPointing,ClaimingBoxLineReduction,NakedPair,NakedTriple,FinnedXWing	5...........6.3.2..9451....94.3....7.........1....6..8....3279..8.9.1...........3	5..28..7....6.3.2.294517..694.3.8..7...1.....1....6..8...83279..8.9.1.....9.65..3	failures/top1465-1171.png	-	-	-
1172	Unique	Unique	false	57	13	HiddenSingle,LockedCandidatesPointing,NakedTriple,NakedSingle,NakedQuad,XWing,FinnedSwordfish	.76.....1..1........2...94...9..1.3....5....6.4..2.....8......7.1..9.82.....37...	.76.....1..1........2..694...9..1.3....5....6.4..2.....8......7.1..9.82....837...	failures/top1465-1172.png	-	-	-
1173	Unique	Unique	false	54	10	HiddenSingle,LockedCandidatesPointing,NakedTriple,NakedSingle,NakedQuad	.4....9..1.6..5...9..4..1.8...6...5.71...........31....8..4........7..29..23....4	.4....9.51.6..5...9..4..1.8...6...5171...........31....8..4....4.1.7..29..23....4	failures/top1465-1173.png	-	-	-
1174	Unique	Unique	false	52	9	HiddenSingle,LockedCandidatesPointing,NakedTriple	..2..5..7..6.....3......69...7.43.6..2..9....1.........69.....2..38....14.1.3..7.	..2..5..7..6.....3......69...7.43.6.62..9....13......9.69.....22.38....14.1.3..76	failures/top1465-1174.png	-	-	-
1175	Unique	Unique	false	50	14	NakedSingle,HiddenSingle,LockedCandidatesPointing,NakedPair,FinnedXWing	.....8.9.87....4.1..4...3...4..2..5.61...4..8................62...91......85.6..3	.....8.9.87....421..4...38..4.82..5.61...42.8.8...........8..62...9128....85.6..3	failures/top1465-1175.png	-	-	-
1176	Unique	Unique	false	51	14	HiddenSingle,LockedCandidatesPointing,NakedTriple,ClaimingBoxLineReduction,NakedQuad,NakedSingle	.....5.4.8.7........5.....1.3.69...2....23.....4.....9..2...9.3.1..7...4.9.4...5.	.....5.4.8.7........5.....1.3.694..2....2341.2.4.....94.2...9.3.1..7...4.9.4.215.	failures/top1465-1176.png	-	-	-
1177	Unique	Unique	false	32	35	LockedCandidatesPointing,ClaimingBoxLineReduction,NakedPair,HiddenSingle,NakedSingle,FinnedXWing	......8..2..4.......12...45.4..7....5.2.....98.3...6.....3..5..1.85...9....74.16.	4.6...8.22.74....63.12...4564987.2.15.26...898.3...6..7643..5281385...9.925748163	failures/top1465-1177.png	-	-	-
1178	Unique	Unique	true	0	63	HiddenSingle,LockedCandidatesPointing,NakedTriple,NakedSingle,ClaimingBoxLineReduction	8....9...7.......53......21...69...3.9....51.....47...53....2....1.73..6...4.....	812359764749162385365784921257691843496238517183547692534916278921873456678425139	-	-	-	-
1179	Unique	Unique	false	47	21	HiddenSingle,LockedCandidatesPointing,NakedQuad,NakedSingle,NakedPair,FinnedXWing	8.....3.26...35.....9...........26.9....7...1.5.....3....9.82.6.2.75.........31..	8.5...3.26...35.....9...5...8.3.2659...57.821.5.....3.5..9.82.6.2.75...3.....31.5	failures/top1465-1179.png	-	-	-
1180	Unique	Unique	false	44	17	NakedSingle,HiddenSingle,LockedCandidatesPointing,HiddenPair,FinnedXWing	1.2...6.8..42......5..8.........7835...1.....6...2571....7...694..9..1.2......5..	1.25..6.8..42...5..5..8....241697835...1....66...25714...7..4694..9..1.2......5.3	failures/top1465-1180.png	-	-	-
1181	Unique	Unique	false	45	16	NakedSingle,HiddenSingle,FinnedXWing,FinnedSwordfish,LockedCandidatesPointing	1..6......35.14.6.........2..8..3.2..2.....93.1..2.5..4693....8....5....8.....7..	1..6....5.35.14869........2..8..3.2..2.....93.1..2.58.469371258.7..5.9..85....7..	failures/top1465-1181.png	-	-	-
1182	Unique	Unique	false	34	39	NakedSingle,HiddenSingle,LockedCandidatesPointing,ClaimingBoxLineReduction,NakedPair,FinnedXWing,FinnedSwordfish	8.1.......7..1...45..6.89......63.2....1........7..61..8........1.32..7.3..5.....	8912347566739152845..6789311..863.2....1........7..61..8549..6..1.326.7.3..58....	failures/top1465-1182.png	-	-	-
1183	Unique	Unique	false	52	18	HiddenSingle,LockedCandidatesPointing,NakedSingle,ClaimingBoxLineReduction,HiddenPair	6..7..2.9..7......4..2...5....3.........2.46..98.....18...1...6.....6.3......5...	6..7..2.9.27......4..2...5....38........29468.98...3.18...12..6....76.3.....35...	failures/top1465-1183.png	-	-	-
1184	Unique	Unique	false	48	9	NakedSingle,HiddenSingle,LockedCandidatesPointing,HiddenPair	1..5..68............5786...........6..9...24...6.54.17.5.6.2.7...1.7......8.9.1.3	1..5..68.......7....5786..1........6..9.6.24...6.54.17.5.612.7...1.7......84951.3	failures/top1465-1184.png	-	-	-
1185	Unique	Unique	true	0	67	HiddenSingle,LockedCandidatesPointing,NakedQuad,NakedSingle	..5.3............8....721.3....6..7.......3.2...8.4.5.5.9..6...4.8.....76.3......	245138796731649528986572143852361479164795382397824651579216834418953267623487915	-	-	-	-
1186	Unique	Unique	true	0	68	HiddenSingle,LockedCandidatesPointing,ClaimingBoxLineReduction,NakedPair,NakedTriple,NakedSingle	...64.3....5.3.....2..7.9....236.7.4.4............2..9..7....1...6.5...2.1.......	879641325465239187321875946192368754648597231753412869537924618986153472214786593	-	-	-	-
1187	Unique	Unique	true	0	66	HiddenSingle,LockedCandidatesPointing,NakedTriple,NakedSingle,ClaimingBoxLineReduction	..........1..7...23..1...8..5....67....3.1.....8.4....8........4.9.6.1.......45..	986425713514873962372196485153982674647351829298647351835719246429568137761234598	-	-	-	-
1188	Unique	Unique	false	44	23	HiddenSingle,LockedCandidatesPointing,NakedSingle,NakedPair,NakedTriple,NakedQuad,FinnedXWing	.3..6....8...9.2..9..34...1......8.............9.8.5462.64.......72...5.....5...7	.3..6.4958...9.26396.34.781......8............29.8.5462564....8..72...544...5..27	failures/top1465-1188.png	-	-	-
1189	Unique	Unique	false	47	23	NakedSingle,HiddenSingle,LockedCandidatesPointing,NakedQuad,NakedPair,FinnedSwordfish	..23..58...36..9..9........215.......36.....8...1..2.....91..7457..4.......8.....	..23..58...36..94.9........215.......365...18...1..2...28915.7457124.8.....8..1..	failures/top1465-1189.png	-	-	-
1190	Unique	Unique	false	48	17	HiddenSingle,NakedSingle,LockedCandidatesPointing,ClaimingBoxLineReduction,NakedTriple,FinnedXWing	..21......846....5..3.94....2......4........3.....987.8....3..19...1..8..3..4.5..	.921......846....5..3.94....2......4........3.1...987.8..9.3..194..1.38.231.4.569	failures/top1465-1190.png	-	-	-
1191	Unique	Unique	false	49	21	HiddenSingle,LockedCandidatesPointing,HiddenPair	...23....1.....7.....8..........561..82.........4.....5....14...3..6............2	...23....1.865.7232.381........25618.821........4..2..52...14...3..62.......4...2	failures/top1465-1191.png	-	-	-
1192	Unique	Unique	false	54	8	HiddenSingle,NakedSingle,LockedCandidatesPointing,ClaimingBoxLineReduction,NakedQuad	....2..8..1.....7.4.6..7.952..7..4..95483..................1...5.......3..36..7..	....2..8..1.....7.4.6187.952..7..4..95483...7............3.1...5.......3..36..7..	failures/top1465-1192.png	-	-	-
1193	Unique	Unique	false	53	7	HiddenSingle,LockedCandidatesPointing,NakedQuad	.....46.....5..7.19......8.3.....5....72.6..8.5..9....6..8.5..7..2...1....1....64	.....46.....5..7.19......8.3.....5....7256..8.5..9....6..815..7..2...1..5.1...864	failures/top1465-1193.png	-	-	-
1194	Unique	Unique	false	51	12	HiddenSingle,LockedCandidatesPointing,NakedPair	42..7.....67......19..4.5.......3.65....9.1..7....8.......5.7.49..6.....5......12	425.7.....67......19..4.5.....7.3.65....9.1..7...68.......5.7949..6...5.5.....612	failures/top1465-1194.png	-	-	-
1195	Unique	Unique	false	55	8	HiddenSingle,LockedCandidatesPointing,ClaimingBoxLineReduction,NakedQuad,FinnedSwordfish	....7....9......2..1...29.7.....168.36..4..1....5......8.2......3...7..41...6.85.	....7....9......2..1...29.7.....168.36..4..1...15.6....8.2......3...7..41...6.85.	failures/top1465-1195.png	-	-	-
1196	Unique	Unique	false	52	17	HiddenSingle,LockedCandidatesPointing,ClaimingBoxLineReduction,NakedTriple,NakedPair	....1....71..9....6..2....8.......5.2..3...7...5.2.....671....41.......3.8267....	.2..1...771..9....6..2.7..8.......5.2..3...7...5.2.....671....41....2763.8267....	failures/top1465-1196.png	-	-	-
1197	Unique	Unique	true	0	66	HiddenSingle,LockedCandidatesPointing,NakedPair,NakedSingle,NakedTriple	4...1..6.9..5.......2...384...4..1...9..51.4........78..6.39...........72....4..6	478312965963548712512796384635487129897251643124963578746839251381625497259174836	-	-	-	-
1198	Unique	Unique	true	0	66	HiddenSingle,ClaimingBoxLineReduction,NakedTriple,FinnedSwordfish,XWing,NakedSingle	.34..2..69....1.........7...4.9.82..5......3.....3...829..14........36....6....5.	134782596967541382852369741643978215518426937729135468295614873471853629386297154	-	-	-	-
1199	Unique	Unique	false	43	23	HiddenSingle,LockedCandidatesPointing,NakedSingle,NakedPair,FinnedXWing	.1...57.4...7...9...8.....58.4...1...2.14.....9...8.........273..3.8.......5.6...	.1.8.57.44..7.3.9.7.8.....58.4.721.9.2.149....9..58....8....273.43287....7.536...	failures/top1465-1199.png	-	-	-
1200	Unique	Unique	true	0	68	HiddenSingle,NakedSingle,LockedCandidatesPointing,ClaimingBoxLineReduction,NakedPair,NakedQuad,NakedTriple	...1..4...53..67....8...5...3..4....2.5..3.68..........8......7.92....53.71.9....	927158436453926781168374529736849215245713968819562374584231697692487153371695842	-	-	-	-
1201	Unique	Unique	true	0	65	HiddenSingle,LockedCandidatesPointing,NakedTriple,NakedSingle	....4...6.325..7..........56.7.3.5...........9...7.8.....8.2..9.5....1.34....1...	598743216132586794764129385617938542285614937943275861371862459856497123429351678	-	-	-	-
1202	Unique	Unique	false	51	12	HiddenSingle,LockedCandidatesPointing,NakedSingle	........6..8.9..1...73..2.53..7.65.....8.........5...2.15......2....1..76......9.	......9.65.8.9..1...73.42853..7.654..5.8.........5...2.15....2.2....1.576......9.	failures/top1465-1202.png	-	-	-
1203	Unique	Unique	false	55	10	NakedSingle,HiddenSingle,LockedCandidatesPointing,NakedTriple	8.....5.......2....9..7......4...978.32......1...9..2...1.8..94.5....6....96.....	8.....5.......2....9..7....564...978932......1...9..2.6.1.8..94.5....6....96.....	failures/top1465-1203.png	-	-	-
1204	Unique	Unique	false	53	12	HiddenSingle,LockedCandidatesPointing,ClaimingBoxLineReduction,NakedTriple,NakedSingle,NakedQuad	3.........2..8...9...45.1.6..2..........98.....564.81...7...5.....7..6.81...6...4	3......8..2..8...9...45.1.6..2...9......98.....564.81...7...5.1...7..6.81...6..74	failures/top1465-1204.png	-	-	-
1205	Unique	Unique	false	29	39	HiddenSingle,LockedCandidatesPointing,NakedPair,NakedTriple,NakedSingle,FinnedXWing,FinnedSwordfish,XWing	...53..91...64.........9.2...436....7.......6.93..51..38.4...57..2.5......9......	8..53..919..64..8......9.2.21436857975819423669327514838.42.957..295.8..5.9.....2	failures/top1465-1205.png	-	-	-
1206	Unique	Unique	false	48	16	HiddenSingle,LockedCandidatesPointing,NakedPair,NakedSingle	8....54...........4.6...8.2..1...6...9...3..42..8..7.......756...29.....64.53....	8....54......8....4.6...8.23.1...6...9...3..42648..7.......756...291634.64.538...	failures/top1465-1206.png	-	-	-
1207	Unique	Unique	true	0	75	HiddenSingle,LockedCandidatesPointing,ClaimingBoxLineReduction,NakedSingle,NakedPair,UniqueRectangle	7....2.4..6.5..9.......81..3.7.........7.1...8..4....5..........96...7..1..8.3..4	715392846268514937934678152357286419649751328821439675583947261496125783172863594	-	-	-	-
1208	Unique	Unique	false	49	18	HiddenSingle,LockedCandidatesPointing,NakedPair,ClaimingBoxLineReduction,NakedSingle,NakedQuad,FinnedXWing	32.6.......9.......8..7.15......5....7..1..3....4......15.8..7.......6.......7.82	32.65.....59.4.....8..7.15....7.5....7..1..3....4.....215.86.7....5246.....1.7582	failures/top1465-1208.png	-	-	-
1209	Unique	Unique	false	50	10	HiddenSingle,LockedCandidatesPointing,ClaimingBoxLineReduction,NakedQuad	32......1.9....7..5.....38..6..5.8........92.2.8.9...3....832.94...6.......7....6	32.....9189....7..5.....38..6..5.8........92.2.8.97..36...832.94...6...8.8.7....6	failures/top1465-1209.png	-	-	-
1210	Unique	Unique	false	51	14	HiddenSingle,LockedCandidatesPointing,FinnedXWing,NakedSingle	1..5..3...7..2...........2....38.17......7..5..51..6.......68...2..1..6..398.....	1.25..3...7..2...........2....38517......7..57.51.26.....2.68...2..1..6.6398.4...	failures/top1465-1210.png	-	-	-
1211	Unique	Unique	false	53	7	HiddenSingle,NakedSingle,LockedCandidatesPointing,NakedTriple,XWing	.8.6....9..4....23......4..3.9.5......2.7.53..4...1....9..........12...4..5.97..1	.8.6..7.9..4....23......4..3.9.5.14...2.7.53.54...1....9..........12...4..5.97..1	failures/top1465-1211.png	-	-	-
1212	Unique	Unique	false	55	9	HiddenSingle,LockedCandidatesPointing,ClaimingBoxLineReduction,NakedTriple,FinnedXWing	..82.....6...9..7......541..6....1......5...93..6..2..4..3.7...2.....9...86....5.	..82...9.6...9..7......541..6....1......5...93..6..2..4..3.7.2.2..5..9...86....5.	failures/top1465-1212.png	-	-	-
1213	Unique	Unique	false	47	21	HiddenSingle,LockedCandidatesPointing,ClaimingBoxLineReduction,NakedSingle	..75.....1...6..9.9...7...1.....46.3........54.8....7....3.7....23.1..6...1...8..	..7591..61...6.7989...7...12....46.3........54.8....7....3.7...723.1..645.1...837	failures/top1465-1213.png	-	-	-
1214	Unique	Unique	false	47	20	HiddenSingle,LockedCandidatesPointing,NakedTriple,NakedSingle,ClaimingBoxLineReduction,FinnedXWing	..2........37.....74.....36....4.....5....2.1.2....69...5..2......3..1.7.9.1.6...	..2........37.....74..21.366.1249....5....2.1.2..1.69.1.5..2.6..8639.1.7.9.1.6...	failures/top1465-1214.png	-	-	-
1215	Unique	Unique	false	56	10	HiddenSingle,LockedCandidatesPointing,NakedTriple,ClaimingBoxLineReduction	...37.8........5.1...48..2.5....3....4.......7.9...1..26.....79..5.9......8..76..	...37.8....7...5.1...48..2.5....3....4.......7.9...1..26.....79.75.9......8..76..	failures/top1465-1215.png	-	-	-
1216	Unique	Unique	false	51	13	HiddenSingle,LockedCandidatesPointing,ClaimingBoxLineReduction,HiddenPair,NakedSingle,NakedQuad	.....193.1..986....7.3...8.6.......3....3.59...32..1...5...8....9.....4....4.2...	...7.193.13.986....7.3.5.816.......3....3459...32..1...5...8....9...3.4....4.2...	failures/top1465-1216.png	-	-	-
1217	Unique	Unique	true	0	72	HiddenSingle,LockedCandidatesPointing,ClaimingBoxLineReduction,NakedPair,NakedSingle	...5..6..85.7.....9.4.........1...7.......1.4....4925..123..7.......2........8.3.	123594687856723941974681325245136879389257164761849253412365798538972416697418532	-	-	-	-
1218	Unique	Unique	false	57	4	HiddenSingle,LockedCandidatesPointing	...2...9..6..947....8..6....16.....5..4.1...9.7..4..3.....53.4.......8..2.......3	...2...9..6..947....8..6....16...4.5..4.1...9.7..4..3.....53.4.......8..2.......3	failures/top1465-1218.png	-	-	-
1219	Unique	Unique	false	43	22	HiddenSingle,LockedCandidatesPointing,ClaimingBoxLineReduction,NakedPair,NakedTriple,NakedSingle	....9.....24.5....86...2.91..68..1..5...4.......5..6.7.81......4.......5..2....3.	1...9....924.5....86...2.91..682.15.51..46...2..51.6.7.81..5...4..26.815.52.8..3.	failures/top1465-1219.png	-	-	-
1220	Unique	Unique	false	51	11	HiddenSingle,LockedCandidatesPointing	8...7......4..53...7.2...4...9....2..........5.3.8.1...6...4.7.......5.6....67..3	8..47..5...4..53.7.752...4...9....2........3.5.378.1...6...4.7.......5.6.5..674.3	failures/top1465-1220.png	-	-	-
1221	Unique	Unique	true	0	71	HiddenSingle,LockedCandidatesPointing,NakedSingle	4.....8.5.3..........7......2.....6.....5.4......1.......6.3.7.5..2.....1.8......	417369825839125746652748319925437168781956432346812957294683571573291684168574293	-	-	-	-
1222	Unique	Unique	true	0	65	HiddenSingle,LockedCandidatesPointing,NakedSingle	27....4.6...3.1................7..3..5..4....8.....9.....4..57.6..9.......2......	273598416468321759915764328124679835759843261836215947391486572647952183582137694	-	-	-	-
1223	Unique	Unique	false	48	16	HiddenSingle,NakedSingle,LockedCandidatesPointing,FinnedXWing	..92...6....4....82.............7.1..........36......2..3..915.1...75...48....9..	..92...6.6..4....82..7..........7.1..........36......2723849156196375..4485...9..	failures/top1465-1223.png	-	-	-
1224	Unique	Unique	false	50	14	HiddenSingle,LockedCandidatesPointing,NakedTriple,NakedPair,NakedSingle	..3......47.2....8.6...5..9..7.9.81..4.....5...51.........87......3....4.8.4..2..	..3......47.2..5.8.6.7.5..9..759481.14....95...51.......4.87......3...84.8.4..2..	failures/top1465-1224.png	-	-	-
1225	Unique	Unique	true	0	69	HiddenSingle,LockedCandidatesPointing,ClaimingBoxLineReduction,NakedQuad,NakedSingle,NakedTriple,NakedPair,UniqueRectangle	....69...8....4....7....6.1........23....17.....8.613.......4..1.4.9..6..23.5....	531769284869124375472583691716935842398241756245876139957618423184392567623457918	-	-	-	-
1226	Unique	Unique	false	55	12	HiddenSingle,LockedCandidatesPointing,NakedTriple,NakedSingle,ClaimingBoxLineReduction,NakedQuad,FinnedXWing	....6....61...9...2....1.5..8....934..7.....6..3...2.....5......5.8....79...46...	....6....61...9...2....165..8....934..7.....6..3...27....5.....35.8.2..79...46...	failures/top1465-1226.png	-	-	-
1227	Unique	Unique	true	0	70	HiddenSingle,LockedCandidatesPointing,NakedTriple,NakedSingle,ClaimingBoxLineReduction	9..2.16.5..67.......5............7.22....9.3..83.............4....6.3.2.64.5...1.	934281675126795483875364291491836752267459138583172964352917846718643529649528317	-	-	-	-
1228	Unique	Unique	true	0	66	HiddenSingle,LockedCandidatesPointing,ClaimingBoxLineReduction,NakedQuad,NakedTriple,NakedSingle	8.1.7..........62....5....7........1.6..43.7......9....94....5.12.8.......7....3.	841276593759431628236598417372685941968143275415729386694317852123854769587962134	-	-	-	-
1229	Unique	Unique	true	0	71	HiddenSingle,LockedCandidatesPointing,NakedSingle	4.....5.8.3..........7......2.....6.....5.4......1.......6.3.7.5..2.....1.8......	417369528839125746652748319925437861781956432346812957294683175573291684168574293	-	-	-	-
1230	Unique	Unique	false	53	10	HiddenSingle,LockedCandidatesPointing,ClaimingBoxLineReduction,NakedTriple,NakedQuad,FinnedXWing	..2..593.....2....1..9...5.3...5..4....4....85.81.2...2....6.754.....6....9......	..2..593.....2....1..9...5.3...5..4....4..5.85481.2...2...964754.....6....9......	failures/top1465-1230.png	-	-	-
1231	Unique	Unique	true	0	62	HiddenSingle,LockedCandidatesPointing,ClaimingBoxLineReduction,NakedSingle	...5.71.4.......2..3.1.......24..3..5.....7....19.......8.6....3...9..65..5...2..	826537194157849623439126578792458316543612789681973452218365947374291865965784231	-	-	-	-
1232	Unique	Unique	false	45	22	HiddenSingle,LockedCandidatesPointing,NakedSingle,ClaimingBoxLineReduction,NakedPair,NakedTriple	.....9.616..4...5.2..5....3.3..6......4..1....7....218.....812..5...........5.7..	..5..9.616..4...522..5.6.73.3..6.5..5.4..1...9763452184....8125.5...........5.7..	failures/top1465-1232.png	-	-	-
1233	Unique	Unique	true	0	67	HiddenSingle,LockedCandidatesPointing,NakedQuad,NakedSingle,ClaimingBoxLineReduction,NakedPair	.....3.8.2....4.6...15....7.37...45..6..........8......154.8..67...1......4.9...1	576923184298174365341586297837261459469357812152849673915438726723615948684792531	-	-	-	-
1234	Unique	Unique	false	34	32	HiddenSingle,LockedCandidatesPointing,ClaimingBoxLineReduction,NakedSingle	........1...91.5..2..74.....9...72.4.486....35....3.....1..........3.....34....18	4..3....13..91.54.21.74....1935872647486219535..493187..18.....8..13.....342...18	failures/top1465-1234.png	-	-	-
1235	Unique	Unique	true	0	71	HiddenSingle,NakedSingle,LockedCandidatesPointing,NakedPair,NakedTriple,ClaimingBoxLineReduction	4......6.....8..2...62...89....4....91...87..3........259..........93..2..4...1..	482957361193486527576231489627345918915628734348179256259814673761593842834762195	-	-	-	-
1236	Unique	Unique	false	46	19	HiddenSingle,LockedCandidatesPointing,FinnedXWing	34.6.......2.......7..3.51......5....3..1..7....4......28.5..6.......1.......7.32	3456.1....125......7..3.51...17.5....3..1..7...74.3..112835..6.7.3...1.....1.7.32	failures/top1465-1236.png	-	-	-
1237	Unique	Unique	false	52	5	HiddenSingle,LockedCandidatesPointing,ClaimingBoxLineReduction	.9....3.1..3..48.........6.3.7..8...1....29...6.7...8..7...35..2..47.1...398.....	.9....3.1..3..48.........6.3.7..8.1.1....29..96.7...8..71..35..2..47.1...398.....	failures/top1465-1237.png	-	-	-
1238	Unique	Unique	false	50	13	HiddenSingle,ClaimingBoxLineReduction,NakedPair,NakedTriple,NakedSingle,LockedCandidatesPointing,NakedQuad,XWing,FinnedXWing	.56.1...4....69.5.7.14..6...6..8...1....2...9..4..7..............8.4..16.7.8..3..	.5671...4....691577.14..6...6..8...1....2...9..4..7.......7......8.4.716.7.8..34.	failures/top1465-1238.png	-	-	-
1239	Unique	Unique	false	49	9	HiddenSingle,LockedCandidatesPointing	........31......7...65..91...78.1.6...4.5..92...4......68..4...41.9...5..79.8....	........31......7...65..91...78.1.6...4.5.192..14.....568..4..941.9...5..79.85..1	failures/top1465-1239.png	-	-	-
1240	Unique	Unique	true	0	70	HiddenSingle,LockedCandidatesPointing,NakedSingle	4.....5.8.3..........7......2.....6.....5.8......1.......6.3.7.5..2.....1.8......	417369528839125746652748319925837461741956832386412957294683175573291684168574293	-	-	-	-
1241	Unique	Unique	false	54	11	NakedSingle,HiddenSingle,LockedCandidatesPointing,ClaimingBoxLineReduction	35.6.......2.......9..5.48......5....6..1..9....4......18.6..5.......7.......7.32	35.6.......2.......9..5.48......5.4..6..1..9....4.6...718.6.954......7...4...7.32	failures/top1465-1241.png	-	-	-
1242	Unique	Unique	false	51	10	LockedCandidatesPointing,ClaimingBoxLineReduction,NakedTriple,NakedSingle,HiddenSingle,FinnedSwordfish	28...6....4..5.82..1.....9..2.4....33....5.......2.5.9..257..3.1....4...4..1..97.	28...6....4..5.82..1.....9..2.4....33....5.......2.5.9..2578.3.1.7..4...4.81..97.	failures/top1465-1242.png	-	-	-
1243	Unique	Unique	false	56	13	HiddenSingle,LockedCandidatesPointing,NakedTriple,ClaimingBoxLineReduction,HiddenPair	.7.5.....4.....29..8..4......2.....7..9.......5..28......9....3.....7.157..65..4.	.7.5.....4.5...29..8..4......2.....7..9.......57.28...5..9....3.....7.157..65..4.	failures/top1465-1243.png	-	-	-
1244	Unique	Unique	true	0	65	HiddenSingle,LockedCandidatesPointing,ClaimingBoxLineReduction,NakedPair,NakedQuad,NakedSingle	.1.6..9..4......5.....39.4......6.1..2...35...6.....72.8....4..5.3..4........7.2.	712645983439812756658739241397526814824173569165498372286951437573264198941387625	-	-	-	-
1245	Unique	Unique	false	52	8	HiddenSingle,NakedSingle,LockedCandidatesPointing,FinnedXWing	..3...1...6.2...9...2.84....19..6.7.7.8.1............5..7..3...3....2....8.75...3	..3...1...6.23..9...2.84....19.26.7.7.8.1........78.15..7..3...3....2....8.75...3	failures/top1465-1245.png	-	-	-
1246	Unique	Unique	false	58	6	LockedCandidatesPointing,ClaimingBoxLineReduction,NakedQuad,HiddenPair	..2...73.....972.....4....639..1........7....8..6..1.....9.3..8..4...3.5.....1.2.	..2...73.....972.....4....639..1........7....8..6..1.....9.3..8..4...3.5.....1.2.	failures/top1465-1246.png	-	-	-
1247	Unique	Unique	false	21	48	HiddenSingle,LockedCandidatesPointing,ClaimingBoxLineReduction,NakedPair,NakedQuad,FinnedXWing,FinnedSwordfish,NakedSingle	4..9.31..............16...9.52....3......1.7....57.6..6....87..1.....8....92.....	46.9.31.7...7.5364.37164.89752846931846391.7....57264862.41879.1746.98...892.7416	failures/top1465-1247.png	-	-	-
1248	Unique	Unique	true	0	69	NakedSingle,HiddenSingle,LockedCandidatesPointing,ClaimingBoxLineReduction,NakedTriple,NakedQuad	.8.....3...12...9..2.......6...74...9....3.7......1....3...2..1....48..3..8....56	785496132461237598329185647653874219912653874847921365534762981196548723278319456	-	-	-	-
1249	Unique	Unique	false	54	13	HiddenSingle,LockedCandidatesPointing,NakedTriple,ClaimingBoxLineReduction	.5....1..3..9.6.4.......3....6...41....279.5...2..1...4.7..59.....73...........6.	.5....1..3..9.6.4.......3....6...412...27965.5.2..1...4.7..59.....73........9..6.	failures/top1465-1249.png	-	-	-
1250	Unique	Unique	true	0	77	HiddenSingle,NakedSingle,LockedCandidatesPointing,NakedQuad,NakedPair	.4.....98....61..........2.5.6.7.3.....9..4...........3.....6.5.9.8..............	641327598829561734753489126586274319132958467974613852318792645495836271267145983	-	-	-	-
1251	Unique	Unique	false	50	15	HiddenSingle,LockedCandidatesPointing,NakedSingle,NakedTriple,ClaimingBoxLineReduction,XWing	...59......7.2..5......74.1.1.8.......6.3..4....9....2.5...6.794.........8....3..	...59......7.2..5....6874.1.1.8.......6.3..4....9....2.5...68794.93.8....8..593.4	failures/top1465-1251.png	-	-	-
1252	Unique	Unique	false	54	16	HiddenSingle,LockedCandidatesPointing,NakedSingle,NakedTriple,NakedQuad	....7.1..2.....96.6............126.5...4....8....5....1......9..47..9.....8..425.	....7.1..2.....96.6.....5......126.5...4....8....5...91......9.547..983...8..425.	failures/top1465-1252.png	-	-	-
1253	Unique	Unique	false	52	17	HiddenSingle,LockedCandidatesPointing,NakedTriple,ClaimingBoxLineReduction,FinnedXWing	....4...35.1.2..4........2..8......9.1..8.....96..58.....2.6.....9..1...2..3....5	.2.14...35.1.2..4....5...21.8......9.1..8.....96..58.21..2.6.....9..12..2..3....5	failures/top1465-1253.png	-	-	-
1254	Unique	Unique	true	0	70	NakedSingle,HiddenSingle,LockedCandidatesPointing,NakedPair,ClaimingBoxLineReduction,NakedTriple	8..9.6...........7...3..9...1...2..849.5...36.2......9......54....2......31..7...	873946125149825367265371984316792458497518236528634719782169543954283671631457892	-	-	-	-
1255	Unique	Unique	false	50	13	HiddenSingle,LockedCandidatesPointing,NakedPair,ClaimingBoxLineReduction,NakedSingle,FinnedXWing	6..9..2..3.....6...82.76....5..9..8...1.........72.9.5....3.....2...4..75.8.....2	6..9..2..3....26...82.765..25..9..8...1....2....72.9.5...23.85..2...4..75.8.....2	failures/top1465-1255.png	-	-	-
1256	Unique	Unique	true	0	76	NakedSingle,HiddenSingle,LockedCandidatesPointing,NakedTriple,FinnedSwordfish	.89.2.......5..4...........16...7......4...89.......2.7.....3..3..6.........9....	489726153217539468635841972162987534573412689948365721794258316321674895856193247	-	-	-	-
1257	Unique	Unique	false	37	31	HiddenSingle,LockedCandidatesPointing,NakedSingle,NakedPair,ClaimingBoxLineReduction,XWing	...92......541.8..62..7............791.....4.4.2...3...6...84.........3..8.5.7..1	1.892....7.541.8..62.87....8563....7913782.4.472651389.6...84......6..38.8.5.7..1	failures/top1465-1257.png	-	-	-
1258	Unique	Unique	true	0	67	HiddenSingle,LockedCandidatesPointing,ClaimingBoxLineReduction,NakedQuad,NakedSingle,NakedPair	...1..34......71.2.6.......9......6......1...3.792......4........8..52...5.31.7..	872159346493867152165234879921583467586471923347926518214798635738645291659312784	-	-	-	-
1259	Unique	Unique	false	57	4	HiddenSingle,LockedCandidatesPointing	....3.....7..5...25...4..9.4..6..9...9......13.2....7...7.948.....3..1....8....5.	....3.....7..5...25...4..9.4..6..9..79......13.2....7...7.948.....3..1....8....5.	failures/top1465-1259.png	-	-	-
1260	Unique	Unique	false	53	15	HiddenSingle,LockedCandidatesPointing,NakedTriple,NakedSingle,ClaimingBoxLineReduction,FinnedXWing	7.....96......5..13......8...69..3...1...8.4.97..4........6.....24.....5...8.1...	7.....96......5..13.....58...691.3...1...8.4997..4.1..1...6.....24....15...8.1...	failures/top1465-1260.png	-	-	-
1261	Unique	Unique	false	53	11	HiddenSingle,LockedCandidatesPointing,NakedTriple,NakedSingle,ClaimingBoxLineReduction,Swordfish	3.41...8....2.6.3..8....9....8...65.9............65..3.....3..74..7...2..2...8...	3.41...8....286.3..8....9...38...65.9.........4..65..38...23..74..7...2..2...8...	failures/top1465-1261.png	-	-	-
1262	Unique	Unique	false	56	3	HiddenSingle,LockedCandidatesPointing	..7.2..9.......5...3......1....15...4.......71.9...6......4682....2...45.2..38...	..7.2..9.......5...3..5...1....15...4.......71.9...6......4682....2...45.24.38...	failures/top1465-1262.png	-	-	-
1263	Unique	Unique	false	55	8	NakedSingle,LockedCandidatesPointing,ClaimingBoxLineReduction,NakedTriple,HiddenSingle	..4.......2...8.7..7.4..5..9....1.8.83...2.........6.36..5...1...5..43......97...	..4.......2...8.7..7.4..5..9....1.8.83...2.....1...6.36..5.3.1...5..43....3.97...	failures/top1465-1263.png	-	-	-
1264	Unique	Unique	true	0	77	HiddenSingle,LockedCandidatesPointing,ClaimingBoxLineReduction,NakedTriple,NakedSingle,NakedPair,UniqueRectangle,FinnedXWing	..2..6.......2.9.4..4.........8.....5.......2.8..49.533...5.6...5......87...6..3.	132496587875321964964587321213875496549613872687249153321758649456932718798164235	-	-	-	-
1265	Unique	Unique	false	30	37	HiddenSingle,LockedCandidatesPointing,FinnedXWing,NakedSingle,ClaimingBoxLineReduction	...5.3.......6.7..5.8....1636..2.......4.1.......3...567....2.8..4.7.......2..5..	7.6513..2..286.75.5.87.2.16367925...925481.....163792567.15.2.8254378......2.65..	failures/top1465-1265.png	-	-	-
1266	Unique	Unique	false	49	7	HiddenSingle	....8.......9.....9.53..486.1........4..68..2...1..69.....9..676.8..32....2...1..	....8.9.....9.....9.53.1486.16..9....49.68.12...1..69.....9..676.8.132....2...1..	failures/top1465-1266.png	-	-	-
1267	Unique	Unique	true	0	78	HiddenSingle,LockedCandidatesPointing,ClaimingBoxLineReduction,NakedPair,NakedSingle,NakedTriple	4.....3.....8.2......7........1...8734.......6........5...6........1.4...82......	475691328961832745823754196259143687347586219618927534534269871796318452182475963	-	-	-	-
1268	Unique	Unique	false	55	10	HiddenSingle,LockedCandidatesPointing,ClaimingBoxLineReduction,NakedQuad,NakedSingle,FinnedSwordfish	.5.....3...7.4.9.....9...7..6.78...9...3..2...1..5..4.6..1...9.7...3.8..1.2......	95.....3...7.4.9.....9...7..6.78...9.7.3..2...1..5..4.6..1...9.7...3.8..1.2......	failures/top1465-1268.png	-	-	-
1269	Unique	Unique	false	48	21	HiddenSingle,LockedCandidatesPointing,ClaimingBoxLineReduction,NakedPair,NakedSingle,NakedTriple,UniqueRectangle	...9...4681....3.7.............3....34.....18.7..19......5.......2.489....6.7..5.	...9.1.46815...397..4........183...9349....18.78.19......59......2.489....6.7..5.	failures/top1465-1269.png	-	-	-
1270	Unique	Unique	false	47	23	HiddenSingle,LockedCandidatesPointing,NakedPair,ClaimingBoxLineReduction,NakedSingle,NakedTriple	...6..8.3.5..1...4..9...1....6.8.....9..673..5.....7.......9...4.1.326...3......2	...6.48.365..1...4.49...1....6.85....9..673..5....17...6...9.3.4.15326..93...6..2	failures/top1465-1270.png	-	-	-
1271	Unique	Unique	false	55	9	HiddenSingle,LockedCandidatesPointing,HiddenPair	...456....4.....2...8.1.5..81....9.3....7....6.2....18..1.6.3...3.....9....7.9...	...456....4.....2...8.1.5..81.6..9.3....7....6.2....18..1.6.3...3.....9....739...	failures/top1465-1271.png	-	-	-
1272	Unique	Unique	true	0	73	NakedSingle,LockedCandidatesPointing,ClaimingBoxLineReduction,NakedTriple,HiddenSingle,NakedPair,NakedQuad,UniqueRectangle,FinnedXWing	...4....7.479...6..5...7...2..3.......4...6.8..8..4..2.....5.9.6..19..2..3.8.....	123456987847931265956287431261378549374529618598614372412765893685193724739842156	-	-	-	-
1273	Unique	Unique	false	53	6	HiddenSingle,LockedCandidatesPointing	....5..6...........95.76.8..6..194..3.............8.217....431...21........78...4	....5..6........4..95.76.8..6..1943.3....7........8.217....431...21...7....78...4	failures/top1465-1273.png	-	-	-
1274	Unique	Unique	false	51	11	HiddenSingle,LockedCandidatesPointing,ClaimingBoxLineReduction,NakedTriple	9...6.1.......1......2...76..23.5....8.9....2.6.....8.4.3........57..6......5.93.	9...6.1.......1.9....2...76..2385.69.8.9.6..2.69....8.4.36.......57..6......5.93.	failures/top1465-1274.png	-	-	-
1275	Unique	Unique	true	0	61	HiddenSingle,LockedCandidatesPointing,NakedSingle	.4....9....5.2...3....5..8...12.8.4......4......9.7.6..238..6.........9.65......1	146783925895426713372159486961238547287564139534917268723891654418675392659342871	-	-	-	-
1276	Unique	Unique	false	52	13	HiddenSingle,LockedCandidatesPointing,NakedTriple,NakedSingle,NakedQuad	8.2....93....7.6.........2.5....6..8...3....57.49.....4..8......6..4......5.6..1.	8.26.4.93...27.6.........2.5..4.6..8...3.7.457.49.....4..8......6..4......576..1.	failures/top1465-1276.png	-	-	-
1277	Unique	Unique	false	54	8	NakedSingle,HiddenSingle,LockedCandidatesPointing,NakedQuad,FinnedXWing	.71..9.....5.1..3..2.....5.....2..8..1.4.86.3..6.....1.4......59...........2.3.7.	.71..9.....5.12.3..2....15.....2..8..1.4.86.3..6.....1.4......59........1.82.3.7.	failures/top1465-1277.png	-	-	-
1278	Unique	Unique	true	0	77	NakedSingle,HiddenSingle,LockedCandidatesPointing,NakedTriple,FinnedSwordfish,FinnedXWing	.1.....826...3...............9...74.3..8.2......1.....4...6.5........9...2.......	914675382652438179837921456289356741371842695546197238498263517165784923723519864	-	-	-	-
1279	Unique	Unique	false	51	13	HiddenSingle,LockedCandidatesPointing,NakedTriple,FinnedXWing	.9.2..86..8.53....5......1..6..8..9.8.5.......7.4..2....4.5.6.....8.........79.5.	.9.2..865.8.53....5....8.1..6..8.59.8.5.......7.4.52....4.5.6...5.8.......8.79.5.	failures/top1465-1279.png	-	-	-
1280	Unique	Unique	false	47	27	HiddenSingle,LockedCandidatesPointing,ClaimingBoxLineReduction,NakedPair,NakedSingle,NakedTriple,NakedQuad,FinnedXWing	.9.....7......4.35.31..2...2.716........2...4..6.....81...7.....6........743...8.	4956.3.7......4.35.31..2...247168.......2...4..643..281...7.....6..4...7.743...8.	failures/top1465-1280.png	-	-	-
1281	Unique	Unique	false	51	11	HiddenSingle,NakedSingle,LockedCandidatesPointing,FinnedXWing,NakedPair	..7..53..8.2..9..1....81......6...........18.4.9.1..2...17...6.6...2.5...3.......	..72653.88.2379..1...481......6...........18.4.9.1..2...17...6.6...2.5...3...6...	failures/top1465-1281.png	-	-	-
1282	Unique	Unique	false	50	11	HiddenSingle,LockedCandidatesPointing	..5.8......75..9.....741....143..6...6....5......1.3.........32..3.5.7..7..4....6	..5.8......75..9...3.741..5.143..6..36....5...7..1.3...5.....32..3.5.7..79.4...56	failures/top1465-1282.png	-	-	-
1283	Unique	Unique	false	54	16	HiddenSingle,LockedCandidatesPointing,NakedQuad,HiddenPair	..41..8..9.......55.......4.2.3........4...71..8.9.......613.....78...26..1...9..	..41..8..9.......55..9....4.2.3........4...71..8.9.......613..7..78.9126..1...9..	failures/top1465-1283.png	-	-	-
1284	Unique	Unique	false	51	11	HiddenSingle,LockedCandidatesPointing,ClaimingBoxLineReduction,NakedPair,NakedSingle	..2..84...7..9....9...5...7..41...6......2....18..5..........3..5......64..6.79.2	..2..8495875.9....94..5...7..41...6......2....18..5......5...3..5......64..6.7952	failures/top1465-1284.png	-	-	-
1285	Unique	Unique	false	51	14	NakedSingle,HiddenSingle,LockedCandidatesPointing,NakedPair	...8.7.5......2.4915.........9......8.29...6...3.7.......68...249......5.....37..	92.8.7.5...7..2.4915.........9......8.29...6...3.7.......68...249.721..52....37..	failures/top1465-1285.png	-	-	-
1286	Unique	Unique	true	0	63	NakedSingle,HiddenSingle,LockedCandidatesPointing,ClaimingBoxLineReduction	....8..........472.75......3....5.......798.5...2..7..2...53.6.6..........86..1..	124387596836591472975462381317845629462179835589236714241753968653918247798624153	-	-	-	-
1287	Unique	Unique	true	0	65	NakedSingle,HiddenSingle,LockedCandidatesPointing,NakedPair	2........48..9.1...5.....6.6.5................39.257..1...8.97......2..3.....3..8	291658437486397152357241869645739281712864395839125746123586974968472513574913628	-	-	-	-
1288	Unique	Unique	true	0	70	HiddenSingle,LockedCandidatesPointing,NakedTriple,NakedSingle	.1....8.....7....5............5...73.68......4........3..4...2.....826..7........	217653849849721365635894712921568473568347291473219586396475128154982637782136954	-	-	-	-
1289	Unique	Unique	true	0	65	LockedCandidatesPointing,ClaimingBoxLineReduction,NakedQuad,NakedSingle,HiddenSingle,NakedTriple,FinnedSwordfish,NakedPair	....1..2.4..9.......9..2..38...2....6..3..5...3.4.6.1....1.985.58.....4.........6	763814925428953671159672483891725364674381592235496718342169857586237149917548236	-	-	-	-
1290	Unique	Unique	true	0	64	HiddenSingle,HiddenPair,LockedCandidatesPointing,ClaimingBoxLineReduction,NakedSingle,NakedPair	1.............5...2.463..8.49.3....6....7...3...5...2.7.9.6.....2..481.........62	185427639936185274274639581497312856562874913318596427759261348623748195841953762	-	-	-	-
1291	Unique	Unique	false	45	23	HiddenSingle,LockedCandidatesPointing,ClaimingBoxLineReduction,NakedPair,NakedTriple,NakedSingle	.9...54.........1...41...6....3.46....6.12....48.....5..5..3...8...7..........287	.9...54.8....4..1...41...6....3846....65128.4.48.....5..5823.4.8..47..5.4...5.287	failures/top1465-1291.png	-	-	-
1292	Unique	Unique	false	49	18	HiddenSingle,LockedCandidatesPointing,NakedPair,ClaimingBoxLineReduction	.8.3...5......4.3.1.......6..7.9.3.4.6...7............3.9.4.2...14...7.....8....3	.8.3..45..9...4.3.143.....6..7.9.3.4.6..37....3....6..3.9.4.2..814..37.....8...43	failures/top1465-1292.png	-	-	-
1293	Unique	Unique	false	55	6	NakedSingle,HiddenSingle,LockedCandidatesPointing	.6......7..1.95...........8..3..94.1....3...6.8....35..2.6......17......4...1.7.9	.6......7..1.95....9......8..3..94.1....3...6.8....352.2.6......179.....4...1.7.9	failures/top1465-1293.png	-	-	-
1294	Unique	Unique	false	55	6	HiddenSingle,LockedCandidatesPointing,ClaimingBoxLineReduction,NakedQuad,FinnedXWing	.5.4...7.8...5.3.1.6...1...2.....7..3.....25..86.......2..7.....3.92.6.4...1.....	.5.4...7.8...5.3.1.6...1...2.....7..3.....25..86.......2..7.....3.92.6.4...1...27	failures/top1465-1294.png	-	-	-
1295	Unique	Unique	false	43	23	NakedSingle,HiddenSingle,LockedCandidatesPointing,ClaimingBoxLineReduction	.5...9...6.4..2..3....7...4.......1.8...3....769...2........7.539.1..........6...	.5...9.7.674.129.39...7...4.....8.178...37..9769..1238..6...7.53971........7.63.1	failures/top1465-1295.png	-	-	-
1296	Unique	Unique	false	56	13	HiddenSingle,LockedCandidatesPointing,ClaimingBoxLineReduction,NakedPair,NakedQuad,XWing	..9.......2.39....6....2..1.1...7.288......5....9...6...5.........4.1....7...83.6	..9.......2.39....6....2..1.1...7.288......5....98.16...5..9......4.1....7...83.6	failures/top1465-1296.png	-	-	-
1297	Unique	Unique	true	0	67	LockedCandidatesPointing,NakedSingle,NakedPair,HiddenSingle,ClaimingBoxLineReduction,NakedTriple	..19...6......8....48.3...5..9.72.....5............7.2...8..1...864.1.73...3..4..	321945867657218394948736215839672541275184639164593782493857126586421973712369458	-	-	-	-
1298	Unique	Unique	false	53	8	HiddenSingle,LockedCandidatesPointing,ClaimingBoxLineReduction	...3.7...4.......86...............9.5....1.63.32...7..8...19.4...5.6.1....4.5...6	...3.76..4.......86............3..9.5...71.63.32...7..8...19345..5.6.1....4.5...6	failures/top1465-1298.png	-	-	-
1299	Unique	Unique	false	29	39	NakedSingle,HiddenSingle,LockedCandidatesPointing,ClaimingBoxLineReduction,NakedTriple,FinnedXWing	....1.......8..49.......867.5.......17...3...3......4.5.62........9......426.87..	8.741.532...8..4914..3..867.5.1..37.17.5.362.3..7..1455.62..98478.9..256942658713	failures/top1465-1299.png	-	-	-
1300	Unique	Unique	true	0	73	HiddenSingle,LockedCandidatesPointing,ClaimingBoxLineReduction,NakedPair,NakedSingle	......57..5..1...........8....7.2.3..4....6.....5.........6.4.17.2......3........	128439576957618342436275189691742835245183697873596214589367421712854963364921758	-	-	-	-
1301	Unique	Unique	false	50	14	NakedSingle,HiddenSingle,LockedCandidatesPointing,NakedPair	......1.6.5...9.....7.3..5.......347..5......7.4..2.......7..386...2.....8.6.57.1	......1.6.5...9..3..7.3..5.......347..5......7.4..2...5...7.638671.2..9..8.6.5721	failures/top1465-1301.png	-	-	-
1302	Unique	Unique	false	51	21	HiddenSingle,LockedCandidatesPointing,NakedTriple,NakedSingle,ClaimingBoxLineReduction,NakedPair,UniqueRectangle	61.8....9...3.6.........25.7.8.2...3..37..9.........6..5...78...9......5.....1...	61.8.2..9.7.3.6......17.2567.8.2...3..37..9...2.4...6..5...78...9......5...5.1...	failures/top1465-1302.png	-	-	-
1303	Unique	Unique	false	57	9	HiddenSingle,LockedCandidatesPointing,NakedPair,NakedTriple,FinnedXWing,FinnedSwordfish	53...8.1.......5...79..6..2...7.9.....6..589.....2.........1..43........8...4.7..	53...8.1.......5...79..6.82...7.9.....6..589.....2.........1..43.......88...4.7..	failures/top1465-1303.png	-	-	-
1304	Unique	Unique	true	0	73	HiddenSingle,LockedCandidatesPointing,NakedTriple,ClaimingBoxLineReduction,NakedQuad,NakedSingle	1...49....6.3.................5..1.74.2....9.3.........7.6..9........42........1.	135849672269357841748261359896524137412736598357198264574612983681973425923485716	-	-	-	-
1305	Unique	Unique	false	56	7	HiddenSingle,LockedCandidatesPointing,FinnedXWing	7......5.....52....4....38...61.....9.......7.8..3..9.2.74........9.8...4...7...6	7......5.8...52....4....38..761.....9.......7.8..3..9.2.74........9.8...4.8.7...6	failures/top1465-1305.png	-	-	-
1306	Unique	Unique	true	0	72	HiddenSingle,LockedCandidatesPointing,NakedSingle,NakedTriple,UniqueRectangle	43..5.......1....9.....7.....5.8.34....42.5..8........1....46...6...9....2......8	439658721576142839281397465715986342693421587842735916158274693367819254924563178	-	-	-	-
1307	Unique	Unique	false	46	15	NakedSingle,HiddenSingle,LockedCandidatesPointing,ClaimingBoxLineReduction	14.3..7..8.........6...1....1.7...2.3.48.5.9........1.4.6...8....5..31.....4.2...	14.3.87..8.......1.6...1.8..1.7...2.324815697.......1.4.61..8.22.5..31....14.2...	failures/top1465-1307.png	-	-	-
1308	Unique	Unique	false	55	8	HiddenSingle,LockedCandidatesPointing,ClaimingBoxLineReduction,NakedQuad,FinnedXWing,FinnedSwordfish	1.....89..8.27......5..82.7..1...4.5....1....7...5....3...........4..97..9.6.7.3.	1.....89..8.27......5..82.7..17..4.5....1.7..7...5....3...........4..97..9.6.7.3.	failures/top1465-1308.png	-	-	-
1309	Unique	Unique	false	56	2	HiddenSingle	.9...6...5....7..6..2...3....6..5..48.....79.7....2.......5..1....62...8.3...1.4.	.9...6...5....7..6..2...3....6..5..48...6.79.7....2.6.....5..1....62...8.3...1.4.	failures/top1465-1309.png	-	-	-
1310	Unique	Unique	false	49	13	HiddenSingle,NakedSingle,LockedCandidatesPointing,ClaimingBoxLineReduction,NakedTriple,FinnedSwordfish	..89....3.....15..6......4.3.57..168..1..............25.4.......8..24.....36....1	.589...13.3...15..61.....4.3.57..168..1.....4........25.4......18.324..5..36..4.1	failures/top1465-1310.png	-	-	-
1311	Unique	Unique	false	57	5	HiddenSingle,LockedCandidatesPointing	...2..7.6..5....9..3.6.........4.5...9.17.86......2.....1...45......4..3..8.1....	...2..7.6..54...9..3.6....5....4.5...9.17.86......2.....1...45......4..3..8.1....	failures/top1465-1311.png	-	-	-
1312	Unique	Unique	false	47	18	HiddenSingle,LockedCandidatesPointing,NakedPair,NakedSingle,FinnedSwordfish	....35.69.......8..1.9..3.......68.4.593......7.........25.....5....27.14........	748.35.699......8.21.9..3..3217.68.4.593......74......1.25.....5....27.14.7......	failures/top1465-1312.png	-	-	-
1313	Unique	Unique	false	49	13	HiddenSingle,LockedCandidatesPointing,ClaimingBoxLineReduction,NakedTriple,NakedSingle	.....42..8....9....64......3..7.5..957.........6..3.4...95..7.2.3.......7..4...16	.....42..8....9....64......34.7.5..957.94......6..35474.95..7.263.......7.54...16	failures/top1465-1313.png	-	-	-
1314	Unique	Unique	false	50	16	HiddenSingle,LockedCandidatesPointing,NakedSingle,NakedPair,ClaimingBoxLineReduction	.3.85.1..7..3..2....5..4.6..........284.....7...9..........6.1.6....5......48.3..	.3685217.7..36.2...25..4.63.........284.13..7...9..........6.1.6....5......48.3.6	failures/top1465-1314.png	-	-	-
1315	Unique	Unique	true	0	65	HiddenSingle,LockedCandidatesPointing,ClaimingBoxLineReduction,NakedSingle	..45....7.2..96............2.....9...438...1.....15.....5...43.78..........18....	864531297327496851519278643251743986943862715678915324195627438782354169436189572	-	-	-	-
1316	Unique	Unique	true	0	70	NakedSingle,HiddenSingle,LockedCandidatesPointing,ClaimingBoxLineReduction,NakedPair	..3..........51.....23....4......61...19.8..3.....62..798.........8........1.956.	813694725947251836562387194289435617671928453435716289798562341156843972324179568	-	-	-	-
1317	Unique	Unique	true	0	69	HiddenSingle,LockedCandidatesPointing,ClaimingBoxLineReduction,NakedTriple,NakedSingle	..2...3..1.4.......3....4.6..91.3.....6....2.....85....7...4.1.3..75.9..6........	962548371154367298837291456489123567516479823723685149278934615341756982695812734	-	-	-	-
1318	Unique	Unique	false	41	27	HiddenSingle,LockedCandidatesPointing,NakedSingle,ClaimingBoxLineReduction,FinnedXWing,NakedTriple	...9......85...6..4..2..........6..3..7.......2.43857......79.1......8.539...4...	...9.....9857436124..2.........76..3.37.92...12.43857.....279.1....198.5391854...	failures/top1465-1318.png	-	-	-
1319	Unique	Unique	false	38	34	HiddenSingle,LockedCandidatesPointing,NakedTriple,ClaimingBoxLineReduction,NakedQuad,NakedSingle	.....31.....2..7..43....92.8.2....5.65...4........1.....9.67...3...12.........48.	.....31.....2..7..43.1..92.8.2...35.65.3248....35816.25894672..3.48125.....93548.	failures/top1465-1319.png	-	-	-
1320	Unique	Unique	true	0	66	HiddenSingle,LockedCandidatesPointing,NakedSingle	..2......9...4.......671........8.......643.7....53.6.43.8...2.68.....5.7......1.	162389574973542681854671932396718245518264397247953168431895726689127453725436819	-	-	-	-
1321	Unique	Unique	false	41	27	HiddenSingle,LockedCandidatesPointing,ClaimingBoxLineReduction,NakedPair,NakedSingle,NakedQuad,FinnedXWing	....7......5.6..4..68..42..9...1.3.77............4..21..12....95......8...7....3.	....7..16.75.6.94..68..427.9...1.357716.2..9.853.4.621..12...695......8.6.74...3.	failures/top1465-1321.png	-	-	-
1322	Unique	Unique	false	56	13	HiddenSingle,LockedCandidatesPointing,ClaimingBoxLineReduction,NakedTriple,HiddenPair,NakedPair	.....16.......5..82...8.9.3.3.1.2...5....3......74.3...14........6...4.9..7....6.	.....16.......5..82...8.9.3.3.152..65....3......74.3...14........6...4.9..7....6.	failures/top1465-1322.png	-	-	-
1323	Unique	Unique	false	52	13	HiddenSingle,LockedCandidatesPointing,NakedPair	.9....7..27.4..9..8.43........5713.6.......8......9.....7.3.1......64....6......5	.9....7..27.4..9..8.43976.....5713.6.....3.8......9.....7.3516.....64....6......5	failures/top1465-1323.png	-	-	-
1324	Unique	Unique	true	0	73	HiddenSingle,LockedCandidatesPointing,NakedSingle	.64...7.....8.1.....3......5......28.7..6...........5.2..5.........4.3..1........	864952713752831964913674285596713428478265139321489657237596841685147392149328576	-	-	-	-
1325	Unique	Unique	false	46	17	HiddenSingle,NakedSingle,LockedCandidatesPointing,NakedPair,ClaimingBoxLineReduction	.3..8...4......36..6...1..2..3..2.......3815...8....2.2...64..9.862......7.......	.32.8...48...2.36..6.3.1..2..3..2..8.2..38157..8....232...64.39.862......7....2.6	failures/top1465-1325.png	-	-	-
1326	Unique	Unique	true	0	67	HiddenSingle,LockedCandidatesPointing,NakedTriple,NakedSingle,ClaimingBoxLineReduction,NakedQuad	..4....6.....15...6....7.5..9..2.3..3..7....9.....62........8.14..1...7...9..3...	574389162982615734613247958796421385321758649845936217237564891468192573159873426	-	-	-	-
1327	Unique	Unique	false	51	16	HiddenSingle,LockedCandidatesPointing,ClaimingBoxLineReduction,NakedTriple,UniqueRectangle	94.....7...2..76......21....7.8....55.9...86...36......9.7..1..7..9.4..8........6	94.....7...2.976....7.21....7.8....55.9..386...36......9.7..1..7..9.4..8......796	failures/top1465-1327.png	-	-	-
1328	Unique	Unique	false	47	26	HiddenSingle,LockedCandidatesPointing,NakedSingle,NakedTriple,ClaimingBoxLineReduction	7.8......4.1....5......74...2..5..8...4.9.2.......6.4.893.4................2..3.9	7.84...9.4.1....5......743..2..54.8...4.9.27.....26.4.893641.2.......8.4.4.2..3.9	failures/top1465-1328.png	-	-	-
1329	Unique	Unique	false	51	14	HiddenSingle,LockedCandidatesPointing	.3.....6....54.2..2...9...7......1.......8.4.....56.7...63....8.45.......87..4...	.3.....64...54.2..2.469...7......1.......8.4.....56.7..263754.8.45...7...87..4...	failures/top1465-1329.png	-	-	-
1330	Unique	Unique	true	0	69	HiddenSingle,LockedCandidatesPointing,FinnedXWing,NakedSingle,ClaimingBoxLineReduction,NakedPair	.264.....85.........95...7...2.36...........6.7...5..8.1......4....92.5......7.3.	326479185857321469149568273482936517591784326673215948218653794734892651965147832	-	-	-	-
1331	Unique	Unique	false	52	9	HiddenSingle,LockedCandidatesPointing,ClaimingBoxLineReduction	...5.1..2......4.12.......798..1.....42.6..19.....2..3.1..9..3.79..8...6.........	...5.1..2....2.4.12.1.....798..1.....42.6..191..9.2..3.1..9..3.79..8...6.2.......	failures/top1465-1331.png	-	-	-
1332	Unique	Unique	false	52	11	HiddenSingle,LockedCandidatesPointing,NakedSingle,NakedQuad	....6...58..5..2.....8....641.....9....71....7..4....82....3..7..7.8..6..9.....3.	...36...58..5..2.....8..3.641....793...71...47..43...82....3..7..7.8..6..9.....3.	failures/top1465-1332.png	-	-	-
1333	Unique	Unique	false	41	33	HiddenSingle,LockedCandidatesPointing,ClaimingBoxLineReduction,NakedPair,NakedTriple,NakedSingle,NakedQuad,FinnedSwordfish	1....5....3.4..9...7......4..1.........5.97.36.............4.79..8.1.4......8...5	1.4.95..7.3.47.9.1.7......4..1......4825697136.........1..548795.891743..4..8.1.5	failures/top1465-1333.png	-	-	-
1334	Unique	Unique	false	47	17	HiddenSingle,LockedCandidatesPointing,NakedPair	..1..5..6.....9.4.39.....7.2...3...1.8.....9....8.6.....34.........1..8...69..3..	..1.85936...3.914.39.....7.2.9.3.8.1.8.....9313.896.....34.........13.8...69..3..	failures/top1465-1334.png	-	-	-
1335	Unique	Unique	true	0	73	HiddenSingle,NakedSingle,LockedCandidatesPointing,ClaimingBoxLineReduction,NakedPair	...8...2...6...3...4.2.......3...6.15..9.....8........29.....5.....7........6....	359816427126754398748293165973425681564981273812637549291348756685172934437569812	-	-	-	-
1336	Unique	Unique	false	50	21	LockedCandidatesPointing,NakedTriple,HiddenSingle,NakedSingle,NakedPair,NakedQuad,Swordfish	.....7.1.....4.5...4...3..7..36...9..579.....1.....8...3..59...2.6...1.....2.....	36.5.7.1.71.84.5...4.1.3..7..36...9.6579.....1.....8...31.59...2.6...1.....2.....	failures/top1465-1336.png	-	-	-
1337	Unique	Unique	false	49	11	NakedSingle,LockedCandidatesPointing,HiddenSingle	72..1.....4....8.3..8..........7..31..952.6......8..4......2.....164...9.5....4.8	72..1.5.4.4.2..8.3..8.....2....7..31..952.687....8..45.....2..6..164...9.5....4.8	failures/top1465-1337.png	-	-	-
1338	Unique	Unique	false	49	20	HiddenSingle,LockedCandidatesPointing,NakedQuad,NakedSingle,FinnedXWing,NakedPair,UniqueRectangle	6..9.....5..1....71.38....4..6...93.....2.........5.82..1......2.....4138...3....	6..9.....5..1....71.38....4.26.18935....2..4..1...5.82.31......2...8.4138...31...	failures/top1465-1338.png	-	-	-
1339	Unique	Unique	true	0	77	HiddenSingle,LockedCandidatesPointing,NakedSingle,ClaimingBoxLineReduction,NakedPair	5..47.....2....9............3.1.9..........87...2.....7.4.6.........31..8........	589472613326815974471396825237189456195634287648257391714968532952743168863521749	-	-	-	-
1340	Unique	Unique	false	54	14	HiddenSingle,LockedCandidatesPointing,NakedTriple,ClaimingBoxLineReduction,NakedSingle,NakedQuad	37.1.....6....5..48........4...8.3...169...8.......2.....7.....9..4..8.6....2...9	37.1....86..8.5..48........4...8.36..169..48.......29....7.....9..4..8.6....2...9	failures/top1465-1340.png	-	-	-
1341	Unique	Unique	true	0	65	HiddenSingle,LockedCandidatesPointing,NakedSingle	16.4...3........7.58..2...1.1.9.....4.......8.28..6.9....738.........5.6..4......	162457839943861275587329461615983742439172658728546193256738914371294586894615327	-	-	-	-
1342	Unique	Unique	false	53	6	HiddenSingle,LockedCandidatesPointing	.6.9..3......7....123........7..9..6....6....84.....2.5928...4......58..6....7..1	76.9..3......7....123........7..9..6....6....846....2.5928...4..71..58..6....7..1	failures/top1465-1342.png	-	-	-
1343	Unique	Unique	false	29	37	HiddenSingle,LockedCandidatesPointing,ClaimingBoxLineReduction,NakedSingle,NakedPair,FinnedXWing	..8....2.7.4....8.1..9..6...7..6.5.......3.69.2....74...65....3.8...4............	5.8.4..2.7.4....8.13298.6.4971468532845..31696231..7484165..8.338...42..25.83.4..	failures/top1465-1343.png	-	-	-
1344	Unique	Unique	false	52	10	HiddenSingle,LockedCandidatesPointing,ClaimingBoxLineReduction	..247..58..............1.4.....2...9528.9.4....9...1.........3.3....75..685..2...	..247..58..............1.4.....2...952819.4....9...1252......3.3....75.2685..2...	failures/top1465-1344.png	-	-	-
1345	Unique	Unique	false	52	6	HiddenSingle,LockedCandidatesPointing,ClaimingBoxLineReduction	..2....4..1.....328....1.7...7.15.6..5....4.7.........79.5...2...6..2...2..89.6..	.72....4..1.....328....1.7...7.15.6..5....4.7.........79.5...2...61.27..2..8976..	failures/top1465-1345.png	-	-	-
1346	Unique	Unique	false	54	5	HiddenSingle,ClaimingBoxLineReduction	...5...4.....132.7....4.6..4.......2.5.........27..3.9.6.3.2.8...7........18..7..	...5...4.....132.7....4.6..4.......2.5.........27.43.9.6.372.8...74.1.....18..7..	failures/top1465-1346.png	-	-	-
1347	Unique	Unique	false	51	15	HiddenSingle,LockedCandidatesPointing,ClaimingBoxLineReduction,NakedTriple,NakedSingle	.....21..9.2.7..3..8.3.................5..7.4136.......7..6582....8.4..........6.	.....21..9.2.7..3..8.3........2........536714136..7....7..6582....8.4......7.346.	failures/top1465-1347.png	-	-	-
1348	Unique	Unique	true	0	69	HiddenSingle,LockedCandidatesPointing,NakedSingle,NakedPair	.8..7.........46...1...........2..716.53.....4........3....6......7...8.......5..	286573914753914628914268753839625471675341892421897365398156247542739186167482539	-	-	-	-
1349	Unique	Unique	true	0	66	HiddenSingle,LockedCandidatesPointing,ClaimingBoxLineReduction,NakedSingle,NakedPair	.7...1...92..8.....64..92.52.....9...9...6.1...7...8.....8..6.........5.4....512.	875621394923584761164739285246158973398476512517293846751842639632917458489365127	-	-	-	-
1350	Unique	Unique	false	51	11	NakedSingle,HiddenSingle,LockedCandidatesPointing,ClaimingBoxLineReduction,NakedTriple	.3.6..8........7.5...5...126..4......149.....8.2.6...........7.....8.2.19.1....4.	.3.6..894...8..7.5...5...126..4..1...149.....8.2.6.4........97.....892.19.1....4.	failures/top1465-1350.png	-	-	-
1351	Unique	Unique	false	47	28	HiddenSingle,LockedCandidatesPointing,ClaimingBoxLineReduction,NakedPair,NakedTriple,NakedQuad,FinnedXWing,FinnedSwordfish	..7........48........123..5...91...46....29...1....2..4.........7....1.9...3.68..	..7..9.....48.7.9..6.123475...91..6464...29...1....2..4....1..6.76...1.9..13.68..	failures/top1465-1351.png	-	-	-
1352	Unique	Unique	false	52	12	HiddenSingle,LockedCandidatesPointing	...46....84......3.5..8....312.5.4.....3........1.6...2.....98......7..4.95.2..1.	.2.46....84......3.5..8..4.312.5.4.....3.2......1.6.3.2.....98......7..4.95.2.31.	failures/top1465-1352.png	-	-	-
1353	Unique	Unique	true	0	74	NakedSingle,HiddenSingle,LockedCandidatesPointing,NakedPair,ClaimingBoxLineReduction,NakedTriple	....3......3.1.75.42.8..........93.56...4....9.8.........2..8.......36.9.17......	176532984893416752425897136742689315631745298958321467369254871584173629217968543	-	-	-	-
1354	Unique	Unique	true	0	67	HiddenSingle,LockedCandidatesPointing,NakedQuad,NakedSingle,NakedTriple	1..6........7......74..13..73.....18..89...........26.....5..2....82...5.953.....	153648792926735481874291356732564918618972543549183267381457629467829135295316874	-	-	-	-
1355	Unique	Unique	true	0	69	HiddenSingle,LockedCandidatesPointing,NakedPair,ClaimingBoxLineReduction,NakedSingle	..8.5....65..1...4......1.7.....47.9..2.......3....8...6.3.....8....75...9..62...	418753296657219384329486157186524739572938641934671825261345978843197562795862413	-	-	-	-
1356	Unique	Unique	false	39	28	NakedSingle,HiddenSingle,LockedCandidatesPointing,ClaimingBoxLineReduction,NakedTriple	....92...5...8.6....63..1....12.7....2..4....9..538..........8........977.8.....3	..36928..5...8.63..863..1.9351267948827.4.3..9645387.........8....8...977.8.....3	failures/top1465-1356.png	-	-	-
1357	Unique	Unique	false	51	14	NakedSingle,HiddenSingle,LockedCandidatesPointing,NakedPair,ClaimingBoxLineReduction,NakedQuad,FinnedXWing	7..9.2..53.....9.7.4.7...8....2.........1..3...46..21..1.......2.7...6...3...1..8	7..9.2..53..1..9.7.4.7...8.1.32.........1..3...46..219.1.......2.73..6.1.3...1..8	failures/top1465-1357.png	-	-	-
1358	Unique	Unique	false	48	26	HiddenSingle,LockedCandidatesPointing,ClaimingBoxLineReduction,NakedTriple,NakedQuad,UniqueRectangle	.2..58.9.5.3.6..4..6....8..1...3.....9..1..2....5....7...9........7.....6.4...5..	.2..58.9.583.6974..6..7.8..1...3.9...9..1..2....59...7...9...7....7.....674.2.589	failures/top1465-1358.png	-	-	-
1359	Unique	Unique	false	36	27	HiddenSingle,LockedCandidatesPointing,FinnedXWing,NakedPair,NakedSingle,NakedTriple,ClaimingBoxLineReduction	...6...5....3......2..947..6.9..23.8.1.....26.......4.3....6..9..89.3...4..27....	93.6...5..4.3...9.82..947..659..23.871483..26283.6..4.372..6.89.689.3...49.278...	failures/top1465-1359.png	-	-	-
1360	Unique	Unique	false	54	6	HiddenSingle,LockedCandidatesPointing,ClaimingBoxLineReduction	...4...62.5.81......7......1.29.8.........3..9...6.....241..6....1..67..6.....23.	...4...62.5681......76.....1.29.8.........3..9...6.....241..6....1..67..6.....231	failures/top1465-1360.png	-	-	-
1361	Unique	Unique	true	0	72	LockedCandidatesPointing,NakedTriple,NakedSingle,HiddenSingle	8.......1...95.................7.42.3.16...............4....57.6..3.8.........2..	895432761416957382732816945968571423321694857574283619243169578657328194189745236	-	-	-	-
1362	Unique	Unique	false	44	29	HiddenSingle,LockedCandidatesPointing,ClaimingBoxLineReduction,NakedTriple,NakedSingle,NakedPair	.472.........96..1..2........6..4.3...8.1.......8........9....36....274.7.4..8..9	.472....6853.96..1.62........6..4.38..8.1.......8........947..3689132745734..8..9	failures/top1465-1362.png	-	-	-
1363	Unique	Unique	false	53	10	NakedSingle,HiddenSingle,LockedCandidatesPointing,ClaimingBoxLineReduction,HiddenPair	..9..1....7.8.....1....6.3.4....36......5......5.7.24.....6...8.3....1.26....8.5.	..9..1....7.8.....1....6.3.4...836.5....5......5.7924.....6...8.3....1626...18.5.	failures/top1465-1363.png	-	-	-
1364	Unique	Unique	true	0	65	HiddenSingle,LockedCandidatesPointing,NakedSingle	..2.4.......5.1..39...8.....1..3..78.9.........8.1...6..5....8.3...2.5.4471......	132749865847561293956382741514236978693478152728915436265194387389627514471853629	-	-	-	-
1365	Unique	Unique	false	53	7	HiddenSingle,LockedCandidatesPointing,NakedSingle	9...4.5...2.....1....581....8...76..3....4..5.5.....97.......6..32..54..1....2...	9..24.5...2.....1....581...28..576..3....4..5.5.....97.......6..32..54..1....2.5.	failures/top1465-1365.png	-	-	-
1366	Unique	Unique	true	0	66	HiddenSingle,LockedCandidatesPointing,NakedSingle,NakedPair,FinnedXWing,FinnedSwordfish	1.2..49...4..9....9..7.1.....45....6.3.........8.621....1..9...4..1..5...6....8..	172384965843695271956721384214538796635917428798462153321859647489176532567243819	-	-	-	-
1367	Unique	Unique	false	52	13	NakedSingle,HiddenSingle,LockedCandidatesPointing,NakedPair,NakedTriple,UniqueRectangle	.6..3....1..2.....2...7..5.9........5..8...41.....29.8.......64.....6.....41.95.2	.6..3.2..1..2.....2...7..5.9......255..89..41.....29.8.......64.....6...6.41895.2	failures/top1465-1367.png	-	-	-
1368	Unique	Unique	false	50	16	HiddenSingle,LockedCandidatesPointing,NakedPair,NakedTriple,NakedSingle,FinnedXWing,FinnedSwordfish	........185....67...64..5..6....2..3..467..1...8...........6.....3.1..49..1.34...	....6.3.185....674..64.75..6....2..3..467..1...8...........613..63.1..49..1.34...	failures/top1465-1368.png	-	-	-
1369	Unique	Unique	false	36	37	HiddenSingle,LockedCandidatesPointing,ClaimingBoxLineReduction,NakedPair,NakedSingle,NakedTriple,HiddenPair,FinnedSwordfish	4..8....37.......4..372...6.2.....6..3.5..7.....6..9..8.....4...1...5....5..9....	49.8...7376.9....4.83724.9692..47.6.63.5.9742.476.29..879...4...1..75..9.5..98..7	failures/top1465-1369.png	-	-	-
1370	Unique	Unique	false	48	17	HiddenSingle,LockedCandidatesPointing,ClaimingBoxLineReduction,NakedPair,NakedSingle,FinnedXWing	..24...9..7.3.....9.4..13.5..8...........5.1.74.....2...186.9........4.2...2...5.	..24...9..7.3..2..9.4.213.5..8..2........5.1.74.1...2...18649.....51.4624..2...5.	failures/top1465-1370.png	-	-	-
1371	Unique	Unique	true	0	73	HiddenSingle,LockedCandidatesPointing,ClaimingBoxLineReduction,NakedTriple,NakedPair,NakedSingle,FinnedXWing	....9.......681.4....4..2.1....3...6..1..........26859.47.........9.5...2.8...1..	184592637732681945569473281825739416691854372473126859947218563316945728258367194	-	-	-	-
1372	Unique	Unique	false	57	9	HiddenSingle,LockedCandidatesPointing,ClaimingBoxLineReduction,NakedPair,FinnedXWing	.....1...9.8....3....36.4...8.1....3.7..5......2...6....3....9.5......84.1...5.7.	.....1.6.968....3....36.4...8.1....3.7..5......2...6....3....9.5......84.1...5.7.	failures/top1465-1372.png	-	-	-
1373	Unique	Unique	true	0	66	HiddenSingle,LockedCandidatesPointing,NakedSingle,ClaimingBoxLineReduction,NakedPair	.......7...63...1.8794..3.6..8...1.9...26.........45..72..8............3..1...6..	312658974546397218879421356268735149154269837937814562723586491695142783481973625	-	-	-	-
1374	Unique	Unique	false	43	28	LockedCandidatesPointing,HiddenSingle,ClaimingBoxLineReduction,NakedTriple,NakedSingle	..........73...5...527.8...1......9...6....4.9.4.31..........23......76....6.94..	.91.......73...51..52718.3.1.54...9.7.6....4.9.4.31...56.....2324....76.3176294..	failures/top1465-1374.png	-	-	-
1375	Unique	Unique	false	54	7	NakedSingle,HiddenSingle,LockedCandidatesPointing,NakedQuad	.47.8...1............6..7..6....357......5....1..6....28..4.....9.1...4.....2.69.	.47.8..61.6..........6..7..62..1357......5..6.1..6....28..4.....9.1...4.....2.69.	failures/top1465-1375.png	-	-	-
1376	Unique	Unique	false	55	6	LockedCandidatesPointing,NakedPair,NakedSingle,ClaimingBoxLineReduction	.4..1....5..4.8....612........1.7..3......5..4.3...81.9........7.6.3.9.2....697..	.4..1....5..4.8....612........1.7..3......5..4.3...81.9..7.....7.6.3.9.2....697..	failures/top1465-1376.png	-	-	-
1377	Unique	Unique	true	0	66	NakedSingle,HiddenSingle,LockedCandidatesPointing,ClaimingBoxLineReduction,NakedPair	1.....6....769..42..47.....51.9.......8175..4....8...6..1...8.93...17............	132458697857691342964723581513946278628175934749382156271534869396817425485269713	-	-	-	-
1378	Unique	Unique	false	54	12	HiddenSingle,NakedSingle,LockedCandidatesPointing,NakedPair,NakedTriple,NakedQuad	....935..........82......47......8...6.4....98...5972.4...2...679...........1....	6...93512........82......47......86..6.4....98..65972.4...2...679...........1....	failures/top1465-1378.png	-	-	-
1379	Unique	Unique	false	28	41	HiddenSingle,LockedCandidatesPointing,ClaimingBoxLineReduction,NakedSingle,NakedPair,NakedQuad,FinnedSwordfish	.362...8......1.3...7..5....1.....4....1.3.5.....6...9...9....847....9..2....4.1.	.362.9.8.9...81.3...7.35.9..1..98.4..9.1.385...3.62179351927468478316925269854.1.	failures/top1465-1379.png	-	-	-
1380	Unique	Unique	false	51	8	HiddenSingle,LockedCandidatesPointing,NakedPair,FinnedXWing	.3...9...8.5..1....4..8.......2..6.8....7..4.7..4..3.5..1...8...7..5421...6....53	.3...9.8.8.5..1....4..8......42..678....7..4.7..4..3.5..1...8...7..5421...61...53	failures/top1465-1380.png	-	-	-
1381	Unique	Unique	false	43	28	HiddenSingle,LockedCandidatesPointing,NakedTriple,ClaimingBoxLineReduction,NakedQuad,NakedSingle,UniqueRectangle	....6...8..2......49....31...6.34........85..94...1......2.94...8.......51.....3.	....6...88621.3...49...2316.56.34....2.6.85..948521..36..2.94..28.3.....51.....3.	failures/top1465-1381.png	-	-	-
1382	Unique	Unique	true	0	62	HiddenSingle,LockedCandidatesPointing,NakedSingle,NakedPair,FinnedSwordfish	......82..18.36.....7........34.1...6...7..89........28...4.76..94.5...........4.	546917823918236574327584196283491657651372489479865312832149765794658231165723948	-	-	-	-
1383	Unique	Unique	true	0	62	NakedSingle,HiddenSingle,LockedCandidatesPointing	5..........42.8..3.....3......6.54...9..3......8.49.........5..7.....64.6.2...17.	583497216914268753276513984327685491495132867168749325841976532759321648632854179	-	-	-	-
1384	Unique	Unique	false	51	13	HiddenSingle,LockedCandidatesPointing,FinnedXWing,FinnedSwordfish,NakedSingle	...2..7.6.....614.4....8.2.38.....9...53.1.......6....5..9.23..2......7..79......	8..2..7.6.....61484....8.2.38.....9...53.1.8....86....5.89723..2......7..79......	failures/top1465-1384.png	-	-	-
1385	Unique	Unique	false	50	8	HiddenSingle,LockedCandidatesPointing	..4.98...5.9.3.......7...4.......92.3.....8...82..95..9....6..3.2..537..1........	..4.98...5.9.3.......7.5.49...38.92.39.5..8...82..953.9....6..3.2..537..1........	failures/top1465-1385.png	-	-	-
1386	Unique	Unique	false	50	16	NakedSingle,HiddenSingle,LockedCandidatesPointing,ClaimingBoxLineReduction,NakedPair,NakedTriple	..3.8.2........6.....6.2..1.....9.....7.3.4..94.8.......42..3..718........9..5..8	..3.8.2........68...56.2931.....98....7.3.4..94.8....3..42.83..718...5....9..5..8	failures/top1465-1386.png	-	-	-
1387	Unique	Unique	false	53	7	NakedSingle,HiddenSingle,LockedCandidatesPointing,ClaimingBoxLineReduction,NakedTriple	..3...6......24.....43.1...23.8..4.9.4......87....23......5.89.....7..1.5....3...	..3...6..8...24.3...43.1...23.8..4.9.4..3...87....23......5689.....7..1.5....3...	failures/top1465-1387.png	-	-	-
1388	Unique	Unique	false	44	22	HiddenSingle,LockedCandidatesPointing,NakedSingle,FinnedXWing	.361...2.8...6............7.....5....9..213....4....19.2....7..5..894.........1..	.361...2.8...6...1......6.7...98547279.4213.62.4....19.2..1.7..5..894263......1..	failures/top1465-1388.png	-	-	-
1389	Unique	Unique	false	48	18	HiddenSingle,LockedCandidatesPointing,ClaimingBoxLineReduction,NakedPair,NakedTriple,NakedSingle,NakedQuad	.3.6.8....47..........1.89..7....18....8.23..6......5....4.15....8.2...6.1.......	.3.6.8..58472..631....1.89..7....18....8.236.68.1...5....4.15....8.2..16.1.......	failures/top1465-1389.png	-	-	-
1390	Unique	Unique	false	53	10	HiddenSingle,LockedCandidatesPointing,NakedPair,NakedSingle,FinnedXWing	...2.6....7......59.....34...7..1......6......5....2.3.9..47.3.43......8..5..9..2	5..2.6....7.....259.....34...7..1......6......5....2.3.9..4753.43......87.5..94.2	failures/top1465-1390.png	-	-	-
1391	Unique	Unique	false	43	28	NakedSingle,HiddenSingle,LockedCandidatesPointing,NakedPair,ClaimingBoxLineReduction,HiddenPair,FinnedXWing,NakedTriple	....8..5.93....7.....6.1..2698.4.5.........4.5.....2.84...2..7..69.......52...9..	....8..5.93..5.78.8.56.1.92698.4.5.7....6..495...9.26848..2..7..69...82..52...9..	failures/top1465-1391.png	-	-	-
1392	Unique	Unique	true	0	71	HiddenSingle,NakedSingle,LockedCandidatesPointing,NakedQuad	.152............86..4..........4.1..9......3.....1....6..8.9...37.............5..	815264379293175486764398215586943127921587634437612958652839741379451862148726593	-	-	-	-
1393	Unique	Unique	true	0	75	HiddenSingle,LockedCandidatesPointing,NakedTriple,NakedSingle,NakedPair	..1...6.....9...3....5.....6...24.......3..97...1..........24..15.......97.......	531247689246918735789563124697824513418635297325179846863792451154386972972451368	-	-	-	-
1394	Unique	Unique	false	29	37	HiddenSingle,LockedCandidatesPointing,NakedTriple,FinnedXWing,NakedQuad,NakedSingle,ClaimingBoxLineReduction	.....2.......7...17..3...9.8..7......2.89.6...13..6....9..5.824.....891..........	....12.78....7..517.138.29686.7..14.427891635.13..678.396157824.7..689131.....567	failures/top1465-1394.png	-	-	-
1395	Unique	Unique	false	51	16	NakedSingle,HiddenSingle,LockedCandidatesPointing,NakedPair,NakedQuad,FinnedXWing	........4..415..9.9....6....26.75.4.......9..4......8..7.......64..2.7....2...3.6	........4..415..9.9....6..1826975143......9..4......8..7....42.64..2.7....2...3.6	failures/top1465-1395.png	-	-	-
1396	Unique	Unique	true	0	63	HiddenSingle,LockedCandidatesPointing,NakedTriple,NakedSingle	5....82...2..5.9....69....8..18......4.....72........345.1.9....19..48.......6...	594368217328751964176942358731825649845693172962417583453189726619274835287536491	-	-	-	-
1397	Unique	Unique	false	32	33	NakedSingle,HiddenSingle,LockedCandidatesPointing,ClaimingBoxLineReduction,NakedPair	9..5...3...4..3..2....21.5...6.1..4...3.69...2..4...........46978.2..............	9.25.4.3.154.93..2.3..21954.96312.4...3.69...21.45..9.3251..469789246.1...1935...	failures/top1465-1397.png	-	-	-
1398	Unique	Unique	false	49	12	NakedSingle,HiddenSingle,LockedCandidatesPointing	9....8.....6.9....3..4....1..9....478..67......7....235......1...316...9.......7.	9....8.6...6.9..3.37.4.69.1..9....478..67.195..7....235......1.7.316...9.......7.	failures/top1465-1398.png	-	-	-
1399	Unique	Unique	true	0	67	HiddenSingle,NakedSingle,LockedCandidatesPointing,ClaimingBoxLineReduction,NakedPair,NakedQuad	.761.9...9...6...1......4....5.2....3.......57....523.4..6.........1.......28.7..	876149523943562871152738469685321947329476185714895236498657312237914658561283794	-	-	-	-
1400	Unique	Unique	false	57	11	HiddenSingle,LockedCandidatesPointing,ClaimingBoxLineReduction,NakedPair,NakedTriple,NakedQuad	....9.7..8....3.6.7.3....2...6.471............2.1....5.9.6........5..68...4....5.	....9.7..8.9..3.6.7.3....2...6.471..........6.2.1....5.9.6........5..68...4....5.	failures/top1465-1400.png	-	-	-
1401	Unique	Unique	true	0	64	HiddenSingle,LockedCandidatesPointing,NakedPair,ClaimingBoxLineReduction,NakedSingle	........1.6...379..9......82.61..5......8..2...93....7..2..7.4..5.2.....7...38...	528769431461823795397415268236174589175986324849352617682597143953241876714638952	-	-	-	-
1402	Unique	Unique	false	47	25	HiddenSingle,LockedCandidatesPointing,ClaimingBoxLineReduction,NakedTriple,NakedSingle,NakedPair,NakedQuad	9...2.7...4..6........8.3....8....2.....9....51...7.....1.75..6..........67....82	98..2.7...4..6.2.8....8.3...98.56.2...4.9....51...7.....1.759.6.596......67.1.582	failures/top1465-1402.png	-	-	-
1403	Unique	Unique	true	0	61	HiddenSingle,LockedCandidatesPointing,NakedTriple,NakedSingle	19.........2..4.793........45..........28..6.2.....73....17.6...4.63..1.........5	194867253862354179375921486456713892731289564289546731923175648548632917617498325	-	-	-	-
1404	Unique	Unique	true	0	67	NakedSingle,HiddenSingle,LockedCandidatesPointing,NakedPair,ClaimingBoxLineReduction	12.5.76..8.....4.........5.......9.8....2....7.3....2....8....6..96.38...7...2..4	124597683835261479967348251241735968586129347793486125312854796459673812678912534	-	-	-	-
1405	Unique	Unique	false	51	16	HiddenSingle,NakedTriple,LockedCandidatesPointing,NakedQuad,HiddenTriple,FinnedSwordfish,NakedSingle	....4.....14.....6..29.3...2...7..9..9....5..6.5..1..35.....72...6.....1.....7.3.	....4.....147....68.29.34..2...7.19..9....56.6.5.91..35.....72...6.....1.....763.	failures/top1465-1405.png	-	-	-
1406	Unique	Unique	true	0	68	HiddenSingle,LockedCandidatesPointing,NakedSingle	.....8....3...57....4....61....6.3..7...2....9.2.4......1....9.37....5.....3.....	617498235238615749594732861145967382763821954982543617851276493379184526426359178	-	-	-	-
1407	Unique	Unique	false	36	39	HiddenSingle,LockedCandidatesPointing,NakedSingle,NakedPair	......6.2.3.8......1..........5..73.9..4.....2........5....6.4.....2.1......9....	785943612.328.1....192.73..8..5127399..4.8...2..6.9...5.7186.433..72.1..1..39....	failures/top1465-1407.png	-	-	-
1408	Unique	Unique	true	0	74	HiddenSingle,LockedCandidatesPointing,NakedQuad,NakedSingle	.5.8.6..........27...3......6.5..8..7....1...4........2...7..........38.....4....	957826413813459627624317958362594871785631249491782536248973165179265384536148792	-	-	-	-
1409	Unique	Unique	true	0	67	HiddenSingle,LockedCandidatesPointing,NakedQuad,HiddenPair,NakedTriple,NakedSingle	.5.....8...4...9.6...6.9..1...5.7.4...2.......3......7..19.4...2.....5.4..5..8...	956741382124385976873629451618537249742896135539412867361954728287163594495278613	-	-	-	-
1410	Unique	Unique	false	47	19	HiddenSingle,LockedCandidatesPointing,ClaimingBoxLineReduction,NakedPair	6..........574..6.94.8.......4...2...6...8.4......15.7.3.........7....24.....3..1	67....4....574..6.94.8.6.....4..72.676...8.4....4615.7.3...4.....76..3244....3..1	failures/top1465-1410.png	-	-	-
1411	Unique	Unique	true	0	71	HiddenSingle,LockedCandidatesPointing,NakedTriple,ClaimingBoxLineReduction,HiddenPair,FinnedSwordfish,NakedSingle	2.6953........2....8.....3......9......3..1...53.4..7.1.2........8.....1...4..65.	276953814435812769981764235614279583729385146853146972162538497548697321397421658	-	-	-	-
1412	Unique	Unique	true	0	72	HiddenSingle,LockedCandidatesPointing,ClaimingBoxLineReduction,NakedPair,NakedSingle	.2...6....5...72...6..81....1...53....8.9......9......4..6....8......7137........	123456897854937261967281435216745389378192654549368172431679528695824713782513946	-	-	-	-
1413	Unique	Unique	true	0	65	HiddenSingle,LockedCandidatesPointing,ClaimingBoxLineReduction,NakedTriple,NakedSingle	6......5..1..39.6..8..2...4...8...........9....1..5...9......4..2..7.........4817	642781359715439268389526174296817435457362981831945726978153642124678593563294817	-	-	-	-
1414	Unique	Unique	true	0	75	HiddenSingle,LockedCandidatesPointing,NakedSingle,NakedPair,ClaimingBoxLineReduction,NakedTriple,NakedQuad,FinnedSwordfish	..47.8.....8.....2...6..1..3...54..7.....9.....9...5...87....3.....13..4.2.....6.	214738659678591342935642178362154897851379426749826513487965231596213784123487965	-	-	-	-
1415	Unique	Unique	true	0	71	HiddenSingle,LockedCandidatesPointing,NakedTriple,ClaimingBoxLineReduction,NakedQuad,FinnedXWing,NakedSingle,NakedPair	1..3....7..6.9.....4...5.....3...8..6.1.3....7...6..35.....67984.............8.1.	125384967836791524947625381253149876681537249794862135312456798478913652569278413	-	-	-	-
1416	Unique	Unique	true	0	65	LockedCandidatesPointing,ClaimingBoxLineReduction,HiddenSingle,NakedTriple,NakedSingle	1......6...72....49......7..3.49.............69...8.5.32.8.7.....6....1....5.683.	142379568867251394953684271231495687578163429694728153325817946486932715719546832	-	-	-	-
1417	Unique	Unique	true	0	71	HiddenSingle,LockedCandidatesPointing,NakedTriple,NakedSingle,ClaimingBoxLineReduction,NakedPair	.8...6.....9....2..6..1....17..2...33.....471..............28195..3........14....	781296354439857126265413798176924583392685471854731962643572819518369247927148635	-	-	-	-
1418	Unique	Unique	false	36	26	HiddenSingle,NakedSingle,LockedCandidatesPointing,ClaimingBoxLineReduction,NakedPair	...4.8.2..3..9..8.....6..94.....5...6..8......12.36..8..1....6.46.5......9.....1.	976458.2..34.97.8....36.794.89.45...64.8.9.5.512736948..19...6.46.5....9.9.6...1.	failures/top1465-1418.png	-	-	-
1419	Unique	Unique	true	0	69	HiddenSingle,LockedCandidatesPointing,NakedSingle,ClaimingBoxLineReduction	7.....13....1.64..6....7.8.429.........2.........8.....9.81..........6.9..53.....	742598136958136427631427985429671358863245791517983264296814573384752619175369842	-	-	-	-
1420	Unique	Unique	false	50	18	HiddenSingle,LockedCandidatesPointing,NakedTriple,NakedQuad,ClaimingBoxLineReduction,FinnedXWing,HiddenTriple	.5.6...14.1.7.3..........5...1...63..69..2......3....26.2..14.........2...3.....7	.5.6..314.1.7532...3....75..21...63.369..2......3....26.2..14.........2...3....67	failures/top1465-1420.png	-	-	-
1421	Unique	Unique	false	44	17	NakedSingle,HiddenSingle,LockedCandidatesPointing,ClaimingBoxLineReduction	..67......1..5..863....6...6...1...2159..4.........8.....8....7......3...216..9..	..67.8.3..1..5..863..1.6...6...1...2159284..3....6.8.....8....78...7.3..721635948	failures/top1465-1421.png	-	-	-
1422	Unique	Unique	true	0	65	HiddenSingle,LockedCandidatesPointing,ClaimingBoxLineReduction,NakedTriple,NakedSingle,NakedQuad	.....37..8..72...1.......632...5.8..4...32.......6.3.......9.2...8...4..74.......	152693784863724951974581263231457896486932175597168342315849627628375419749216538	-	-	-	-
1423	Unique	Unique	true	0	68	HiddenSingle,LockedCandidatesPointing,NakedSingle,ClaimingBoxLineReduction,FinnedXWing	..874.9..1..5....7....2...5...8..49.....7....62.93......3......78....1.9.....2...	258741936139568247467329815375816492891274653624935781913687524782453169546192378	-	-	-	-
1424	Unique	Unique	false	48	23	HiddenSingle,LockedCandidatesPointing,ClaimingBoxLineReduction,NakedPair,NakedSingle,NakedQuad,FinnedSwordfish,NakedTriple	.6.28......5.......7....318..165........2...5.....7..6..9.48...78.....3.2.......9	.6.28...78.5.......72...318.2165...36.782...5..8..7..6..9.48...78...2.3.2.......9	failures/top1465-1424.png	-	-	-
1425	Unique	Unique	true	0	63	NakedSingle,HiddenSingle,LockedCandidatesPointing,ClaimingBoxLineReduction	....3..7.9.1....52..7.....4....9......2..8..96..7...2..4...6.....6.57..13..1.....	824935176961874352537621984483592617712468539659713428145286793296357841378149265	-	-	-	-
1426	Unique	Unique	true	0	65	HiddenSingle,LockedCandidatesPointing,NakedSingle	.67....83....4....58....1.26...9...882.5..9.......7..........36.5.8.....9..4.....	167925483392148567584673192675294318823516974419387625241759836756831249938462751	-	-	-	-
1427	Unique	Unique	false	34	32	HiddenSingle,LockedCandidatesPointing,NakedSingle,ClaimingBoxLineReduction,NakedPair	.8....1..7..14.2..4..............5.3.4..7...8..64.1.......6..........8.5.53..2..1	38....1547.514823.4.1.35.8...7...54354..7.618836451.....85643....4.1.8.5.53..24.1	failures/top1465-1427.png	-	-	-
1428	Unique	Unique	false	49	22	HiddenSingle,LockedCandidatesPointing,NakedPair,NakedSingle,ClaimingBoxLineReduction,NakedQuad,XWing,FinnedXWing,FinnedSwordfish	9.....2....7.....3.6.2...8.........2649...5...517...6...4..59.....1.46...9.......	9.....2.6.27.....3.6.2..78.........2649...5..2517...6...46.592...21946...96......	failures/top1465-1428.png	-	-	-
1429	Unique	Unique	false	48	17	NakedSingle,HiddenSingle,NakedTriple,LockedCandidatesPointing,ClaimingBoxLineReduction,NakedQuad,HiddenPair	1.2.5...4....2.58.....9.2......7.94.518.....6..........952......7..3........69.7.	1.275..94....2.58..5..9.2......7.94.51894.7.6.4........952.7....7..3...9....69.7.	failures/top1465-1429.png	-	-	-
1430	Unique	Unique	false	29	40	NakedSingle,HiddenSingle,LockedCandidatesPointing,NakedQuad,NakedPair,UniqueRectangle,FinnedXWing	...7..58.5........4..9............54....31.....8...9.6..7.9.41...1.8.....6.....7.	.1.7..58.5......4.4..95..617..869154694531.2.1584729368.769541..41.87695965....7.	failures/top1465-1430.png	-	-	-
1431	Unique	Unique	false	49	16	NakedSingle,HiddenSingle,LockedCandidatesPointing,ClaimingBoxLineReduction,NakedTriple,FinnedSwordfish	...45..2.1.2.....4..9........7...31...12.59..........8.....7..6..8.9.1..39.1.....	...451.291.2.....4..9.....1..7...31...12.59.7...71...8.1...7.96..8.9.1.339.1.....	failures/top1465-1431.png	-	-	-
1432	Unique	Unique	true	0	66	NakedSingle,HiddenSingle,LockedCandidatesPointing,ClaimingBoxLineReduction,NakedPair,NakedQuad,UniqueRectangle	........934.........6924..........57.8...1...17.....2....26...3.....9..6...8..27.	528376419349518762716924835493682157682751394175493628851267943237149586964835271	-	-	-	-
1433	Unique	Unique	false	52	7	HiddenSingle,ClaimingBoxLineReduction,NakedQuad	.........17.6...3..8.7...599....47..3.2.1.......36....7..43...1.....9......1..8.4	.........17.6...3..8.7...599....47.33.2917.....736....7..43...1.....93.....1..8.4	failures/top1465-1433.png	-	-	-
1434	Unique	Unique	false	51	6	NakedSingle,HiddenSingle	.34...8.7.5.8....41....6..3..3....45...6.12.............832.7.....9.5.....5.....9	.34...8.7.5.8....418...65.3..3....45...6.12.8...........832475....9.5..2..5.....9	failures/top1465-1434.png	-	-	-
1435	Unique	Unique	false	43	21	HiddenSingle,LockedCandidatesPointing,NakedQuad,NakedSingle,FinnedXWing	.4....7.....7....1..5.21..6...8..9..6....2..3.3...5..83.164........5......6..82..	1435..7.2.6.7.4351..5321..6...83.9..6....2..3.3...5..832164.......253.....6..823.	failures/top1465-1435.png	-	-	-
1436	Unique	Unique	false	44	23	HiddenSingle,LockedCandidatesPointing,NakedQuad,NakedSingle,FinnedXWing	..9..25..13.......8..97..........61....6...4......8..2.......575.21.......6.8...9	..9..257.137...92.82597.36.......61....6..84......8792.......575.21..486..6.8..39	failures/top1465-1436.png	-	-	-
1437	Unique	Unique	true	0	63	HiddenSingle,LockedCandidatesPointing,NakedPair,NakedQuad,NakedSingle	.53.......21.8.3.......1.245.28......7.63..........9...6.75..38.........7..2.....	953472861421586379687391524592847613178639245346125987269754138814963752735218496	-	-	-	-
1438	Unique	Unique	false	42	24	NakedSingle,HiddenSingle,LockedCandidatesPointing,NakedPair	..74..5..6....2...............71.8..2.....1..3........5......3..4.9............26	.2743.56.6....23...3....2....67138.22.....1.33..2..6..562...93..439267..7..3..426	failures/top1465-1438.png	-	-	-
1439	Unique	Unique	false	43	23	NakedSingle,HiddenSingle,LockedCandidatesPointing,ClaimingBoxLineReduction,NakedPair,NakedTriple	..6........48...1........5..1..7..349..........5694......3.76...89.6.5.2....8....	..6........48...1...3....5.61..7.93494.....65.35694...4.13.76..389461572.6..8..4.	failures/top1465-1439.png	-	-	-
1440	Unique	Unique	false	51	11	NakedSingle,HiddenSingle,LockedCandidatesPointing,XWing	.6..1.3.2..8.........9....5.2..6....4.............2.713.7..94....5.........7.56..	.6..1.3.2..82........9....5.2..6....4..........6..2.713176294586.5.........7.561.	failures/top1465-1440.png	-	-	-
1441	Unique	Unique	true	0	70	HiddenSingle,LockedCandidatesPointing,NakedSingle,ClaimingBoxLineReduction	....8.7......9......9.4...34.8.....2.5..37....7...5.........61.19.........2..3..4	643582791827391465519746283438169572251837946976425138385274619194658327762913854	-	-	-	-
1442	Unique	Unique	false	37	29	HiddenSingle,LockedCandidatesPointing,ClaimingBoxLineReduction,NakedSingle,NakedTriple	.....45..6.47...9..1...8.4....59.....5....938..7...........23..1..4...567.6......	.7...45..6.47.5.9..1...8.4....59....451276938..784...5.4...23791..487256726359...	failures/top1465-1442.png	-	-	-
1443	Unique	Unique	false	51	11	HiddenSingle,LockedCandidatesPointing,ClaimingBoxLineReduction,NakedTriple	...7..35.6.1..9......38.....7..3............65.9..4.8..56...9.42.......53......1.	9..7..35.631..9...7.538.....7..3......3.....6569..4.83.56...9.42.......53......1.	failures/top1465-1443.png	-	-	-
1444	Unique	Unique	true	0	67	HiddenSingle,LockedCandidatesPointing,ClaimingBoxLineReduction,FinnedXWing,NakedTriple,NakedSingle	1....6.8..64..........4...7....9.6...7.4..5..5...7.1...5....32.3....8...4........	137926485964587231825341967241895673673412598589673142758164329396258714412739856	-	-	-	-
1445	Unique	Unique	false	46	21	HiddenSingle,LockedCandidatesPointing,ClaimingBoxLineReduction,FinnedXWing,FinnedSwordfish	.7......5.........24..5...3..97.5.....28..67......92...6...8.4.....9....9...1..2.	.7...2..5.9......224..5...36.9725..4.528.1679.....925..6.2.894..2..9....9...1..2.	failures/top1465-1445.png	-	-	-
1446	Unique	Unique	false	44	21	NakedSingle,HiddenSingle,NakedPair,ClaimingBoxLineReduction,FinnedXWing,LockedCandidatesPointing,FinnedSwordfish	.5..812.....5.......9...5.......3..8.1......9..8.9.41.4...3876.8.7.6.....3.......	.5..812.....5.......9...5..9...1365851.8..3.93.8.9541.4.5.3876.8.7.6..35.3..5....	failures/top1465-1446.png	-	-	-
1447	Unique	Unique	true	0	70	HiddenSingle,LockedCandidatesPointing,ClaimingBoxLineReduction,NakedTriple,NakedQuad,HiddenPair,NakedSingle	.9.....7..6.....9...1..8.......92..6...8..4...34.5..19....1....4.....1..5..38.9..	398245671265173894741968523157492386629831457834756219982614735473529168516387942	-	-	-	-
1448	Unique	Unique	false	58	5	HiddenSingle,LockedCandidatesPointing,HiddenTriple	....2...59..3.1...........9....7...26.4.........4.816..9.2.5...4.6.......1...78..	....2...59..3.1...........9....7...26.4..2......4.816..9.2.5...4.6.......1...78..	failures/top1465-1448.png	-	-	-
1449	Unique	Unique	true	0	71	HiddenSingle,LockedCandidatesPointing,NakedSingle,ClaimingBoxLineReduction	7.1....4....8.56..3.........8.6..5..1......3...........2....8.....47........1....	751926348249835671368147952483691527195782436672354189927563814516478293834219765	-	-	-	-
1450	Unique	Unique	true	0	61	HiddenSingle,LockedCandidatesPointing,ClaimingBoxLineReduction,NakedSingle	..4.81.7...3.749....2........5.2.1.....8.6.........4..4...6.51.......6....1..5.29	964381275853274961172659384785423196349816752216597438427968513598132647631745829	-	-	-	-
1451	Unique	Unique	false	45	20	NakedSingle,HiddenSingle,NakedQuad,LockedCandidatesPointing,FinnedXWing,ClaimingBoxLineReduction	....714.2.........2.7....3..4.19.25..8.......7....3.4...3..7...5.4....9.....2....	....714.24......7.2.7....3.346198257.8.7.....7....3.4...39.7.2.524..679..79.2....	failures/top1465-1451.png	-	-	-
1452	Unique	Unique	true	0	68	HiddenSingle,LockedCandidatesPointing,NakedTriple,NakedQuad,FinnedSwordfish,NakedSingle	9..4..3......89....3....5...81.7.........57...........5...371...9.2...8...6......	962451378175389642834762591481673259623895714759124863548937126397216485216548937	-	-	-	-
1453	Unique	Unique	true	0	75	HiddenSingle,LockedCandidatesPointing,ClaimingBoxLineReduction,NakedPair,NakedSingle,NakedQuad	27....1..1...........5.......53.8....3.4...........9....4....836...1........2....	278639145156247398349581627495368712731492856862175934914756283623814579587923461	-	-	-	-
1454	Unique	Unique	false	48	13	NakedSingle,HiddenSingle,LockedCandidatesPointing,ClaimingBoxLineReduction	......52....3.1..4.4..57.8.286................3.8..91...1....5..9.7..16..5.....7.	......527...3.1694.4..57381286...7.5...5......3.8..91...1....5..9.7.516..5.....7.	failures/top1465-1454.png	-	-	-
1455	Unique	Unique	false	55	4	HiddenSingle,LockedCandidatesPointing	....4...1...2.9..3.731.........8.62..6....83.8.......4.5..1..9.7.16....23.2......	....4...1...2.9..3.731.........8.62..6....83.8.......4.5..12.9.7.16....23.2......	failures/top1465-1455.png	-	-	-
1456	Unique	Unique	false	48	18	HiddenSingle,LockedCandidatesPointing,NakedPair,ClaimingBoxLineReduction,NakedSingle,FinnedXWing	....1...78....562...5..7....58.7..1...26...........7.6........14....38....3.9..5.	....1.5.78..9.562...5.671.8658.7..1...26....5......7.65.....3.14....38.9..3.9..5.	failures/top1465-1456.png	-	-	-
1457	Unique	Unique	true	0	69	HiddenSingle,LockedCandidatesPointing,NakedSingle,NakedTriple,HiddenPair,UniqueRectangle,FinnedSwordfish	..8....47.1.3..8....5.......5.6........2.9...83...4.9...6.8.1..7....2.......5...3	368921547417365829925847631259638714674219358831574296596483172783192465142756983	-	-	-	-
1458	Unique	Unique	true	0	75	HiddenSingle,LockedCandidatesPointing,NakedPair,NakedSingle	6..3..2....7....49.........32.6............871............47....5....3......9....	645389271237165849981724563328671495596432187174958632813247956759816324462593718	-	-	-	-
1459	Unique	Unique	true	0	64	NakedSingle,HiddenSingle,LockedCandidatesPointing,FinnedSwordfish,NakedTriple	1.7..259.4...8.7....2......54.1......8.7..6........94.....7.....65..94..3........	137462598456981732892357164543196287289743615671528943918274356765839421324615879	-	-	-	-
1460	Unique	Unique	true	0	65	HiddenSingle,LockedCandidatesPointing,NakedSingle	...6...34.....96.....4.89....395....4......2.6.7.....5..1.........5.1.9.....2.7..	982675134714239658365418972123954867458167329697382415241793586876541293539826741	-	-	-	-
1461	Unique	Unique	false	35	25	HiddenSingle,ClaimingBoxLineReduction,NakedSingle,LockedCandidatesPointing	...5...........9.1.5...4...6..4......73...8.4..2..6..3...7..6..9.....7.2..48.2.3.	31.5..4.....3..951.5..143..6.54..21.173...864..21.65.352.7..6..93.6..7.2764892135	failures/top1465-1461.png	-	-	-
1462	Unique	Unique	false	42	20	HiddenSingle,LockedCandidatesPointing,FinnedXWing,NakedSingle,FinnedSwordfish	.68..7......3...1....9.2.8...6.5.247.147..5..5........7.......4..5.9.........8.2.	368..7952...385.16.5.962.83..6.5.247.147..5..5........7..5...94..5.9..7.....78.25	failures/top1465-1462.png	-	-	-
1463	Unique	Unique	true	0	60	HiddenSingle,LockedCandidatesPointing,ClaimingBoxLineReduction,FinnedSwordfish,NakedSingle	....5...9.6.....3....3.941.3..6.....6..8.1..3.....5..7.315.7..4.5.....2.4...8....	123456789964718532587329416312674958675891243849235167231567894758943621496182375	-	-	-	-
1464	Unique	Unique	true	0	62	NakedSingle,LockedCandidatesPointing,ClaimingBoxLineReduction,HiddenSingle,FinnedXWing	412.3.....7.5.............43.4.98....59....2....2..9...6.78...384......1..7......	412837659978546132536129784324698517659471328781253946165782493843965271297314865	-	-	-	-
1465	Unique	Unique	true	0	61	HiddenSingle,LockedCandidatesPointing,NakedSingle	....7...1..6.....5......4...9....5..6.81.5..........8731..9....76..2....2..31...9	853479261946281375127653498492867513678135942531942687315794826769528134284316759	-	-	-	-
